timestamp,day_of_week,hour,location,count,capacity,percent
2026-04-26 22:15:06,Sun,22,RPAC 1st Floor Fitness Balcony,26,55,47.3
2026-04-26 22:15:06,Sun,22,RPAC 2nd Floor Cardio Loft,3,37,8.1
2026-04-26 22:15:06,Sun,22,RPAC Aquatic Center - Class Pool,0,32,0.0
2026-04-26 22:15:06,Sun,22,RPAC Aquatic Center - Comp Pool,0,25,0.0
2026-04-26 22:15:06,Sun,22,RPAC Aquatic Center - Hot Tub,0,15,0.0
2026-04-26 22:15:06,Sun,22,RPAC Aquatic Center - Lap Pool,0,24,0.0
2026-04-26 22:15:06,Sun,22,RPAC Aquatic Center - Leisure Pool,0,40,0.0
2026-04-26 22:15:06,Sun,22,RPAC Cardio Canyon,8,68,11.8
2026-04-26 22:15:06,Sun,22,RPAC North Gym,44,230,19.1
2026-04-26 22:15:06,Sun,22,RPAC South Gym,10,230,4.3
2026-04-26 22:15:06,Sun,22,RPAC TWD Gym Courts 1-2,1,241,0.4
2026-04-26 22:15:06,Sun,22,RPAC TWD Gym Courts 3 - 4,5,241,2.1
2026-04-26 22:15:06,Sun,22,RPAC Upper Gym Courts 1 - 2,27,241,11.2
2026-04-26 22:15:06,Sun,22,RPAC Upper Gym Courts 3 - 4 ,12,241,5.0
2026-04-26 22:15:06,Sun,22,RPAC Weight Floor,54,125,43.2
2026-04-26 23:25:06,Sun,23,RPAC 1st Floor Fitness Balcony,26,55,47.3
2026-04-26 23:25:06,Sun,23,RPAC 2nd Floor Cardio Loft,3,37,8.1
2026-04-26 23:25:06,Sun,23,RPAC Aquatic Center - Class Pool,0,32,0.0
2026-04-26 23:25:06,Sun,23,RPAC Aquatic Center - Comp Pool,0,25,0.0
2026-04-26 23:25:06,Sun,23,RPAC Aquatic Center - Hot Tub,0,15,0.0
2026-04-26 23:25:06,Sun,23,RPAC Aquatic Center - Lap Pool,0,24,0.0
2026-04-26 23:25:06,Sun,23,RPAC Aquatic Center - Leisure Pool,0,40,0.0
2026-04-26 23:25:06,Sun,23,RPAC Cardio Canyon,8,68,11.8
2026-04-26 23:25:06,Sun,23,RPAC North Gym,44,230,19.1
2026-04-26 23:25:06,Sun,23,RPAC South Gym,10,230,4.3
2026-04-26 23:25:06,Sun,23,RPAC TWD Gym Courts 1-2,1,241,0.4
2026-04-26 23:25:06,Sun,23,RPAC TWD Gym Courts 3 - 4,5,241,2.1
2026-04-26 23:25:06,Sun,23,RPAC Upper Gym Courts 1 - 2,27,241,11.2
2026-04-26 23:25:06,Sun,23,RPAC Upper Gym Courts 3 - 4 ,12,241,5.0
2026-04-26 23:25:06,Sun,23,RPAC Weight Floor,54,125,43.2
2026-04-27 00:40:24,Mon,0,RPAC 1st Floor Fitness Balcony,26,55,47.3
2026-04-27 00:40:24,Mon,0,RPAC 2nd Floor Cardio Loft,3,37,8.1
2026-04-27 00:40:24,Mon,0,RPAC Aquatic Center - Class Pool,0,32,0.0
2026-04-27 00:40:24,Mon,0,RPAC Aquatic Center - Comp Pool,0,25,0.0
2026-04-27 00:40:24,Mon,0,RPAC Aquatic Center - Hot Tub,0,15,0.0
2026-04-27 00:40:24,Mon,0,RPAC Aquatic Center - Lap Pool,0,24,0.0
2026-04-27 00:40:24,Mon,0,RPAC Aquatic Center - Leisure Pool,0,40,0.0
2026-04-27 00:40:24,Mon,0,RPAC Cardio Canyon,8,68,11.8
2026-04-27 00:40:24,Mon,0,RPAC North Gym,44,230,19.1
2026-04-27 00:40:24,Mon,0,RPAC South Gym,10,230,4.3
2026-04-27 00:40:24,Mon,0,RPAC TWD Gym Courts 1-2,1,241,0.4
2026-04-27 00:40:24,Mon,0,RPAC TWD Gym Courts 3 - 4,5,241,2.1
2026-04-27 00:40:24,Mon,0,RPAC Upper Gym Courts 1 - 2,27,241,11.2
2026-04-27 00:40:24,Mon,0,RPAC Upper Gym Courts 3 - 4 ,12,241,5.0
2026-04-27 00:40:24,Mon,0,RPAC Weight Floor,54,125,43.2
2026-04-27 01:43:20,Mon,1,RPAC 1st Floor Fitness Balcony,26,55,47.3
2026-04-27 01:43:20,Mon,1,RPAC 2nd Floor Cardio Loft,3,37,8.1
2026-04-27 01:43:20,Mon,1,RPAC Aquatic Center - Class Pool,0,32,0.0
2026-04-27 01:43:20,Mon,1,RPAC Aquatic Center - Comp Pool,0,25,0.0
2026-04-27 01:43:20,Mon,1,RPAC Aquatic Center - Hot Tub,0,15,0.0
2026-04-27 01:43:20,Mon,1,RPAC Aquatic Center - Lap Pool,0,24,0.0
2026-04-27 01:43:20,Mon,1,RPAC Aquatic Center - Leisure Pool,0,40,0.0
2026-04-27 01:43:20,Mon,1,RPAC Cardio Canyon,8,68,11.8
2026-04-27 01:43:20,Mon,1,RPAC North Gym,44,230,19.1
2026-04-27 01:43:20,Mon,1,RPAC South Gym,10,230,4.3
2026-04-27 01:43:20,Mon,1,RPAC TWD Gym Courts 1-2,1,241,0.4
2026-04-27 01:43:20,Mon,1,RPAC TWD Gym Courts 3 - 4,5,241,2.1
2026-04-27 01:43:20,Mon,1,RPAC Upper Gym Courts 1 - 2,27,241,11.2
2026-04-27 01:43:20,Mon,1,RPAC Upper Gym Courts 3 - 4 ,12,241,5.0
2026-04-27 01:43:20,Mon,1,RPAC Weight Floor,54,125,43.2
2026-04-27 02:40:02,Mon,2,RPAC 1st Floor Fitness Balcony,26,55,47.3
2026-04-27 02:40:02,Mon,2,RPAC 2nd Floor Cardio Loft,3,37,8.1
2026-04-27 02:40:02,Mon,2,RPAC Aquatic Center - Class Pool,0,32,0.0
2026-04-27 02:40:02,Mon,2,RPAC Aquatic Center - Comp Pool,0,25,0.0
2026-04-27 02:40:02,Mon,2,RPAC Aquatic Center - Hot Tub,0,15,0.0
2026-04-27 02:40:02,Mon,2,RPAC Aquatic Center - Lap Pool,0,24,0.0
2026-04-27 02:40:02,Mon,2,RPAC Aquatic Center - Leisure Pool,0,40,0.0
2026-04-27 02:40:02,Mon,2,RPAC Cardio Canyon,8,68,11.8
2026-04-27 02:40:02,Mon,2,RPAC North Gym,44,230,19.1
2026-04-27 02:40:02,Mon,2,RPAC South Gym,10,230,4.3
2026-04-27 02:40:02,Mon,2,RPAC TWD Gym Courts 1-2,1,241,0.4
2026-04-27 02:40:02,Mon,2,RPAC TWD Gym Courts 3 - 4,5,241,2.1
2026-04-27 02:40:02,Mon,2,RPAC Upper Gym Courts 1 - 2,27,241,11.2
2026-04-27 02:40:02,Mon,2,RPAC Upper Gym Courts 3 - 4 ,12,241,5.0
2026-04-27 02:40:02,Mon,2,RPAC Weight Floor,54,125,43.2
2026-04-27 03:38:48,Mon,3,RPAC 1st Floor Fitness Balcony,26,55,47.3
2026-04-27 03:38:48,Mon,3,RPAC 2nd Floor Cardio Loft,3,37,8.1
2026-04-27 03:38:48,Mon,3,RPAC Aquatic Center - Class Pool,0,32,0.0
2026-04-27 03:38:48,Mon,3,RPAC Aquatic Center - Comp Pool,0,25,0.0
2026-04-27 03:38:48,Mon,3,RPAC Aquatic Center - Hot Tub,0,15,0.0
2026-04-27 03:38:48,Mon,3,RPAC Aquatic Center - Lap Pool,0,24,0.0
2026-04-27 03:38:48,Mon,3,RPAC Aquatic Center - Leisure Pool,0,40,0.0
2026-04-27 03:38:48,Mon,3,RPAC Cardio Canyon,8,68,11.8
2026-04-27 03:38:48,Mon,3,RPAC North Gym,44,230,19.1
2026-04-27 03:38:48,Mon,3,RPAC South Gym,10,230,4.3
2026-04-27 03:38:48,Mon,3,RPAC TWD Gym Courts 1-2,1,241,0.4
2026-04-27 03:38:48,Mon,3,RPAC TWD Gym Courts 3 - 4,5,241,2.1
2026-04-27 03:38:48,Mon,3,RPAC Upper Gym Courts 1 - 2,27,241,11.2
2026-04-27 03:38:48,Mon,3,RPAC Upper Gym Courts 3 - 4 ,12,241,5.0
2026-04-27 03:38:48,Mon,3,RPAC Weight Floor,54,125,43.2
2026-04-27 04:39:07,Mon,4,RPAC 1st Floor Fitness Balcony,26,55,47.3
2026-04-27 04:39:07,Mon,4,RPAC 2nd Floor Cardio Loft,3,37,8.1
2026-04-27 04:39:07,Mon,4,RPAC Aquatic Center - Class Pool,0,32,0.0
2026-04-27 04:39:07,Mon,4,RPAC Aquatic Center - Comp Pool,0,25,0.0
2026-04-27 04:39:07,Mon,4,RPAC Aquatic Center - Hot Tub,0,15,0.0
2026-04-27 04:39:07,Mon,4,RPAC Aquatic Center - Lap Pool,0,24,0.0
2026-04-27 04:39:07,Mon,4,RPAC Aquatic Center - Leisure Pool,0,40,0.0
2026-04-27 04:39:07,Mon,4,RPAC Cardio Canyon,8,68,11.8
2026-04-27 04:39:07,Mon,4,RPAC North Gym,44,230,19.1
2026-04-27 04:39:07,Mon,4,RPAC South Gym,10,230,4.3
2026-04-27 04:39:07,Mon,4,RPAC TWD Gym Courts 1-2,1,241,0.4
2026-04-27 04:39:07,Mon,4,RPAC TWD Gym Courts 3 - 4,5,241,2.1
2026-04-27 04:39:07,Mon,4,RPAC Upper Gym Courts 1 - 2,27,241,11.2
2026-04-27 04:39:07,Mon,4,RPAC Upper Gym Courts 3 - 4 ,12,241,5.0
2026-04-27 04:39:07,Mon,4,RPAC Weight Floor,54,125,43.2
2026-04-27 05:31:44,Mon,5,RPAC 1st Floor Fitness Balcony,26,55,47.3
2026-04-27 05:31:44,Mon,5,RPAC 2nd Floor Cardio Loft,3,37,8.1
2026-04-27 05:31:44,Mon,5,RPAC Aquatic Center - Class Pool,0,32,0.0
2026-04-27 05:31:44,Mon,5,RPAC Aquatic Center - Comp Pool,0,25,0.0
2026-04-27 05:31:44,Mon,5,RPAC Aquatic Center - Hot Tub,0,15,0.0
2026-04-27 05:31:44,Mon,5,RPAC Aquatic Center - Lap Pool,0,24,0.0
2026-04-27 05:31:44,Mon,5,RPAC Aquatic Center - Leisure Pool,0,40,0.0
2026-04-27 05:31:44,Mon,5,RPAC Cardio Canyon,8,68,11.8
2026-04-27 05:31:44,Mon,5,RPAC North Gym,44,230,19.1
2026-04-27 05:31:44,Mon,5,RPAC South Gym,10,230,4.3
2026-04-27 05:31:44,Mon,5,RPAC TWD Gym Courts 1-2,1,241,0.4
2026-04-27 05:31:44,Mon,5,RPAC TWD Gym Courts 3 - 4,5,241,2.1
2026-04-27 05:31:44,Mon,5,RPAC Upper Gym Courts 1 - 2,27,241,11.2
2026-04-27 05:31:44,Mon,5,RPAC Upper Gym Courts 3 - 4 ,12,241,5.0
2026-04-27 05:31:44,Mon,5,RPAC Weight Floor,54,125,43.2
2026-04-27 06:28:26,Mon,6,RPAC 1st Floor Fitness Balcony,26,55,47.3
2026-04-27 06:28:26,Mon,6,RPAC 2nd Floor Cardio Loft,3,37,8.1
2026-04-27 06:28:26,Mon,6,RPAC Aquatic Center - Class Pool,2,32,6.2
2026-04-27 06:28:26,Mon,6,RPAC Aquatic Center - Comp Pool,0,25,0.0
2026-04-27 06:28:26,Mon,6,RPAC Aquatic Center - Hot Tub,0,15,0.0
2026-04-27 06:28:26,Mon,6,RPAC Aquatic Center - Lap Pool,4,24,16.7
2026-04-27 06:28:26,Mon,6,RPAC Aquatic Center - Leisure Pool,0,40,0.0
2026-04-27 06:28:26,Mon,6,RPAC Cardio Canyon,8,68,11.8
2026-04-27 06:28:26,Mon,6,RPAC North Gym,44,230,19.1
2026-04-27 06:28:26,Mon,6,RPAC South Gym,10,230,4.3
2026-04-27 06:28:26,Mon,6,RPAC TWD Gym Courts 1-2,1,241,0.4
2026-04-27 06:28:26,Mon,6,RPAC TWD Gym Courts 3 - 4,5,241,2.1
2026-04-27 06:28:26,Mon,6,RPAC Upper Gym Courts 1 - 2,27,241,11.2
2026-04-27 06:28:26,Mon,6,RPAC Upper Gym Courts 3 - 4 ,12,241,5.0
2026-04-27 06:28:26,Mon,6,RPAC Weight Floor,54,125,43.2
2026-04-27 07:16:52,Mon,7,RPAC 1st Floor Fitness Balcony,26,55,47.3
2026-04-27 07:16:52,Mon,7,RPAC 2nd Floor Cardio Loft,3,37,8.1
2026-04-27 07:16:52,Mon,7,RPAC Aquatic Center - Class Pool,0,32,0.0
2026-04-27 07:16:52,Mon,7,RPAC Aquatic Center - Comp Pool,0,25,0.0
2026-04-27 07:16:52,Mon,7,RPAC Aquatic Center - Hot Tub,0,15,0.0
2026-04-27 07:16:52,Mon,7,RPAC Aquatic Center - Lap Pool,3,24,12.5
2026-04-27 07:16:52,Mon,7,RPAC Aquatic Center - Leisure Pool,0,40,0.0
2026-04-27 07:16:52,Mon,7,RPAC Cardio Canyon,8,68,11.8
2026-04-27 07:16:52,Mon,7,RPAC North Gym,44,230,19.1
2026-04-27 07:16:52,Mon,7,RPAC South Gym,10,230,4.3
2026-04-27 07:16:52,Mon,7,RPAC TWD Gym Courts 1-2,1,241,0.4
2026-04-27 07:16:52,Mon,7,RPAC TWD Gym Courts 3 - 4,5,241,2.1
2026-04-27 07:16:52,Mon,7,RPAC Upper Gym Courts 1 - 2,27,241,11.2
2026-04-27 07:16:52,Mon,7,RPAC Upper Gym Courts 3 - 4 ,12,241,5.0
2026-04-27 07:16:52,Mon,7,RPAC Weight Floor,54,125,43.2
2026-04-27 08:04:53,Mon,8,RPAC 1st Floor Fitness Balcony,26,55,47.3
2026-04-27 08:04:53,Mon,8,RPAC 2nd Floor Cardio Loft,3,37,8.1
2026-04-27 08:04:53,Mon,8,RPAC Aquatic Center - Class Pool,2,32,6.2
2026-04-27 08:04:53,Mon,8,RPAC Aquatic Center - Comp Pool,0,25,0.0
2026-04-27 08:04:53,Mon,8,RPAC Aquatic Center - Hot Tub,0,15,0.0
2026-04-27 08:04:53,Mon,8,RPAC Aquatic Center - Lap Pool,4,24,16.7
2026-04-27 08:04:53,Mon,8,RPAC Aquatic Center - Leisure Pool,0,40,0.0
2026-04-27 08:04:53,Mon,8,RPAC Cardio Canyon,8,68,11.8
2026-04-27 08:04:53,Mon,8,RPAC North Gym,44,230,19.1
2026-04-27 08:04:53,Mon,8,RPAC South Gym,10,230,4.3
2026-04-27 08:04:53,Mon,8,RPAC TWD Gym Courts 1-2,1,241,0.4
2026-04-27 08:04:53,Mon,8,RPAC TWD Gym Courts 3 - 4,5,241,2.1
2026-04-27 08:04:53,Mon,8,RPAC Upper Gym Courts 1 - 2,27,241,11.2
2026-04-27 08:04:53,Mon,8,RPAC Upper Gym Courts 3 - 4 ,12,241,5.0
2026-04-27 08:04:53,Mon,8,RPAC Weight Floor,54,125,43.2
2026-04-27 08:51:42,Mon,8,RPAC 1st Floor Fitness Balcony,26,55,47.3
2026-04-27 08:51:42,Mon,8,RPAC 2nd Floor Cardio Loft,3,37,8.1
2026-04-27 08:51:42,Mon,8,RPAC Aquatic Center - Class Pool,1,32,3.1
2026-04-27 08:51:42,Mon,8,RPAC Aquatic Center - Comp Pool,0,25,0.0
2026-04-27 08:51:42,Mon,8,RPAC Aquatic Center - Hot Tub,2,15,13.3
2026-04-27 08:51:42,Mon,8,RPAC Aquatic Center - Lap Pool,4,24,16.7
2026-04-27 08:51:42,Mon,8,RPAC Aquatic Center - Leisure Pool,0,40,0.0
2026-04-27 08:51:42,Mon,8,RPAC Cardio Canyon,8,68,11.8
2026-04-27 08:51:42,Mon,8,RPAC North Gym,44,230,19.1
2026-04-27 08:51:42,Mon,8,RPAC South Gym,10,230,4.3
2026-04-27 08:51:42,Mon,8,RPAC TWD Gym Courts 1-2,1,241,0.4
2026-04-27 08:51:42,Mon,8,RPAC TWD Gym Courts 3 - 4,5,241,2.1
2026-04-27 08:51:42,Mon,8,RPAC Upper Gym Courts 1 - 2,27,241,11.2
2026-04-27 08:51:42,Mon,8,RPAC Upper Gym Courts 3 - 4 ,12,241,5.0
2026-04-27 08:51:42,Mon,8,RPAC Weight Floor,54,125,43.2
2026-04-27 09:38:46,Mon,9,RPAC 1st Floor Fitness Balcony,26,55,47.3
2026-04-27 09:38:46,Mon,9,RPAC 2nd Floor Cardio Loft,3,37,8.1
2026-04-27 09:38:46,Mon,9,RPAC Aquatic Center - Class Pool,4,32,12.5
2026-04-27 09:38:46,Mon,9,RPAC Aquatic Center - Comp Pool,0,25,0.0
2026-04-27 09:38:46,Mon,9,RPAC Aquatic Center - Hot Tub,4,15,26.7
2026-04-27 09:38:46,Mon,9,RPAC Aquatic Center - Lap Pool,4,24,16.7
2026-04-27 09:38:46,Mon,9,RPAC Aquatic Center - Leisure Pool,0,40,0.0
2026-04-27 09:38:46,Mon,9,RPAC Cardio Canyon,8,68,11.8
2026-04-27 09:38:46,Mon,9,RPAC North Gym,44,230,19.1
2026-04-27 09:38:46,Mon,9,RPAC South Gym,10,230,4.3
2026-04-27 09:38:46,Mon,9,RPAC TWD Gym Courts 1-2,1,241,0.4
2026-04-27 09:38:46,Mon,9,RPAC TWD Gym Courts 3 - 4,5,241,2.1
2026-04-27 09:38:46,Mon,9,RPAC Upper Gym Courts 1 - 2,27,241,11.2
2026-04-27 09:38:46,Mon,9,RPAC Upper Gym Courts 3 - 4 ,12,241,5.0
2026-04-27 09:38:46,Mon,9,RPAC Weight Floor,54,125,43.2
2026-04-27 10:30:20,Mon,10,RPAC 1st Floor Fitness Balcony,26,55,47.3
2026-04-27 10:30:20,Mon,10,RPAC 2nd Floor Cardio Loft,3,37,8.1
2026-04-27 10:30:20,Mon,10,RPAC Aquatic Center - Class Pool,0,32,0.0
2026-04-27 10:30:20,Mon,10,RPAC Aquatic Center - Comp Pool,0,25,0.0
2026-04-27 10:30:20,Mon,10,RPAC Aquatic Center - Hot Tub,0,15,0.0
2026-04-27 10:30:20,Mon,10,RPAC Aquatic Center - Lap Pool,7,24,29.2
2026-04-27 10:30:20,Mon,10,RPAC Aquatic Center - Leisure Pool,0,40,0.0
2026-04-27 10:30:20,Mon,10,RPAC Cardio Canyon,8,68,11.8
2026-04-27 10:30:20,Mon,10,RPAC North Gym,44,230,19.1
2026-04-27 10:30:20,Mon,10,RPAC South Gym,10,230,4.3
2026-04-27 10:30:20,Mon,10,RPAC TWD Gym Courts 1-2,1,241,0.4
2026-04-27 10:30:20,Mon,10,RPAC TWD Gym Courts 3 - 4,5,241,2.1
2026-04-27 10:30:20,Mon,10,RPAC Upper Gym Courts 1 - 2,27,241,11.2
2026-04-27 10:30:20,Mon,10,RPAC Upper Gym Courts 3 - 4 ,12,241,5.0
2026-04-27 10:30:20,Mon,10,RPAC Weight Floor,54,125,43.2
2026-04-27 11:25:12,Mon,11,RPAC 1st Floor Fitness Balcony,26,55,47.3
2026-04-27 11:25:12,Mon,11,RPAC 2nd Floor Cardio Loft,3,37,8.1
2026-04-27 11:25:12,Mon,11,RPAC Aquatic Center - Class Pool,4,32,12.5
2026-04-27 11:25:12,Mon,11,RPAC Aquatic Center - Comp Pool,1,25,4.0
2026-04-27 11:25:12,Mon,11,RPAC Aquatic Center - Hot Tub,0,15,0.0
2026-04-27 11:25:12,Mon,11,RPAC Aquatic Center - Lap Pool,5,24,20.8
2026-04-27 11:25:12,Mon,11,RPAC Aquatic Center - Leisure Pool,0,40,0.0
2026-04-27 11:25:12,Mon,11,RPAC Cardio Canyon,8,68,11.8
2026-04-27 11:25:12,Mon,11,RPAC North Gym,44,230,19.1
2026-04-27 11:25:12,Mon,11,RPAC South Gym,10,230,4.3
2026-04-27 11:25:12,Mon,11,RPAC TWD Gym Courts 1-2,1,241,0.4
2026-04-27 11:25:12,Mon,11,RPAC TWD Gym Courts 3 - 4,5,241,2.1
2026-04-27 11:25:12,Mon,11,RPAC Upper Gym Courts 1 - 2,27,241,11.2
2026-04-27 11:25:12,Mon,11,RPAC Upper Gym Courts 3 - 4 ,12,241,5.0
2026-04-27 11:25:12,Mon,11,RPAC Weight Floor,54,125,43.2
2026-04-27 12:05:24,Mon,12,RPAC 1st Floor Fitness Balcony,26,55,47.3
2026-04-27 12:05:24,Mon,12,RPAC 2nd Floor Cardio Loft,3,37,8.1
2026-04-27 12:05:24,Mon,12,RPAC Aquatic Center - Class Pool,4,32,12.5
2026-04-27 12:05:24,Mon,12,RPAC Aquatic Center - Comp Pool,1,25,4.0
2026-04-27 12:05:24,Mon,12,RPAC Aquatic Center - Hot Tub,0,15,0.0
2026-04-27 12:05:24,Mon,12,RPAC Aquatic Center - Lap Pool,4,24,16.7
2026-04-27 12:05:24,Mon,12,RPAC Aquatic Center - Leisure Pool,0,40,0.0
2026-04-27 12:05:24,Mon,12,RPAC Cardio Canyon,8,68,11.8
2026-04-27 12:05:24,Mon,12,RPAC North Gym,44,230,19.1
2026-04-27 12:05:24,Mon,12,RPAC South Gym,10,230,4.3
2026-04-27 12:05:24,Mon,12,RPAC TWD Gym Courts 1-2,1,241,0.4
2026-04-27 12:05:24,Mon,12,RPAC TWD Gym Courts 3 - 4,5,241,2.1
2026-04-27 12:05:24,Mon,12,RPAC Upper Gym Courts 1 - 2,27,241,11.2
2026-04-27 12:05:24,Mon,12,RPAC Upper Gym Courts 3 - 4 ,12,241,5.0
2026-04-27 12:05:24,Mon,12,RPAC Weight Floor,54,125,43.2
2026-04-27 12:51:46,Mon,12,RPAC 1st Floor Fitness Balcony,26,55,47.3
2026-04-27 12:51:46,Mon,12,RPAC 2nd Floor Cardio Loft,3,37,8.1
2026-04-27 12:51:46,Mon,12,RPAC Aquatic Center - Class Pool,2,32,6.2
2026-04-27 12:51:46,Mon,12,RPAC Aquatic Center - Comp Pool,0,25,0.0
2026-04-27 12:51:46,Mon,12,RPAC Aquatic Center - Hot Tub,0,15,0.0
2026-04-27 12:51:46,Mon,12,RPAC Aquatic Center - Lap Pool,3,24,12.5
2026-04-27 12:51:46,Mon,12,RPAC Aquatic Center - Leisure Pool,0,40,0.0
2026-04-27 12:51:46,Mon,12,RPAC Cardio Canyon,8,68,11.8
2026-04-27 12:51:46,Mon,12,RPAC North Gym,44,230,19.1
2026-04-27 12:51:46,Mon,12,RPAC South Gym,10,230,4.3
2026-04-27 12:51:46,Mon,12,RPAC TWD Gym Courts 1-2,1,241,0.4
2026-04-27 12:51:46,Mon,12,RPAC TWD Gym Courts 3 - 4,5,241,2.1
2026-04-27 12:51:46,Mon,12,RPAC Upper Gym Courts 1 - 2,27,241,11.2
2026-04-27 12:51:46,Mon,12,RPAC Upper Gym Courts 3 - 4 ,12,241,5.0
2026-04-27 12:51:46,Mon,12,RPAC Weight Floor,54,125,43.2
2026-04-27 13:34:25,Mon,13,RPAC 1st Floor Fitness Balcony,26,55,47.3
2026-04-27 13:34:25,Mon,13,RPAC 2nd Floor Cardio Loft,3,37,8.1
2026-04-27 13:34:25,Mon,13,RPAC Aquatic Center - Class Pool,1,32,3.1
2026-04-27 13:34:25,Mon,13,RPAC Aquatic Center - Comp Pool,0,25,0.0
2026-04-27 13:34:25,Mon,13,RPAC Aquatic Center - Hot Tub,0,15,0.0
2026-04-27 13:34:25,Mon,13,RPAC Aquatic Center - Lap Pool,4,24,16.7
2026-04-27 13:34:25,Mon,13,RPAC Aquatic Center - Leisure Pool,0,40,0.0
2026-04-27 13:34:25,Mon,13,RPAC Cardio Canyon,8,68,11.8
2026-04-27 13:34:25,Mon,13,RPAC North Gym,44,230,19.1
2026-04-27 13:34:25,Mon,13,RPAC South Gym,10,230,4.3
2026-04-27 13:34:25,Mon,13,RPAC TWD Gym Courts 1-2,1,241,0.4
2026-04-27 13:34:25,Mon,13,RPAC TWD Gym Courts 3 - 4,5,241,2.1
2026-04-27 13:34:25,Mon,13,RPAC Upper Gym Courts 1 - 2,27,241,11.2
2026-04-27 13:34:25,Mon,13,RPAC Upper Gym Courts 3 - 4 ,12,241,5.0
2026-04-27 13:34:25,Mon,13,RPAC Weight Floor,54,125,43.2
2026-04-27 14:10:08,Mon,14,RPAC 1st Floor Fitness Balcony,26,55,47.3
2026-04-27 14:10:08,Mon,14,RPAC 2nd Floor Cardio Loft,3,37,8.1
2026-04-27 14:10:08,Mon,14,RPAC Aquatic Center - Class Pool,5,32,15.6
2026-04-27 14:10:08,Mon,14,RPAC Aquatic Center - Comp Pool,0,25,0.0
2026-04-27 14:10:08,Mon,14,RPAC Aquatic Center - Hot Tub,0,15,0.0
2026-04-27 14:10:08,Mon,14,RPAC Aquatic Center - Lap Pool,1,24,4.2
2026-04-27 14:10:08,Mon,14,RPAC Aquatic Center - Leisure Pool,0,40,0.0
2026-04-27 14:10:08,Mon,14,RPAC Cardio Canyon,8,68,11.8
2026-04-27 14:10:08,Mon,14,RPAC North Gym,44,230,19.1
2026-04-27 14:10:08,Mon,14,RPAC South Gym,10,230,4.3
2026-04-27 14:10:08,Mon,14,RPAC TWD Gym Courts 1-2,1,241,0.4
2026-04-27 14:10:08,Mon,14,RPAC TWD Gym Courts 3 - 4,5,241,2.1
2026-04-27 14:10:08,Mon,14,RPAC Upper Gym Courts 1 - 2,27,241,11.2
2026-04-27 14:10:08,Mon,14,RPAC Upper Gym Courts 3 - 4 ,12,241,5.0
2026-04-27 14:10:08,Mon,14,RPAC Weight Floor,54,125,43.2
2026-04-27 14:45:02,Mon,14,RPAC 1st Floor Fitness Balcony,26,55,47.3
2026-04-27 14:45:02,Mon,14,RPAC 2nd Floor Cardio Loft,3,37,8.1
2026-04-27 14:45:02,Mon,14,RPAC Aquatic Center - Class Pool,3,32,9.4
2026-04-27 14:45:02,Mon,14,RPAC Aquatic Center - Comp Pool,0,25,0.0
2026-04-27 14:45:02,Mon,14,RPAC Aquatic Center - Hot Tub,0,15,0.0
2026-04-27 14:45:02,Mon,14,RPAC Aquatic Center - Lap Pool,4,24,16.7
2026-04-27 14:45:02,Mon,14,RPAC Aquatic Center - Leisure Pool,0,40,0.0
2026-04-27 14:45:02,Mon,14,RPAC Cardio Canyon,8,68,11.8
2026-04-27 14:45:02,Mon,14,RPAC North Gym,44,230,19.1
2026-04-27 14:45:02,Mon,14,RPAC South Gym,10,230,4.3
2026-04-27 14:45:02,Mon,14,RPAC TWD Gym Courts 1-2,1,241,0.4
2026-04-27 14:45:02,Mon,14,RPAC TWD Gym Courts 3 - 4,5,241,2.1
2026-04-27 14:45:02,Mon,14,RPAC Upper Gym Courts 1 - 2,27,241,11.2
2026-04-27 14:45:02,Mon,14,RPAC Upper Gym Courts 3 - 4 ,12,241,5.0
2026-04-27 14:45:02,Mon,14,RPAC Weight Floor,54,125,43.2
2026-04-27 15:18:25,Mon,15,RPAC 1st Floor Fitness Balcony,26,55,47.3
2026-04-27 15:18:25,Mon,15,RPAC 2nd Floor Cardio Loft,3,37,8.1
2026-04-27 15:18:25,Mon,15,RPAC Aquatic Center - Class Pool,2,32,6.2
2026-04-27 15:18:25,Mon,15,RPAC Aquatic Center - Comp Pool,0,25,0.0
2026-04-27 15:18:25,Mon,15,RPAC Aquatic Center - Hot Tub,0,15,0.0
2026-04-27 15:18:25,Mon,15,RPAC Aquatic Center - Lap Pool,2,24,8.3
2026-04-27 15:18:25,Mon,15,RPAC Aquatic Center - Leisure Pool,0,40,0.0
2026-04-27 15:18:25,Mon,15,RPAC Cardio Canyon,8,68,11.8
2026-04-27 15:18:25,Mon,15,RPAC North Gym,44,230,19.1
2026-04-27 15:18:25,Mon,15,RPAC South Gym,10,230,4.3
2026-04-27 15:18:25,Mon,15,RPAC TWD Gym Courts 1-2,1,241,0.4
2026-04-27 15:18:25,Mon,15,RPAC TWD Gym Courts 3 - 4,5,241,2.1
2026-04-27 15:18:25,Mon,15,RPAC Upper Gym Courts 1 - 2,27,241,11.2
2026-04-27 15:18:25,Mon,15,RPAC Upper Gym Courts 3 - 4 ,12,241,5.0
2026-04-27 15:18:25,Mon,15,RPAC Weight Floor,54,125,43.2
2026-04-27 15:57:26,Mon,15,RPAC 1st Floor Fitness Balcony,26,55,47.3
2026-04-27 15:57:26,Mon,15,RPAC 2nd Floor Cardio Loft,3,37,8.1
2026-04-27 15:57:26,Mon,15,RPAC Aquatic Center - Class Pool,4,32,12.5
2026-04-27 15:57:26,Mon,15,RPAC Aquatic Center - Comp Pool,0,25,0.0
2026-04-27 15:57:26,Mon,15,RPAC Aquatic Center - Hot Tub,0,15,0.0
2026-04-27 15:57:26,Mon,15,RPAC Aquatic Center - Lap Pool,5,24,20.8
2026-04-27 15:57:26,Mon,15,RPAC Aquatic Center - Leisure Pool,0,40,0.0
2026-04-27 15:57:26,Mon,15,RPAC Cardio Canyon,8,68,11.8
2026-04-27 15:57:26,Mon,15,RPAC North Gym,44,230,19.1
2026-04-27 15:57:26,Mon,15,RPAC South Gym,10,230,4.3
2026-04-27 15:57:26,Mon,15,RPAC TWD Gym Courts 1-2,1,241,0.4
2026-04-27 15:57:26,Mon,15,RPAC TWD Gym Courts 3 - 4,5,241,2.1
2026-04-27 15:57:26,Mon,15,RPAC Upper Gym Courts 1 - 2,27,241,11.2
2026-04-27 15:57:26,Mon,15,RPAC Upper Gym Courts 3 - 4 ,12,241,5.0
2026-04-27 15:57:26,Mon,15,RPAC Weight Floor,54,125,43.2
2026-04-27 16:34:10,Mon,16,RPAC 1st Floor Fitness Balcony,26,55,47.3
2026-04-27 16:34:10,Mon,16,RPAC 2nd Floor Cardio Loft,3,37,8.1
2026-04-27 16:34:10,Mon,16,RPAC Aquatic Center - Class Pool,7,32,21.9
2026-04-27 16:34:10,Mon,16,RPAC Aquatic Center - Comp Pool,0,25,0.0
2026-04-27 16:34:10,Mon,16,RPAC Aquatic Center - Hot Tub,0,15,0.0
2026-04-27 16:34:10,Mon,16,RPAC Aquatic Center - Lap Pool,9,24,37.5
2026-04-27 16:34:10,Mon,16,RPAC Aquatic Center - Leisure Pool,0,40,0.0
2026-04-27 16:34:10,Mon,16,RPAC Cardio Canyon,8,68,11.8
2026-04-27 16:34:10,Mon,16,RPAC North Gym,44,230,19.1
2026-04-27 16:34:10,Mon,16,RPAC South Gym,10,230,4.3
2026-04-27 16:34:10,Mon,16,RPAC TWD Gym Courts 1-2,1,241,0.4
2026-04-27 16:34:10,Mon,16,RPAC TWD Gym Courts 3 - 4,5,241,2.1
2026-04-27 16:34:10,Mon,16,RPAC Upper Gym Courts 1 - 2,27,241,11.2
2026-04-27 16:34:10,Mon,16,RPAC Upper Gym Courts 3 - 4 ,12,241,5.0
2026-04-27 16:34:10,Mon,16,RPAC Weight Floor,54,125,43.2
2026-04-27 17:09:42,Mon,17,RPAC 1st Floor Fitness Balcony,26,55,47.3
2026-04-27 17:09:42,Mon,17,RPAC 2nd Floor Cardio Loft,3,37,8.1
2026-04-27 17:09:42,Mon,17,RPAC Aquatic Center - Class Pool,7,32,21.9
2026-04-27 17:09:42,Mon,17,RPAC Aquatic Center - Comp Pool,0,25,0.0
2026-04-27 17:09:42,Mon,17,RPAC Aquatic Center - Hot Tub,0,15,0.0
2026-04-27 17:09:42,Mon,17,RPAC Aquatic Center - Lap Pool,9,24,37.5
2026-04-27 17:09:42,Mon,17,RPAC Aquatic Center - Leisure Pool,0,40,0.0
2026-04-27 17:09:42,Mon,17,RPAC Cardio Canyon,8,68,11.8
2026-04-27 17:09:42,Mon,17,RPAC North Gym,44,230,19.1
2026-04-27 17:09:42,Mon,17,RPAC South Gym,10,230,4.3
2026-04-27 17:09:42,Mon,17,RPAC TWD Gym Courts 1-2,1,241,0.4
2026-04-27 17:09:42,Mon,17,RPAC TWD Gym Courts 3 - 4,5,241,2.1
2026-04-27 17:09:42,Mon,17,RPAC Upper Gym Courts 1 - 2,27,241,11.2
2026-04-27 17:09:42,Mon,17,RPAC Upper Gym Courts 3 - 4 ,12,241,5.0
2026-04-27 17:09:42,Mon,17,RPAC Weight Floor,54,125,43.2
2026-04-27 17:37:01,Mon,17,RPAC 1st Floor Fitness Balcony,26,55,47.3
2026-04-27 17:37:01,Mon,17,RPAC 2nd Floor Cardio Loft,3,37,8.1
2026-04-27 17:37:01,Mon,17,RPAC Aquatic Center - Class Pool,6,32,18.8
2026-04-27 17:37:01,Mon,17,RPAC Aquatic Center - Comp Pool,0,25,0.0
2026-04-27 17:37:01,Mon,17,RPAC Aquatic Center - Hot Tub,0,15,0.0
2026-04-27 17:37:01,Mon,17,RPAC Aquatic Center - Lap Pool,6,24,25.0
2026-04-27 17:37:01,Mon,17,RPAC Aquatic Center - Leisure Pool,0,40,0.0
2026-04-27 17:37:01,Mon,17,RPAC Cardio Canyon,8,68,11.8
2026-04-27 17:37:01,Mon,17,RPAC North Gym,44,230,19.1
2026-04-27 17:37:01,Mon,17,RPAC South Gym,10,230,4.3
2026-04-27 17:37:01,Mon,17,RPAC TWD Gym Courts 1-2,1,241,0.4
2026-04-27 17:37:01,Mon,17,RPAC TWD Gym Courts 3 - 4,5,241,2.1
2026-04-27 17:37:01,Mon,17,RPAC Upper Gym Courts 1 - 2,27,241,11.2
2026-04-27 17:37:01,Mon,17,RPAC Upper Gym Courts 3 - 4 ,12,241,5.0
2026-04-27 17:37:01,Mon,17,RPAC Weight Floor,54,125,43.2
2026-04-27 18:05:02,Mon,18,RPAC 1st Floor Fitness Balcony,26,55,47.3
2026-04-27 18:05:02,Mon,18,RPAC 2nd Floor Cardio Loft,3,37,8.1
2026-04-27 18:05:02,Mon,18,RPAC Aquatic Center - Class Pool,6,32,18.8
2026-04-27 18:05:02,Mon,18,RPAC Aquatic Center - Comp Pool,0,25,0.0
2026-04-27 18:05:02,Mon,18,RPAC Aquatic Center - Hot Tub,0,15,0.0
2026-04-27 18:05:02,Mon,18,RPAC Aquatic Center - Lap Pool,6,24,25.0
2026-04-27 18:05:02,Mon,18,RPAC Aquatic Center - Leisure Pool,0,40,0.0
2026-04-27 18:05:02,Mon,18,RPAC Cardio Canyon,8,68,11.8
2026-04-27 18:05:02,Mon,18,RPAC North Gym,44,230,19.1
2026-04-27 18:05:02,Mon,18,RPAC South Gym,10,230,4.3
2026-04-27 18:05:02,Mon,18,RPAC TWD Gym Courts 1-2,1,241,0.4
2026-04-27 18:05:02,Mon,18,RPAC TWD Gym Courts 3 - 4,5,241,2.1
2026-04-27 18:05:02,Mon,18,RPAC Upper Gym Courts 1 - 2,27,241,11.2
2026-04-27 18:05:02,Mon,18,RPAC Upper Gym Courts 3 - 4 ,12,241,5.0
2026-04-27 18:05:02,Mon,18,RPAC Weight Floor,54,125,43.2
2026-04-27 18:33:31,Mon,18,RPAC 1st Floor Fitness Balcony,26,55,47.3
2026-04-27 18:33:31,Mon,18,RPAC 2nd Floor Cardio Loft,3,37,8.1
2026-04-27 18:33:31,Mon,18,RPAC Aquatic Center - Class Pool,9,32,28.1
2026-04-27 18:33:31,Mon,18,RPAC Aquatic Center - Comp Pool,0,25,0.0
2026-04-27 18:33:31,Mon,18,RPAC Aquatic Center - Hot Tub,0,15,0.0
2026-04-27 18:33:31,Mon,18,RPAC Aquatic Center - Lap Pool,7,24,29.2
2026-04-27 18:33:31,Mon,18,RPAC Aquatic Center - Leisure Pool,7,40,17.5
2026-04-27 18:33:31,Mon,18,RPAC Cardio Canyon,8,68,11.8
2026-04-27 18:33:31,Mon,18,RPAC North Gym,44,230,19.1
2026-04-27 18:33:31,Mon,18,RPAC South Gym,10,230,4.3
2026-04-27 18:33:31,Mon,18,RPAC TWD Gym Courts 1-2,1,241,0.4
2026-04-27 18:33:31,Mon,18,RPAC TWD Gym Courts 3 - 4,5,241,2.1
2026-04-27 18:33:31,Mon,18,RPAC Upper Gym Courts 1 - 2,27,241,11.2
2026-04-27 18:33:31,Mon,18,RPAC Upper Gym Courts 3 - 4 ,12,241,5.0
2026-04-27 18:33:31,Mon,18,RPAC Weight Floor,54,125,43.2
2026-04-27 19:06:26,Mon,19,RPAC 1st Floor Fitness Balcony,26,55,47.3
2026-04-27 19:06:26,Mon,19,RPAC 2nd Floor Cardio Loft,3,37,8.1
2026-04-27 19:06:26,Mon,19,RPAC Aquatic Center - Class Pool,15,32,46.9
2026-04-27 19:06:26,Mon,19,RPAC Aquatic Center - Comp Pool,5,25,20.0
2026-04-27 19:06:26,Mon,19,RPAC Aquatic Center - Hot Tub,0,15,0.0
2026-04-27 19:06:26,Mon,19,RPAC Aquatic Center - Lap Pool,5,24,20.8
2026-04-27 19:06:26,Mon,19,RPAC Aquatic Center - Leisure Pool,8,40,20.0
2026-04-27 19:06:26,Mon,19,RPAC Cardio Canyon,8,68,11.8
2026-04-27 19:06:26,Mon,19,RPAC North Gym,44,230,19.1
2026-04-27 19:06:26,Mon,19,RPAC South Gym,10,230,4.3
2026-04-27 19:06:26,Mon,19,RPAC TWD Gym Courts 1-2,1,241,0.4
2026-04-27 19:06:26,Mon,19,RPAC TWD Gym Courts 3 - 4,5,241,2.1
2026-04-27 19:06:26,Mon,19,RPAC Upper Gym Courts 1 - 2,27,241,11.2
2026-04-27 19:06:26,Mon,19,RPAC Upper Gym Courts 3 - 4 ,12,241,5.0
2026-04-27 19:06:26,Mon,19,RPAC Weight Floor,54,125,43.2
2026-04-27 19:15:50,Mon,19,RPAC 1st Floor Fitness Balcony,26,55,47.3
2026-04-27 19:15:50,Mon,19,RPAC 2nd Floor Cardio Loft,3,37,8.1
2026-04-27 19:15:50,Mon,19,RPAC Aquatic Center - Class Pool,15,32,46.9
2026-04-27 19:15:50,Mon,19,RPAC Aquatic Center - Comp Pool,5,25,20.0
2026-04-27 19:15:50,Mon,19,RPAC Aquatic Center - Hot Tub,0,15,0.0
2026-04-27 19:15:50,Mon,19,RPAC Aquatic Center - Lap Pool,5,24,20.8
2026-04-27 19:15:50,Mon,19,RPAC Aquatic Center - Leisure Pool,8,40,20.0
2026-04-27 19:15:50,Mon,19,RPAC Cardio Canyon,8,68,11.8
2026-04-27 19:15:50,Mon,19,RPAC North Gym,44,230,19.1
2026-04-27 19:15:50,Mon,19,RPAC South Gym,10,230,4.3
2026-04-27 19:15:50,Mon,19,RPAC TWD Gym Courts 1-2,1,241,0.4
2026-04-27 19:15:50,Mon,19,RPAC TWD Gym Courts 3 - 4,5,241,2.1
2026-04-27 19:15:50,Mon,19,RPAC Upper Gym Courts 1 - 2,27,241,11.2
2026-04-27 19:15:50,Mon,19,RPAC Upper Gym Courts 3 - 4 ,12,241,5.0
2026-04-27 19:15:50,Mon,19,RPAC Weight Floor,54,125,43.2
2026-04-27 19:18:44,Mon,19,RPAC 1st Floor Fitness Balcony,26,55,47.3
2026-04-27 19:18:44,Mon,19,RPAC 2nd Floor Cardio Loft,3,37,8.1
2026-04-27 19:18:44,Mon,19,RPAC Aquatic Center - Class Pool,15,32,46.9
2026-04-27 19:18:44,Mon,19,RPAC Aquatic Center - Comp Pool,5,25,20.0
2026-04-27 19:18:44,Mon,19,RPAC Aquatic Center - Hot Tub,0,15,0.0
2026-04-27 19:18:44,Mon,19,RPAC Aquatic Center - Lap Pool,5,24,20.8
2026-04-27 19:18:44,Mon,19,RPAC Aquatic Center - Leisure Pool,8,40,20.0
2026-04-27 19:18:44,Mon,19,RPAC Cardio Canyon,8,68,11.8
2026-04-27 19:18:44,Mon,19,RPAC North Gym,44,230,19.1
2026-04-27 19:18:44,Mon,19,RPAC South Gym,10,230,4.3
2026-04-27 19:18:44,Mon,19,RPAC TWD Gym Courts 1-2,1,241,0.4
2026-04-27 19:18:44,Mon,19,RPAC TWD Gym Courts 3 - 4,5,241,2.1
2026-04-27 19:18:44,Mon,19,RPAC Upper Gym Courts 1 - 2,27,241,11.2
2026-04-27 19:18:44,Mon,19,RPAC Upper Gym Courts 3 - 4 ,12,241,5.0
2026-04-27 19:18:44,Mon,19,RPAC Weight Floor,54,125,43.2
2026-04-27 19:35:12,Mon,19,RPAC 1st Floor Fitness Balcony,26,55,47.3
2026-04-27 19:35:12,Mon,19,RPAC 2nd Floor Cardio Loft,3,37,8.1
2026-04-27 19:35:12,Mon,19,RPAC Aquatic Center - Class Pool,5,32,15.6
2026-04-27 19:35:12,Mon,19,RPAC Aquatic Center - Comp Pool,0,25,0.0
2026-04-27 19:35:12,Mon,19,RPAC Aquatic Center - Hot Tub,0,15,0.0
2026-04-27 19:35:12,Mon,19,RPAC Aquatic Center - Lap Pool,3,24,12.5
2026-04-27 19:35:12,Mon,19,RPAC Aquatic Center - Leisure Pool,6,40,15.0
2026-04-27 19:35:12,Mon,19,RPAC Cardio Canyon,8,68,11.8
2026-04-27 19:35:12,Mon,19,RPAC North Gym,44,230,19.1
2026-04-27 19:35:12,Mon,19,RPAC South Gym,10,230,4.3
2026-04-27 19:35:12,Mon,19,RPAC TWD Gym Courts 1-2,1,241,0.4
2026-04-27 19:35:12,Mon,19,RPAC TWD Gym Courts 3 - 4,5,241,2.1
2026-04-27 19:35:12,Mon,19,RPAC Upper Gym Courts 1 - 2,27,241,11.2
2026-04-27 19:35:12,Mon,19,RPAC Upper Gym Courts 3 - 4 ,12,241,5.0
2026-04-27 19:35:12,Mon,19,RPAC Weight Floor,54,125,43.2
2026-04-27 20:04:45,Mon,20,RPAC 1st Floor Fitness Balcony,26,55,47.3
2026-04-27 20:04:45,Mon,20,RPAC 2nd Floor Cardio Loft,3,37,8.1
2026-04-27 20:04:45,Mon,20,RPAC Aquatic Center - Class Pool,6,32,18.8
2026-04-27 20:04:45,Mon,20,RPAC Aquatic Center - Comp Pool,0,25,0.0
2026-04-27 20:04:45,Mon,20,RPAC Aquatic Center - Hot Tub,0,15,0.0
2026-04-27 20:04:45,Mon,20,RPAC Aquatic Center - Lap Pool,10,24,41.7
2026-04-27 20:04:45,Mon,20,RPAC Aquatic Center - Leisure Pool,13,40,32.5
2026-04-27 20:04:45,Mon,20,RPAC Cardio Canyon,8,68,11.8
2026-04-27 20:04:45,Mon,20,RPAC North Gym,44,230,19.1
2026-04-27 20:04:45,Mon,20,RPAC South Gym,10,230,4.3
2026-04-27 20:04:45,Mon,20,RPAC TWD Gym Courts 1-2,1,241,0.4
2026-04-27 20:04:45,Mon,20,RPAC TWD Gym Courts 3 - 4,5,241,2.1
2026-04-27 20:04:45,Mon,20,RPAC Upper Gym Courts 1 - 2,27,241,11.2
2026-04-27 20:04:45,Mon,20,RPAC Upper Gym Courts 3 - 4 ,12,241,5.0
2026-04-27 20:04:45,Mon,20,RPAC Weight Floor,54,125,43.2
2026-04-27 21:09:42,Mon,21,RPAC 1st Floor Fitness Balcony,26,55,47.3
2026-04-27 21:09:42,Mon,21,RPAC 2nd Floor Cardio Loft,3,37,8.1
2026-04-27 21:09:42,Mon,21,RPAC Aquatic Center - Class Pool,0,32,0.0
2026-04-27 21:09:42,Mon,21,RPAC Aquatic Center - Comp Pool,0,25,0.0
2026-04-27 21:09:42,Mon,21,RPAC Aquatic Center - Hot Tub,0,15,0.0
2026-04-27 21:09:42,Mon,21,RPAC Aquatic Center - Lap Pool,5,24,20.8
2026-04-27 21:09:42,Mon,21,RPAC Aquatic Center - Leisure Pool,26,40,65.0
2026-04-27 21:09:42,Mon,21,RPAC Cardio Canyon,8,68,11.8
2026-04-27 21:09:42,Mon,21,RPAC North Gym,44,230,19.1
2026-04-27 21:09:42,Mon,21,RPAC South Gym,10,230,4.3
2026-04-27 21:09:42,Mon,21,RPAC TWD Gym Courts 1-2,1,241,0.4
2026-04-27 21:09:42,Mon,21,RPAC TWD Gym Courts 3 - 4,5,241,2.1
2026-04-27 21:09:42,Mon,21,RPAC Upper Gym Courts 1 - 2,27,241,11.2
2026-04-27 21:09:42,Mon,21,RPAC Upper Gym Courts 3 - 4 ,12,241,5.0
2026-04-27 21:09:42,Mon,21,RPAC Weight Floor,54,125,43.2
2026-04-27 21:57:37,Mon,21,RPAC 1st Floor Fitness Balcony,26,55,47.3
2026-04-27 21:57:37,Mon,21,RPAC 2nd Floor Cardio Loft,3,37,8.1
2026-04-27 21:57:37,Mon,21,RPAC Aquatic Center - Class Pool,0,32,0.0
2026-04-27 21:57:37,Mon,21,RPAC Aquatic Center - Comp Pool,0,25,0.0
2026-04-27 21:57:37,Mon,21,RPAC Aquatic Center - Hot Tub,0,15,0.0
2026-04-27 21:57:37,Mon,21,RPAC Aquatic Center - Lap Pool,5,24,20.8
2026-04-27 21:57:37,Mon,21,RPAC Aquatic Center - Leisure Pool,26,40,65.0
2026-04-27 21:57:37,Mon,21,RPAC Cardio Canyon,8,68,11.8
2026-04-27 21:57:37,Mon,21,RPAC North Gym,44,230,19.1
2026-04-27 21:57:37,Mon,21,RPAC South Gym,10,230,4.3
2026-04-27 21:57:37,Mon,21,RPAC TWD Gym Courts 1-2,1,241,0.4
2026-04-27 21:57:37,Mon,21,RPAC TWD Gym Courts 3 - 4,5,241,2.1
2026-04-27 21:57:37,Mon,21,RPAC Upper Gym Courts 1 - 2,27,241,11.2
2026-04-27 21:57:37,Mon,21,RPAC Upper Gym Courts 3 - 4 ,12,241,5.0
2026-04-27 21:57:37,Mon,21,RPAC Weight Floor,54,125,43.2
2026-04-27 23:18:43,Mon,23,RPAC 1st Floor Fitness Balcony,26,55,47.3
2026-04-27 23:18:43,Mon,23,RPAC 2nd Floor Cardio Loft,3,37,8.1
2026-04-27 23:18:43,Mon,23,RPAC Aquatic Center - Class Pool,0,32,0.0
2026-04-27 23:18:43,Mon,23,RPAC Aquatic Center - Comp Pool,0,25,0.0
2026-04-27 23:18:43,Mon,23,RPAC Aquatic Center - Hot Tub,0,15,0.0
2026-04-27 23:18:43,Mon,23,RPAC Aquatic Center - Lap Pool,0,24,0.0
2026-04-27 23:18:43,Mon,23,RPAC Aquatic Center - Leisure Pool,0,40,0.0
2026-04-27 23:18:43,Mon,23,RPAC Cardio Canyon,8,68,11.8
2026-04-27 23:18:43,Mon,23,RPAC North Gym,44,230,19.1
2026-04-27 23:18:43,Mon,23,RPAC South Gym,10,230,4.3
2026-04-27 23:18:43,Mon,23,RPAC TWD Gym Courts 1-2,1,241,0.4
2026-04-27 23:18:43,Mon,23,RPAC TWD Gym Courts 3 - 4,5,241,2.1
2026-04-27 23:18:43,Mon,23,RPAC Upper Gym Courts 1 - 2,27,241,11.2
2026-04-27 23:18:43,Mon,23,RPAC Upper Gym Courts 3 - 4 ,12,241,5.0
2026-04-27 23:18:43,Mon,23,RPAC Weight Floor,54,125,43.2
2026-04-28 00:43:43,Tue,0,RPAC 1st Floor Fitness Balcony,26,55,47.3
2026-04-28 00:43:43,Tue,0,RPAC 2nd Floor Cardio Loft,3,37,8.1
2026-04-28 00:43:43,Tue,0,RPAC Aquatic Center - Class Pool,0,32,0.0
2026-04-28 00:43:43,Tue,0,RPAC Aquatic Center - Comp Pool,0,25,0.0
2026-04-28 00:43:43,Tue,0,RPAC Aquatic Center - Hot Tub,0,15,0.0
2026-04-28 00:43:43,Tue,0,RPAC Aquatic Center - Lap Pool,0,24,0.0
2026-04-28 00:43:43,Tue,0,RPAC Aquatic Center - Leisure Pool,0,40,0.0
2026-04-28 00:43:43,Tue,0,RPAC Cardio Canyon,8,68,11.8
2026-04-28 00:43:43,Tue,0,RPAC North Gym,44,230,19.1
2026-04-28 00:43:43,Tue,0,RPAC South Gym,10,230,4.3
2026-04-28 00:43:43,Tue,0,RPAC TWD Gym Courts 1-2,1,241,0.4
2026-04-28 00:43:43,Tue,0,RPAC TWD Gym Courts 3 - 4,5,241,2.1
2026-04-28 00:43:43,Tue,0,RPAC Upper Gym Courts 1 - 2,27,241,11.2
2026-04-28 00:43:43,Tue,0,RPAC Upper Gym Courts 3 - 4 ,12,241,5.0
2026-04-28 00:43:43,Tue,0,RPAC Weight Floor,54,125,43.2
2026-04-28 01:48:03,Tue,1,RPAC 1st Floor Fitness Balcony,26,55,47.3
2026-04-28 01:48:03,Tue,1,RPAC 2nd Floor Cardio Loft,3,37,8.1
2026-04-28 01:48:03,Tue,1,RPAC Aquatic Center - Class Pool,0,32,0.0
2026-04-28 01:48:03,Tue,1,RPAC Aquatic Center - Comp Pool,0,25,0.0
2026-04-28 01:48:03,Tue,1,RPAC Aquatic Center - Hot Tub,0,15,0.0
2026-04-28 01:48:03,Tue,1,RPAC Aquatic Center - Lap Pool,0,24,0.0
2026-04-28 01:48:03,Tue,1,RPAC Aquatic Center - Leisure Pool,0,40,0.0
2026-04-28 01:48:03,Tue,1,RPAC Cardio Canyon,8,68,11.8
2026-04-28 01:48:03,Tue,1,RPAC North Gym,44,230,19.1
2026-04-28 01:48:03,Tue,1,RPAC South Gym,10,230,4.3
2026-04-28 01:48:03,Tue,1,RPAC TWD Gym Courts 1-2,1,241,0.4
2026-04-28 01:48:03,Tue,1,RPAC TWD Gym Courts 3 - 4,5,241,2.1
2026-04-28 01:48:03,Tue,1,RPAC Upper Gym Courts 1 - 2,27,241,11.2
2026-04-28 01:48:03,Tue,1,RPAC Upper Gym Courts 3 - 4 ,12,241,5.0
2026-04-28 01:48:03,Tue,1,RPAC Weight Floor,54,125,43.2
2026-04-28 02:50:59,Tue,2,RPAC 1st Floor Fitness Balcony,26,55,47.3
2026-04-28 02:50:59,Tue,2,RPAC 2nd Floor Cardio Loft,3,37,8.1
2026-04-28 02:50:59,Tue,2,RPAC Aquatic Center - Class Pool,0,32,0.0
2026-04-28 02:50:59,Tue,2,RPAC Aquatic Center - Comp Pool,0,25,0.0
2026-04-28 02:50:59,Tue,2,RPAC Aquatic Center - Hot Tub,0,15,0.0
2026-04-28 02:50:59,Tue,2,RPAC Aquatic Center - Lap Pool,0,24,0.0
2026-04-28 02:50:59,Tue,2,RPAC Aquatic Center - Leisure Pool,0,40,0.0
2026-04-28 02:50:59,Tue,2,RPAC Cardio Canyon,8,68,11.8
2026-04-28 02:50:59,Tue,2,RPAC North Gym,44,230,19.1
2026-04-28 02:50:59,Tue,2,RPAC South Gym,10,230,4.3
2026-04-28 02:50:59,Tue,2,RPAC TWD Gym Courts 1-2,1,241,0.4
2026-04-28 02:50:59,Tue,2,RPAC TWD Gym Courts 3 - 4,5,241,2.1
2026-04-28 02:50:59,Tue,2,RPAC Upper Gym Courts 1 - 2,27,241,11.2
2026-04-28 02:50:59,Tue,2,RPAC Upper Gym Courts 3 - 4 ,12,241,5.0
2026-04-28 02:50:59,Tue,2,RPAC Weight Floor,54,125,43.2
2026-04-28 03:02:26,Tue,3,RPAC 1st Floor Fitness Balcony,26,55,47.3
2026-04-28 03:02:26,Tue,3,RPAC 2nd Floor Cardio Loft,3,37,8.1
2026-04-28 03:02:26,Tue,3,RPAC Aquatic Center - Class Pool,0,32,0.0
2026-04-28 03:02:26,Tue,3,RPAC Aquatic Center - Comp Pool,0,25,0.0
2026-04-28 03:02:26,Tue,3,RPAC Aquatic Center - Hot Tub,0,15,0.0
2026-04-28 03:02:26,Tue,3,RPAC Aquatic Center - Lap Pool,0,24,0.0
2026-04-28 03:02:26,Tue,3,RPAC Aquatic Center - Leisure Pool,0,40,0.0
2026-04-28 03:02:26,Tue,3,RPAC Cardio Canyon,8,68,11.8
2026-04-28 03:02:26,Tue,3,RPAC North Gym,44,230,19.1
2026-04-28 03:02:26,Tue,3,RPAC South Gym,10,230,4.3
2026-04-28 03:02:26,Tue,3,RPAC TWD Gym Courts 1-2,1,241,0.4
2026-04-28 03:02:26,Tue,3,RPAC TWD Gym Courts 3 - 4,5,241,2.1
2026-04-28 03:02:26,Tue,3,RPAC Upper Gym Courts 1 - 2,27,241,11.2
2026-04-28 03:02:26,Tue,3,RPAC Upper Gym Courts 3 - 4 ,12,241,5.0
2026-04-28 03:02:26,Tue,3,RPAC Weight Floor,54,125,43.2
2026-04-28 03:58:14,Tue,3,RPAC 1st Floor Fitness Balcony,26,55,47.3
2026-04-28 03:58:14,Tue,3,RPAC 2nd Floor Cardio Loft,3,37,8.1
2026-04-28 03:58:14,Tue,3,RPAC Aquatic Center - Class Pool,0,32,0.0
2026-04-28 03:58:14,Tue,3,RPAC Aquatic Center - Comp Pool,0,25,0.0
2026-04-28 03:58:14,Tue,3,RPAC Aquatic Center - Hot Tub,0,15,0.0
2026-04-28 03:58:14,Tue,3,RPAC Aquatic Center - Lap Pool,0,24,0.0
2026-04-28 03:58:14,Tue,3,RPAC Aquatic Center - Leisure Pool,0,40,0.0
2026-04-28 03:58:14,Tue,3,RPAC Cardio Canyon,8,68,11.8
2026-04-28 03:58:14,Tue,3,RPAC North Gym,44,230,19.1
2026-04-28 03:58:14,Tue,3,RPAC South Gym,10,230,4.3
2026-04-28 03:58:14,Tue,3,RPAC TWD Gym Courts 1-2,1,241,0.4
2026-04-28 03:58:14,Tue,3,RPAC TWD Gym Courts 3 - 4,5,241,2.1
2026-04-28 03:58:14,Tue,3,RPAC Upper Gym Courts 1 - 2,27,241,11.2
2026-04-28 03:58:14,Tue,3,RPAC Upper Gym Courts 3 - 4 ,12,241,5.0
2026-04-28 03:58:14,Tue,3,RPAC Weight Floor,54,125,43.2
2026-04-28 05:01:32,Tue,5,RPAC 1st Floor Fitness Balcony,26,55,47.3
2026-04-28 05:01:32,Tue,5,RPAC 2nd Floor Cardio Loft,3,37,8.1
2026-04-28 05:01:32,Tue,5,RPAC Aquatic Center - Class Pool,0,32,0.0
2026-04-28 05:01:32,Tue,5,RPAC Aquatic Center - Comp Pool,0,25,0.0
2026-04-28 05:01:32,Tue,5,RPAC Aquatic Center - Hot Tub,0,15,0.0
2026-04-28 05:01:32,Tue,5,RPAC Aquatic Center - Lap Pool,0,24,0.0
2026-04-28 05:01:32,Tue,5,RPAC Aquatic Center - Leisure Pool,0,40,0.0
2026-04-28 05:01:32,Tue,5,RPAC Cardio Canyon,8,68,11.8
2026-04-28 05:01:32,Tue,5,RPAC North Gym,44,230,19.1
2026-04-28 05:01:32,Tue,5,RPAC South Gym,10,230,4.3
2026-04-28 05:01:32,Tue,5,RPAC TWD Gym Courts 1-2,1,241,0.4
2026-04-28 05:01:32,Tue,5,RPAC TWD Gym Courts 3 - 4,5,241,2.1
2026-04-28 05:01:32,Tue,5,RPAC Upper Gym Courts 1 - 2,27,241,11.2
2026-04-28 05:01:32,Tue,5,RPAC Upper Gym Courts 3 - 4 ,12,241,5.0
2026-04-28 05:01:32,Tue,5,RPAC Weight Floor,54,125,43.2
2026-04-28 06:01:57,Tue,6,RPAC 1st Floor Fitness Balcony,26,55,47.3
2026-04-28 06:01:57,Tue,6,RPAC 2nd Floor Cardio Loft,3,37,8.1
2026-04-28 06:01:57,Tue,6,RPAC Aquatic Center - Class Pool,0,32,0.0
2026-04-28 06:01:57,Tue,6,RPAC Aquatic Center - Comp Pool,0,25,0.0
2026-04-28 06:01:57,Tue,6,RPAC Aquatic Center - Hot Tub,0,15,0.0
2026-04-28 06:01:57,Tue,6,RPAC Aquatic Center - Lap Pool,0,24,0.0
2026-04-28 06:01:57,Tue,6,RPAC Aquatic Center - Leisure Pool,0,40,0.0
2026-04-28 06:01:57,Tue,6,RPAC Cardio Canyon,8,68,11.8
2026-04-28 06:01:57,Tue,6,RPAC North Gym,44,230,19.1
2026-04-28 06:01:57,Tue,6,RPAC South Gym,10,230,4.3
2026-04-28 06:01:57,Tue,6,RPAC TWD Gym Courts 1-2,1,241,0.4
2026-04-28 06:01:57,Tue,6,RPAC TWD Gym Courts 3 - 4,5,241,2.1
2026-04-28 06:01:57,Tue,6,RPAC Upper Gym Courts 1 - 2,27,241,11.2
2026-04-28 06:01:57,Tue,6,RPAC Upper Gym Courts 3 - 4 ,12,241,5.0
2026-04-28 06:01:57,Tue,6,RPAC Weight Floor,54,125,43.2
2026-04-28 06:57:19,Tue,6,RPAC 1st Floor Fitness Balcony,26,55,47.3
2026-04-28 06:57:19,Tue,6,RPAC 2nd Floor Cardio Loft,3,37,8.1
2026-04-28 06:57:19,Tue,6,RPAC Aquatic Center - Class Pool,6,32,18.8
2026-04-28 06:57:19,Tue,6,RPAC Aquatic Center - Comp Pool,0,25,0.0
2026-04-28 06:57:19,Tue,6,RPAC Aquatic Center - Hot Tub,2,15,13.3
2026-04-28 06:57:19,Tue,6,RPAC Aquatic Center - Lap Pool,3,24,12.5
2026-04-28 06:57:19,Tue,6,RPAC Aquatic Center - Leisure Pool,0,40,0.0
2026-04-28 06:57:19,Tue,6,RPAC Cardio Canyon,8,68,11.8
2026-04-28 06:57:19,Tue,6,RPAC North Gym,44,230,19.1
2026-04-28 06:57:19,Tue,6,RPAC South Gym,10,230,4.3
2026-04-28 06:57:19,Tue,6,RPAC TWD Gym Courts 1-2,1,241,0.4
2026-04-28 06:57:19,Tue,6,RPAC TWD Gym Courts 3 - 4,5,241,2.1
2026-04-28 06:57:19,Tue,6,RPAC Upper Gym Courts 1 - 2,27,241,11.2
2026-04-28 06:57:19,Tue,6,RPAC Upper Gym Courts 3 - 4 ,12,241,5.0
2026-04-28 06:57:19,Tue,6,RPAC Weight Floor,54,125,43.2
2026-04-28 07:39:40,Tue,7,RPAC 1st Floor Fitness Balcony,26,55,47.3
2026-04-28 07:39:40,Tue,7,RPAC 2nd Floor Cardio Loft,3,37,8.1
2026-04-28 07:39:40,Tue,7,RPAC Aquatic Center - Class Pool,1,32,3.1
2026-04-28 07:39:40,Tue,7,RPAC Aquatic Center - Comp Pool,0,25,0.0
2026-04-28 07:39:40,Tue,7,RPAC Aquatic Center - Hot Tub,1,15,6.7
2026-04-28 07:39:40,Tue,7,RPAC Aquatic Center - Lap Pool,5,24,20.8
2026-04-28 07:39:40,Tue,7,RPAC Aquatic Center - Leisure Pool,0,40,0.0
2026-04-28 07:39:40,Tue,7,RPAC Cardio Canyon,8,68,11.8
2026-04-28 07:39:40,Tue,7,RPAC North Gym,44,230,19.1
2026-04-28 07:39:40,Tue,7,RPAC South Gym,10,230,4.3
2026-04-28 07:39:40,Tue,7,RPAC TWD Gym Courts 1-2,1,241,0.4
2026-04-28 07:39:40,Tue,7,RPAC TWD Gym Courts 3 - 4,5,241,2.1
2026-04-28 07:39:40,Tue,7,RPAC Upper Gym Courts 1 - 2,27,241,11.2
2026-04-28 07:39:40,Tue,7,RPAC Upper Gym Courts 3 - 4 ,12,241,5.0
2026-04-28 07:39:40,Tue,7,RPAC Weight Floor,54,125,43.2
2026-04-28 08:16:28,Tue,8,RPAC 1st Floor Fitness Balcony,26,55,47.3
2026-04-28 08:16:28,Tue,8,RPAC 2nd Floor Cardio Loft,3,37,8.1
2026-04-28 08:16:28,Tue,8,RPAC Aquatic Center - Class Pool,5,32,15.6
2026-04-28 08:16:28,Tue,8,RPAC Aquatic Center - Comp Pool,0,25,0.0
2026-04-28 08:16:28,Tue,8,RPAC Aquatic Center - Hot Tub,4,15,26.7
2026-04-28 08:16:28,Tue,8,RPAC Aquatic Center - Lap Pool,5,24,20.8
2026-04-28 08:16:28,Tue,8,RPAC Aquatic Center - Leisure Pool,0,40,0.0
2026-04-28 08:16:28,Tue,8,RPAC Cardio Canyon,8,68,11.8
2026-04-28 08:16:28,Tue,8,RPAC North Gym,44,230,19.1
2026-04-28 08:16:28,Tue,8,RPAC South Gym,10,230,4.3
2026-04-28 08:16:28,Tue,8,RPAC TWD Gym Courts 1-2,1,241,0.4
2026-04-28 08:16:28,Tue,8,RPAC TWD Gym Courts 3 - 4,5,241,2.1
2026-04-28 08:16:28,Tue,8,RPAC Upper Gym Courts 1 - 2,27,241,11.2
2026-04-28 08:16:28,Tue,8,RPAC Upper Gym Courts 3 - 4 ,12,241,5.0
2026-04-28 08:16:28,Tue,8,RPAC Weight Floor,54,125,43.2
2026-04-28 09:06:08,Tue,9,RPAC 1st Floor Fitness Balcony,26,55,47.3
2026-04-28 09:06:08,Tue,9,RPAC 2nd Floor Cardio Loft,3,37,8.1
2026-04-28 09:06:08,Tue,9,RPAC Aquatic Center - Class Pool,4,32,12.5
2026-04-28 09:06:08,Tue,9,RPAC Aquatic Center - Comp Pool,0,25,0.0
2026-04-28 09:06:08,Tue,9,RPAC Aquatic Center - Hot Tub,1,15,6.7
2026-04-28 09:06:08,Tue,9,RPAC Aquatic Center - Lap Pool,6,24,25.0
2026-04-28 09:06:08,Tue,9,RPAC Aquatic Center - Leisure Pool,0,40,0.0
2026-04-28 09:06:08,Tue,9,RPAC Cardio Canyon,8,68,11.8
2026-04-28 09:06:08,Tue,9,RPAC North Gym,44,230,19.1
2026-04-28 09:06:08,Tue,9,RPAC South Gym,10,230,4.3
2026-04-28 09:06:08,Tue,9,RPAC TWD Gym Courts 1-2,1,241,0.4
2026-04-28 09:06:08,Tue,9,RPAC TWD Gym Courts 3 - 4,5,241,2.1
2026-04-28 09:06:08,Tue,9,RPAC Upper Gym Courts 1 - 2,27,241,11.2
2026-04-28 09:06:08,Tue,9,RPAC Upper Gym Courts 3 - 4 ,12,241,5.0
2026-04-28 09:06:08,Tue,9,RPAC Weight Floor,54,125,43.2
2026-04-28 10:59:56,Tue,10,RPAC 1st Floor Fitness Balcony,26,55,47.3
2026-04-28 10:59:56,Tue,10,RPAC 2nd Floor Cardio Loft,3,37,8.1
2026-04-28 10:59:56,Tue,10,RPAC Aquatic Center - Class Pool,2,32,6.2
2026-04-28 10:59:56,Tue,10,RPAC Aquatic Center - Comp Pool,0,25,0.0
2026-04-28 10:59:56,Tue,10,RPAC Aquatic Center - Hot Tub,1,15,6.7
2026-04-28 10:59:56,Tue,10,RPAC Aquatic Center - Lap Pool,2,24,8.3
2026-04-28 10:59:56,Tue,10,RPAC Aquatic Center - Leisure Pool,0,40,0.0
2026-04-28 10:59:56,Tue,10,RPAC Cardio Canyon,8,68,11.8
2026-04-28 10:59:56,Tue,10,RPAC North Gym,44,230,19.1
2026-04-28 10:59:56,Tue,10,RPAC South Gym,10,230,4.3
2026-04-28 10:59:56,Tue,10,RPAC TWD Gym Courts 1-2,1,241,0.4
2026-04-28 10:59:56,Tue,10,RPAC TWD Gym Courts 3 - 4,5,241,2.1
2026-04-28 10:59:56,Tue,10,RPAC Upper Gym Courts 1 - 2,27,241,11.2
2026-04-28 10:59:56,Tue,10,RPAC Upper Gym Courts 3 - 4 ,12,241,5.0
2026-04-28 10:59:56,Tue,10,RPAC Weight Floor,54,125,43.2
2026-04-28 11:56:42,Tue,11,RPAC 1st Floor Fitness Balcony,26,55,47.3
2026-04-28 11:56:42,Tue,11,RPAC 2nd Floor Cardio Loft,3,37,8.1
2026-04-28 11:56:42,Tue,11,RPAC Aquatic Center - Class Pool,2,32,6.2
2026-04-28 11:56:42,Tue,11,RPAC Aquatic Center - Comp Pool,0,25,0.0
2026-04-28 11:56:42,Tue,11,RPAC Aquatic Center - Hot Tub,0,15,0.0
2026-04-28 11:56:42,Tue,11,RPAC Aquatic Center - Lap Pool,4,24,16.7
2026-04-28 11:56:42,Tue,11,RPAC Aquatic Center - Leisure Pool,0,40,0.0
2026-04-28 11:56:42,Tue,11,RPAC Cardio Canyon,8,68,11.8
2026-04-28 11:56:42,Tue,11,RPAC North Gym,44,230,19.1
2026-04-28 11:56:42,Tue,11,RPAC South Gym,10,230,4.3
2026-04-28 11:56:42,Tue,11,RPAC TWD Gym Courts 1-2,1,241,0.4
2026-04-28 11:56:42,Tue,11,RPAC TWD Gym Courts 3 - 4,5,241,2.1
2026-04-28 11:56:42,Tue,11,RPAC Upper Gym Courts 1 - 2,27,241,11.2
2026-04-28 11:56:42,Tue,11,RPAC Upper Gym Courts 3 - 4 ,12,241,5.0
2026-04-28 11:56:42,Tue,11,RPAC Weight Floor,54,125,43.2
2026-04-28 12:44:36,Tue,12,RPAC 1st Floor Fitness Balcony,26,55,47.3
2026-04-28 12:44:36,Tue,12,RPAC 2nd Floor Cardio Loft,3,37,8.1
2026-04-28 12:44:36,Tue,12,RPAC Aquatic Center - Class Pool,5,32,15.6
2026-04-28 12:44:36,Tue,12,RPAC Aquatic Center - Comp Pool,0,25,0.0
2026-04-28 12:44:36,Tue,12,RPAC Aquatic Center - Hot Tub,2,15,13.3
2026-04-28 12:44:36,Tue,12,RPAC Aquatic Center - Lap Pool,3,24,12.5
2026-04-28 12:44:36,Tue,12,RPAC Aquatic Center - Leisure Pool,0,40,0.0
2026-04-28 12:44:36,Tue,12,RPAC Cardio Canyon,8,68,11.8
2026-04-28 12:44:36,Tue,12,RPAC North Gym,44,230,19.1
2026-04-28 12:44:36,Tue,12,RPAC South Gym,10,230,4.3
2026-04-28 12:44:36,Tue,12,RPAC TWD Gym Courts 1-2,1,241,0.4
2026-04-28 12:44:36,Tue,12,RPAC TWD Gym Courts 3 - 4,5,241,2.1
2026-04-28 12:44:36,Tue,12,RPAC Upper Gym Courts 1 - 2,27,241,11.2
2026-04-28 12:44:36,Tue,12,RPAC Upper Gym Courts 3 - 4 ,12,241,5.0
2026-04-28 12:44:36,Tue,12,RPAC Weight Floor,54,125,43.2
2026-04-28 13:24:09,Tue,13,RPAC 1st Floor Fitness Balcony,26,55,47.3
2026-04-28 13:24:09,Tue,13,RPAC 2nd Floor Cardio Loft,3,37,8.1
2026-04-28 13:24:09,Tue,13,RPAC Aquatic Center - Class Pool,3,32,9.4
2026-04-28 13:24:09,Tue,13,RPAC Aquatic Center - Comp Pool,0,25,0.0
2026-04-28 13:24:09,Tue,13,RPAC Aquatic Center - Hot Tub,2,15,13.3
2026-04-28 13:24:09,Tue,13,RPAC Aquatic Center - Lap Pool,3,24,12.5
2026-04-28 13:24:09,Tue,13,RPAC Aquatic Center - Leisure Pool,0,40,0.0
2026-04-28 13:24:09,Tue,13,RPAC Cardio Canyon,8,68,11.8
2026-04-28 13:24:09,Tue,13,RPAC North Gym,44,230,19.1
2026-04-28 13:24:09,Tue,13,RPAC South Gym,10,230,4.3
2026-04-28 13:24:09,Tue,13,RPAC TWD Gym Courts 1-2,1,241,0.4
2026-04-28 13:24:09,Tue,13,RPAC TWD Gym Courts 3 - 4,5,241,2.1
2026-04-28 13:24:09,Tue,13,RPAC Upper Gym Courts 1 - 2,27,241,11.2
2026-04-28 13:24:09,Tue,13,RPAC Upper Gym Courts 3 - 4 ,12,241,5.0
2026-04-28 13:24:09,Tue,13,RPAC Weight Floor,54,125,43.2
2026-04-28 14:03:40,Tue,14,RPAC 1st Floor Fitness Balcony,26,55,47.3
2026-04-28 14:03:40,Tue,14,RPAC 2nd Floor Cardio Loft,3,37,8.1
2026-04-28 14:03:40,Tue,14,RPAC Aquatic Center - Class Pool,3,32,9.4
2026-04-28 14:03:40,Tue,14,RPAC Aquatic Center - Comp Pool,0,25,0.0
2026-04-28 14:03:40,Tue,14,RPAC Aquatic Center - Hot Tub,2,15,13.3
2026-04-28 14:03:40,Tue,14,RPAC Aquatic Center - Lap Pool,3,24,12.5
2026-04-28 14:03:40,Tue,14,RPAC Aquatic Center - Leisure Pool,0,40,0.0
2026-04-28 14:03:40,Tue,14,RPAC Cardio Canyon,8,68,11.8
2026-04-28 14:03:40,Tue,14,RPAC North Gym,44,230,19.1
2026-04-28 14:03:40,Tue,14,RPAC South Gym,10,230,4.3
2026-04-28 14:03:40,Tue,14,RPAC TWD Gym Courts 1-2,1,241,0.4
2026-04-28 14:03:40,Tue,14,RPAC TWD Gym Courts 3 - 4,5,241,2.1
2026-04-28 14:03:40,Tue,14,RPAC Upper Gym Courts 1 - 2,27,241,11.2
2026-04-28 14:03:40,Tue,14,RPAC Upper Gym Courts 3 - 4 ,12,241,5.0
2026-04-28 14:03:40,Tue,14,RPAC Weight Floor,54,125,43.2
2026-04-28 14:50:01,Tue,14,RPAC 1st Floor Fitness Balcony,26,55,47.3
2026-04-28 14:50:01,Tue,14,RPAC 2nd Floor Cardio Loft,3,37,8.1
2026-04-28 14:50:01,Tue,14,RPAC Aquatic Center - Class Pool,3,32,9.4
2026-04-28 14:50:01,Tue,14,RPAC Aquatic Center - Comp Pool,0,25,0.0
2026-04-28 14:50:01,Tue,14,RPAC Aquatic Center - Hot Tub,0,15,0.0
2026-04-28 14:50:01,Tue,14,RPAC Aquatic Center - Lap Pool,4,24,16.7
2026-04-28 14:50:01,Tue,14,RPAC Aquatic Center - Leisure Pool,0,40,0.0
2026-04-28 14:50:01,Tue,14,RPAC Cardio Canyon,8,68,11.8
2026-04-28 14:50:01,Tue,14,RPAC North Gym,44,230,19.1
2026-04-28 14:50:01,Tue,14,RPAC South Gym,10,230,4.3
2026-04-28 14:50:01,Tue,14,RPAC TWD Gym Courts 1-2,1,241,0.4
2026-04-28 14:50:01,Tue,14,RPAC TWD Gym Courts 3 - 4,5,241,2.1
2026-04-28 14:50:01,Tue,14,RPAC Upper Gym Courts 1 - 2,27,241,11.2
2026-04-28 14:50:01,Tue,14,RPAC Upper Gym Courts 3 - 4 ,12,241,5.0
2026-04-28 14:50:01,Tue,14,RPAC Weight Floor,54,125,43.2
2026-04-28 15:35:54,Tue,15,RPAC 1st Floor Fitness Balcony,26,55,47.3
2026-04-28 15:35:54,Tue,15,RPAC 2nd Floor Cardio Loft,3,37,8.1
2026-04-28 15:35:54,Tue,15,RPAC Aquatic Center - Class Pool,2,32,6.2
2026-04-28 15:35:54,Tue,15,RPAC Aquatic Center - Comp Pool,0,25,0.0
2026-04-28 15:35:54,Tue,15,RPAC Aquatic Center - Hot Tub,3,15,20.0
2026-04-28 15:35:54,Tue,15,RPAC Aquatic Center - Lap Pool,5,24,20.8
2026-04-28 15:35:54,Tue,15,RPAC Aquatic Center - Leisure Pool,0,40,0.0
2026-04-28 15:35:54,Tue,15,RPAC Cardio Canyon,8,68,11.8
2026-04-28 15:35:54,Tue,15,RPAC North Gym,44,230,19.1
2026-04-28 15:35:54,Tue,15,RPAC South Gym,10,230,4.3
2026-04-28 15:35:54,Tue,15,RPAC TWD Gym Courts 1-2,1,241,0.4
2026-04-28 15:35:54,Tue,15,RPAC TWD Gym Courts 3 - 4,5,241,2.1
2026-04-28 15:35:54,Tue,15,RPAC Upper Gym Courts 1 - 2,27,241,11.2
2026-04-28 15:35:54,Tue,15,RPAC Upper Gym Courts 3 - 4 ,12,241,5.0
2026-04-28 15:35:54,Tue,15,RPAC Weight Floor,54,125,43.2
2026-04-28 16:11:50,Tue,16,RPAC 1st Floor Fitness Balcony,26,55,47.3
2026-04-28 16:11:50,Tue,16,RPAC 2nd Floor Cardio Loft,3,37,8.1
2026-04-28 16:11:50,Tue,16,RPAC Aquatic Center - Class Pool,7,32,21.9
2026-04-28 16:11:50,Tue,16,RPAC Aquatic Center - Comp Pool,0,25,0.0
2026-04-28 16:11:50,Tue,16,RPAC Aquatic Center - Hot Tub,2,15,13.3
2026-04-28 16:11:50,Tue,16,RPAC Aquatic Center - Lap Pool,1,24,4.2
2026-04-28 16:11:50,Tue,16,RPAC Aquatic Center - Leisure Pool,0,40,0.0
2026-04-28 16:11:50,Tue,16,RPAC Cardio Canyon,8,68,11.8
2026-04-28 16:11:50,Tue,16,RPAC North Gym,44,230,19.1
2026-04-28 16:11:50,Tue,16,RPAC South Gym,10,230,4.3
2026-04-28 16:11:50,Tue,16,RPAC TWD Gym Courts 1-2,1,241,0.4
2026-04-28 16:11:50,Tue,16,RPAC TWD Gym Courts 3 - 4,5,241,2.1
2026-04-28 16:11:50,Tue,16,RPAC Upper Gym Courts 1 - 2,27,241,11.2
2026-04-28 16:11:50,Tue,16,RPAC Upper Gym Courts 3 - 4 ,12,241,5.0
2026-04-28 16:11:50,Tue,16,RPAC Weight Floor,54,125,43.2
2026-04-28 16:45:24,Tue,16,RPAC 1st Floor Fitness Balcony,26,55,47.3
2026-04-28 16:45:24,Tue,16,RPAC 2nd Floor Cardio Loft,3,37,8.1
2026-04-28 16:45:24,Tue,16,RPAC Aquatic Center - Class Pool,11,32,34.4
2026-04-28 16:45:24,Tue,16,RPAC Aquatic Center - Comp Pool,0,25,0.0
2026-04-28 16:45:24,Tue,16,RPAC Aquatic Center - Hot Tub,3,15,20.0
2026-04-28 16:45:24,Tue,16,RPAC Aquatic Center - Lap Pool,6,24,25.0
2026-04-28 16:45:24,Tue,16,RPAC Aquatic Center - Leisure Pool,6,40,15.0
2026-04-28 16:45:24,Tue,16,RPAC Cardio Canyon,8,68,11.8
2026-04-28 16:45:24,Tue,16,RPAC North Gym,44,230,19.1
2026-04-28 16:45:24,Tue,16,RPAC South Gym,10,230,4.3
2026-04-28 16:45:24,Tue,16,RPAC TWD Gym Courts 1-2,1,241,0.4
2026-04-28 16:45:24,Tue,16,RPAC TWD Gym Courts 3 - 4,5,241,2.1
2026-04-28 16:45:24,Tue,16,RPAC Upper Gym Courts 1 - 2,27,241,11.2
2026-04-28 16:45:24,Tue,16,RPAC Upper Gym Courts 3 - 4 ,12,241,5.0
2026-04-28 16:45:24,Tue,16,RPAC Weight Floor,54,125,43.2
2026-04-28 17:28:04,Tue,17,RPAC 1st Floor Fitness Balcony,26,55,47.3
2026-04-28 17:28:04,Tue,17,RPAC 2nd Floor Cardio Loft,3,37,8.1
2026-04-28 17:28:04,Tue,17,RPAC Aquatic Center - Class Pool,7,32,21.9
2026-04-28 17:28:04,Tue,17,RPAC Aquatic Center - Comp Pool,0,25,0.0
2026-04-28 17:28:04,Tue,17,RPAC Aquatic Center - Hot Tub,4,15,26.7
2026-04-28 17:28:04,Tue,17,RPAC Aquatic Center - Lap Pool,10,24,41.7
2026-04-28 17:28:04,Tue,17,RPAC Aquatic Center - Leisure Pool,13,40,32.5
2026-04-28 17:28:04,Tue,17,RPAC Cardio Canyon,8,68,11.8
2026-04-28 17:28:04,Tue,17,RPAC North Gym,44,230,19.1
2026-04-28 17:28:04,Tue,17,RPAC South Gym,10,230,4.3
2026-04-28 17:28:04,Tue,17,RPAC TWD Gym Courts 1-2,1,241,0.4
2026-04-28 17:28:04,Tue,17,RPAC TWD Gym Courts 3 - 4,5,241,2.1
2026-04-28 17:28:04,Tue,17,RPAC Upper Gym Courts 1 - 2,27,241,11.2
2026-04-28 17:28:04,Tue,17,RPAC Upper Gym Courts 3 - 4 ,12,241,5.0
2026-04-28 17:28:04,Tue,17,RPAC Weight Floor,54,125,43.2
2026-04-28 17:53:01,Tue,17,RPAC 1st Floor Fitness Balcony,26,55,47.3
2026-04-28 17:53:01,Tue,17,RPAC 2nd Floor Cardio Loft,3,37,8.1
2026-04-28 17:53:01,Tue,17,RPAC Aquatic Center - Class Pool,7,32,21.9
2026-04-28 17:53:01,Tue,17,RPAC Aquatic Center - Comp Pool,0,25,0.0
2026-04-28 17:53:01,Tue,17,RPAC Aquatic Center - Hot Tub,4,15,26.7
2026-04-28 17:53:01,Tue,17,RPAC Aquatic Center - Lap Pool,10,24,41.7
2026-04-28 17:53:01,Tue,17,RPAC Aquatic Center - Leisure Pool,13,40,32.5
2026-04-28 17:53:01,Tue,17,RPAC Cardio Canyon,8,68,11.8
2026-04-28 17:53:01,Tue,17,RPAC North Gym,44,230,19.1
2026-04-28 17:53:01,Tue,17,RPAC South Gym,10,230,4.3
2026-04-28 17:53:01,Tue,17,RPAC TWD Gym Courts 1-2,1,241,0.4
2026-04-28 17:53:01,Tue,17,RPAC TWD Gym Courts 3 - 4,5,241,2.1
2026-04-28 17:53:01,Tue,17,RPAC Upper Gym Courts 1 - 2,27,241,11.2
2026-04-28 17:53:01,Tue,17,RPAC Upper Gym Courts 3 - 4 ,12,241,5.0
2026-04-28 17:53:01,Tue,17,RPAC Weight Floor,54,125,43.2
2026-04-28 18:24:34,Tue,18,RPAC 1st Floor Fitness Balcony,26,55,47.3
2026-04-28 18:24:34,Tue,18,RPAC 2nd Floor Cardio Loft,3,37,8.1
2026-04-28 18:24:34,Tue,18,RPAC Aquatic Center - Class Pool,9,32,28.1
2026-04-28 18:24:34,Tue,18,RPAC Aquatic Center - Comp Pool,0,25,0.0
2026-04-28 18:24:34,Tue,18,RPAC Aquatic Center - Hot Tub,4,15,26.7
2026-04-28 18:24:34,Tue,18,RPAC Aquatic Center - Lap Pool,9,24,37.5
2026-04-28 18:24:34,Tue,18,RPAC Aquatic Center - Leisure Pool,6,40,15.0
2026-04-28 18:24:34,Tue,18,RPAC Cardio Canyon,8,68,11.8
2026-04-28 18:24:34,Tue,18,RPAC North Gym,44,230,19.1
2026-04-28 18:24:34,Tue,18,RPAC South Gym,10,230,4.3
2026-04-28 18:24:34,Tue,18,RPAC TWD Gym Courts 1-2,1,241,0.4
2026-04-28 18:24:34,Tue,18,RPAC TWD Gym Courts 3 - 4,5,241,2.1
2026-04-28 18:24:34,Tue,18,RPAC Upper Gym Courts 1 - 2,27,241,11.2
2026-04-28 18:24:34,Tue,18,RPAC Upper Gym Courts 3 - 4 ,12,241,5.0
2026-04-28 18:24:34,Tue,18,RPAC Weight Floor,54,125,43.2
2026-04-28 18:49:27,Tue,18,RPAC 1st Floor Fitness Balcony,26,55,47.3
2026-04-28 18:49:27,Tue,18,RPAC 2nd Floor Cardio Loft,3,37,8.1
2026-04-28 18:49:27,Tue,18,RPAC Aquatic Center - Class Pool,5,32,15.6
2026-04-28 18:49:27,Tue,18,RPAC Aquatic Center - Comp Pool,0,25,0.0
2026-04-28 18:49:27,Tue,18,RPAC Aquatic Center - Hot Tub,5,15,33.3
2026-04-28 18:49:27,Tue,18,RPAC Aquatic Center - Lap Pool,3,24,12.5
2026-04-28 18:49:27,Tue,18,RPAC Aquatic Center - Leisure Pool,1,40,2.5
2026-04-28 18:49:27,Tue,18,RPAC Cardio Canyon,8,68,11.8
2026-04-28 18:49:27,Tue,18,RPAC North Gym,44,230,19.1
2026-04-28 18:49:27,Tue,18,RPAC South Gym,10,230,4.3
2026-04-28 18:49:27,Tue,18,RPAC TWD Gym Courts 1-2,1,241,0.4
2026-04-28 18:49:27,Tue,18,RPAC TWD Gym Courts 3 - 4,5,241,2.1
2026-04-28 18:49:27,Tue,18,RPAC Upper Gym Courts 1 - 2,27,241,11.2
2026-04-28 18:49:27,Tue,18,RPAC Upper Gym Courts 3 - 4 ,12,241,5.0
2026-04-28 18:49:27,Tue,18,RPAC Weight Floor,54,125,43.2
2026-04-28 19:22:58,Tue,19,RPAC 1st Floor Fitness Balcony,26,55,47.3
2026-04-28 19:22:58,Tue,19,RPAC 2nd Floor Cardio Loft,3,37,8.1
2026-04-28 19:22:58,Tue,19,RPAC Aquatic Center - Class Pool,0,32,0.0
2026-04-28 19:22:58,Tue,19,RPAC Aquatic Center - Comp Pool,0,25,0.0
2026-04-28 19:22:58,Tue,19,RPAC Aquatic Center - Hot Tub,0,15,0.0
2026-04-28 19:22:58,Tue,19,RPAC Aquatic Center - Lap Pool,0,24,0.0
2026-04-28 19:22:58,Tue,19,RPAC Aquatic Center - Leisure Pool,0,40,0.0
2026-04-28 19:22:58,Tue,19,RPAC Cardio Canyon,8,68,11.8
2026-04-28 19:22:58,Tue,19,RPAC North Gym,44,230,19.1
2026-04-28 19:22:58,Tue,19,RPAC South Gym,10,230,4.3
2026-04-28 19:22:58,Tue,19,RPAC TWD Gym Courts 1-2,1,241,0.4
2026-04-28 19:22:58,Tue,19,RPAC TWD Gym Courts 3 - 4,5,241,2.1
2026-04-28 19:22:58,Tue,19,RPAC Upper Gym Courts 1 - 2,27,241,11.2
2026-04-28 19:22:58,Tue,19,RPAC Upper Gym Courts 3 - 4 ,12,241,5.0
2026-04-28 19:22:58,Tue,19,RPAC Weight Floor,54,125,43.2
2026-04-28 19:49:25,Tue,19,RPAC 1st Floor Fitness Balcony,26,55,47.3
2026-04-28 19:49:25,Tue,19,RPAC 2nd Floor Cardio Loft,3,37,8.1
2026-04-28 19:49:25,Tue,19,RPAC Aquatic Center - Class Pool,0,32,0.0
2026-04-28 19:49:25,Tue,19,RPAC Aquatic Center - Comp Pool,0,25,0.0
2026-04-28 19:49:25,Tue,19,RPAC Aquatic Center - Hot Tub,0,15,0.0
2026-04-28 19:49:25,Tue,19,RPAC Aquatic Center - Lap Pool,0,24,0.0
2026-04-28 19:49:25,Tue,19,RPAC Aquatic Center - Leisure Pool,0,40,0.0
2026-04-28 19:49:25,Tue,19,RPAC Cardio Canyon,8,68,11.8
2026-04-28 19:49:25,Tue,19,RPAC North Gym,44,230,19.1
2026-04-28 19:49:25,Tue,19,RPAC South Gym,10,230,4.3
2026-04-28 19:49:25,Tue,19,RPAC TWD Gym Courts 1-2,1,241,0.4
2026-04-28 19:49:25,Tue,19,RPAC TWD Gym Courts 3 - 4,5,241,2.1
2026-04-28 19:49:25,Tue,19,RPAC Upper Gym Courts 1 - 2,27,241,11.2
2026-04-28 19:49:25,Tue,19,RPAC Upper Gym Courts 3 - 4 ,12,241,5.0
2026-04-28 19:49:25,Tue,19,RPAC Weight Floor,54,125,43.2
2026-04-28 20:51:38,Tue,20,RPAC 1st Floor Fitness Balcony,26,55,47.3
2026-04-28 20:51:38,Tue,20,RPAC 2nd Floor Cardio Loft,3,37,8.1
2026-04-28 20:51:38,Tue,20,RPAC Aquatic Center - Class Pool,0,32,0.0
2026-04-28 20:51:38,Tue,20,RPAC Aquatic Center - Comp Pool,0,25,0.0
2026-04-28 20:51:38,Tue,20,RPAC Aquatic Center - Hot Tub,0,15,0.0
2026-04-28 20:51:38,Tue,20,RPAC Aquatic Center - Lap Pool,0,24,0.0
2026-04-28 20:51:38,Tue,20,RPAC Aquatic Center - Leisure Pool,0,40,0.0
2026-04-28 20:51:38,Tue,20,RPAC Cardio Canyon,8,68,11.8
2026-04-28 20:51:38,Tue,20,RPAC North Gym,44,230,19.1
2026-04-28 20:51:38,Tue,20,RPAC South Gym,10,230,4.3
2026-04-28 20:51:38,Tue,20,RPAC TWD Gym Courts 1-2,1,241,0.4
2026-04-28 20:51:38,Tue,20,RPAC TWD Gym Courts 3 - 4,5,241,2.1
2026-04-28 20:51:38,Tue,20,RPAC Upper Gym Courts 1 - 2,27,241,11.2
2026-04-28 20:51:38,Tue,20,RPAC Upper Gym Courts 3 - 4 ,12,241,5.0
2026-04-28 20:51:38,Tue,20,RPAC Weight Floor,54,125,43.2
2026-04-28 21:40:52,Tue,21,RPAC 1st Floor Fitness Balcony,26,55,47.3
2026-04-28 21:40:52,Tue,21,RPAC 2nd Floor Cardio Loft,3,37,8.1
2026-04-28 21:40:52,Tue,21,RPAC Aquatic Center - Class Pool,0,32,0.0
2026-04-28 21:40:52,Tue,21,RPAC Aquatic Center - Comp Pool,0,25,0.0
2026-04-28 21:40:52,Tue,21,RPAC Aquatic Center - Hot Tub,0,15,0.0
2026-04-28 21:40:52,Tue,21,RPAC Aquatic Center - Lap Pool,0,24,0.0
2026-04-28 21:40:52,Tue,21,RPAC Aquatic Center - Leisure Pool,0,40,0.0
2026-04-28 21:40:52,Tue,21,RPAC Cardio Canyon,8,68,11.8
2026-04-28 21:40:52,Tue,21,RPAC North Gym,44,230,19.1
2026-04-28 21:40:52,Tue,21,RPAC South Gym,10,230,4.3
2026-04-28 21:40:52,Tue,21,RPAC TWD Gym Courts 1-2,1,241,0.4
2026-04-28 21:40:52,Tue,21,RPAC TWD Gym Courts 3 - 4,5,241,2.1
2026-04-28 21:40:52,Tue,21,RPAC Upper Gym Courts 1 - 2,27,241,11.2
2026-04-28 21:40:52,Tue,21,RPAC Upper Gym Courts 3 - 4 ,12,241,5.0
2026-04-28 21:40:52,Tue,21,RPAC Weight Floor,54,125,43.2
2026-04-28 22:42:18,Tue,22,RPAC 1st Floor Fitness Balcony,26,55,47.3
2026-04-28 22:42:18,Tue,22,RPAC 2nd Floor Cardio Loft,3,37,8.1
2026-04-28 22:42:18,Tue,22,RPAC Aquatic Center - Class Pool,0,32,0.0
2026-04-28 22:42:18,Tue,22,RPAC Aquatic Center - Comp Pool,0,25,0.0
2026-04-28 22:42:18,Tue,22,RPAC Aquatic Center - Hot Tub,0,15,0.0
2026-04-28 22:42:18,Tue,22,RPAC Aquatic Center - Lap Pool,0,24,0.0
2026-04-28 22:42:18,Tue,22,RPAC Aquatic Center - Leisure Pool,0,40,0.0
2026-04-28 22:42:18,Tue,22,RPAC Cardio Canyon,8,68,11.8
2026-04-28 22:42:18,Tue,22,RPAC North Gym,44,230,19.1
2026-04-28 22:42:18,Tue,22,RPAC South Gym,10,230,4.3
2026-04-28 22:42:18,Tue,22,RPAC TWD Gym Courts 1-2,1,241,0.4
2026-04-28 22:42:18,Tue,22,RPAC TWD Gym Courts 3 - 4,5,241,2.1
2026-04-28 22:42:18,Tue,22,RPAC Upper Gym Courts 1 - 2,27,241,11.2
2026-04-28 22:42:18,Tue,22,RPAC Upper Gym Courts 3 - 4 ,12,241,5.0
2026-04-28 22:42:18,Tue,22,RPAC Weight Floor,54,125,43.2
2026-04-29 00:04:59,Wed,0,RPAC 1st Floor Fitness Balcony,26,55,47.3
2026-04-29 00:04:59,Wed,0,RPAC 2nd Floor Cardio Loft,3,37,8.1
2026-04-29 00:04:59,Wed,0,RPAC Aquatic Center - Class Pool,0,32,0.0
2026-04-29 00:04:59,Wed,0,RPAC Aquatic Center - Comp Pool,0,25,0.0
2026-04-29 00:04:59,Wed,0,RPAC Aquatic Center - Hot Tub,0,15,0.0
2026-04-29 00:04:59,Wed,0,RPAC Aquatic Center - Lap Pool,0,24,0.0
2026-04-29 00:04:59,Wed,0,RPAC Aquatic Center - Leisure Pool,0,40,0.0
2026-04-29 00:04:59,Wed,0,RPAC Cardio Canyon,8,68,11.8
2026-04-29 00:04:59,Wed,0,RPAC North Gym,44,230,19.1
2026-04-29 00:04:59,Wed,0,RPAC South Gym,10,230,4.3
2026-04-29 00:04:59,Wed,0,RPAC TWD Gym Courts 1-2,1,241,0.4
2026-04-29 00:04:59,Wed,0,RPAC TWD Gym Courts 3 - 4,5,241,2.1
2026-04-29 00:04:59,Wed,0,RPAC Upper Gym Courts 1 - 2,27,241,11.2
2026-04-29 00:04:59,Wed,0,RPAC Upper Gym Courts 3 - 4 ,12,241,5.0
2026-04-29 00:04:59,Wed,0,RPAC Weight Floor,54,125,43.2
2026-04-29 01:25:51,Wed,1,RPAC 1st Floor Fitness Balcony,26,55,47.3
2026-04-29 01:25:51,Wed,1,RPAC 2nd Floor Cardio Loft,3,37,8.1
2026-04-29 01:25:51,Wed,1,RPAC Aquatic Center - Class Pool,0,32,0.0
2026-04-29 01:25:51,Wed,1,RPAC Aquatic Center - Comp Pool,0,25,0.0
2026-04-29 01:25:51,Wed,1,RPAC Aquatic Center - Hot Tub,0,15,0.0
2026-04-29 01:25:51,Wed,1,RPAC Aquatic Center - Lap Pool,0,24,0.0
2026-04-29 01:25:51,Wed,1,RPAC Aquatic Center - Leisure Pool,0,40,0.0
2026-04-29 01:25:51,Wed,1,RPAC Cardio Canyon,8,68,11.8
2026-04-29 01:25:51,Wed,1,RPAC North Gym,44,230,19.1
2026-04-29 01:25:51,Wed,1,RPAC South Gym,10,230,4.3
2026-04-29 01:25:51,Wed,1,RPAC TWD Gym Courts 1-2,1,241,0.4
2026-04-29 01:25:51,Wed,1,RPAC TWD Gym Courts 3 - 4,5,241,2.1
2026-04-29 01:25:51,Wed,1,RPAC Upper Gym Courts 1 - 2,27,241,11.2
2026-04-29 01:25:51,Wed,1,RPAC Upper Gym Courts 3 - 4 ,12,241,5.0
2026-04-29 01:25:51,Wed,1,RPAC Weight Floor,54,125,43.2
2026-04-29 02:20:23,Wed,2,RPAC 1st Floor Fitness Balcony,26,55,47.3
2026-04-29 02:20:23,Wed,2,RPAC 2nd Floor Cardio Loft,3,37,8.1
2026-04-29 02:20:23,Wed,2,RPAC Aquatic Center - Class Pool,0,32,0.0
2026-04-29 02:20:23,Wed,2,RPAC Aquatic Center - Comp Pool,0,25,0.0
2026-04-29 02:20:23,Wed,2,RPAC Aquatic Center - Hot Tub,0,15,0.0
2026-04-29 02:20:23,Wed,2,RPAC Aquatic Center - Lap Pool,0,24,0.0
2026-04-29 02:20:23,Wed,2,RPAC Aquatic Center - Leisure Pool,0,40,0.0
2026-04-29 02:20:23,Wed,2,RPAC Cardio Canyon,8,68,11.8
2026-04-29 02:20:23,Wed,2,RPAC North Gym,44,230,19.1
2026-04-29 02:20:23,Wed,2,RPAC South Gym,10,230,4.3
2026-04-29 02:20:23,Wed,2,RPAC TWD Gym Courts 1-2,1,241,0.4
2026-04-29 02:20:23,Wed,2,RPAC TWD Gym Courts 3 - 4,5,241,2.1
2026-04-29 02:20:23,Wed,2,RPAC Upper Gym Courts 1 - 2,27,241,11.2
2026-04-29 02:20:23,Wed,2,RPAC Upper Gym Courts 3 - 4 ,12,241,5.0
2026-04-29 02:20:23,Wed,2,RPAC Weight Floor,54,125,43.2
2026-04-29 03:19:35,Wed,3,RPAC 1st Floor Fitness Balcony,26,55,47.3
2026-04-29 03:19:35,Wed,3,RPAC 2nd Floor Cardio Loft,3,37,8.1
2026-04-29 03:19:35,Wed,3,RPAC Aquatic Center - Class Pool,0,32,0.0
2026-04-29 03:19:35,Wed,3,RPAC Aquatic Center - Comp Pool,0,25,0.0
2026-04-29 03:19:35,Wed,3,RPAC Aquatic Center - Hot Tub,0,15,0.0
2026-04-29 03:19:35,Wed,3,RPAC Aquatic Center - Lap Pool,0,24,0.0
2026-04-29 03:19:35,Wed,3,RPAC Aquatic Center - Leisure Pool,0,40,0.0
2026-04-29 03:19:35,Wed,3,RPAC Cardio Canyon,8,68,11.8
2026-04-29 03:19:35,Wed,3,RPAC North Gym,44,230,19.1
2026-04-29 03:19:35,Wed,3,RPAC South Gym,10,230,4.3
2026-04-29 03:19:35,Wed,3,RPAC TWD Gym Courts 1-2,1,241,0.4
2026-04-29 03:19:35,Wed,3,RPAC TWD Gym Courts 3 - 4,5,241,2.1
2026-04-29 03:19:35,Wed,3,RPAC Upper Gym Courts 1 - 2,27,241,11.2
2026-04-29 03:19:35,Wed,3,RPAC Upper Gym Courts 3 - 4 ,12,241,5.0
2026-04-29 03:19:35,Wed,3,RPAC Weight Floor,54,125,43.2
2026-04-29 04:18:29,Wed,4,RPAC 1st Floor Fitness Balcony,26,55,47.3
2026-04-29 04:18:29,Wed,4,RPAC 2nd Floor Cardio Loft,3,37,8.1
2026-04-29 04:18:29,Wed,4,RPAC Aquatic Center - Class Pool,0,32,0.0
2026-04-29 04:18:29,Wed,4,RPAC Aquatic Center - Comp Pool,0,25,0.0
2026-04-29 04:18:29,Wed,4,RPAC Aquatic Center - Hot Tub,0,15,0.0
2026-04-29 04:18:29,Wed,4,RPAC Aquatic Center - Lap Pool,0,24,0.0
2026-04-29 04:18:29,Wed,4,RPAC Aquatic Center - Leisure Pool,0,40,0.0
2026-04-29 04:18:29,Wed,4,RPAC Cardio Canyon,8,68,11.8
2026-04-29 04:18:29,Wed,4,RPAC North Gym,44,230,19.1
2026-04-29 04:18:29,Wed,4,RPAC South Gym,10,230,4.3
2026-04-29 04:18:29,Wed,4,RPAC TWD Gym Courts 1-2,1,241,0.4
2026-04-29 04:18:29,Wed,4,RPAC TWD Gym Courts 3 - 4,5,241,2.1
2026-04-29 04:18:29,Wed,4,RPAC Upper Gym Courts 1 - 2,27,241,11.2
2026-04-29 04:18:29,Wed,4,RPAC Upper Gym Courts 3 - 4 ,12,241,5.0
2026-04-29 04:18:29,Wed,4,RPAC Weight Floor,54,125,43.2
2026-04-29 05:17:23,Wed,5,RPAC 1st Floor Fitness Balcony,26,55,47.3
2026-04-29 05:17:23,Wed,5,RPAC 2nd Floor Cardio Loft,3,37,8.1
2026-04-29 05:17:23,Wed,5,RPAC Aquatic Center - Class Pool,0,32,0.0
2026-04-29 05:17:23,Wed,5,RPAC Aquatic Center - Comp Pool,0,25,0.0
2026-04-29 05:17:23,Wed,5,RPAC Aquatic Center - Hot Tub,0,15,0.0
2026-04-29 05:17:23,Wed,5,RPAC Aquatic Center - Lap Pool,0,24,0.0
2026-04-29 05:17:23,Wed,5,RPAC Aquatic Center - Leisure Pool,0,40,0.0
2026-04-29 05:17:23,Wed,5,RPAC Cardio Canyon,8,68,11.8
2026-04-29 05:17:23,Wed,5,RPAC North Gym,44,230,19.1
2026-04-29 05:17:23,Wed,5,RPAC South Gym,10,230,4.3
2026-04-29 05:17:23,Wed,5,RPAC TWD Gym Courts 1-2,1,241,0.4
2026-04-29 05:17:23,Wed,5,RPAC TWD Gym Courts 3 - 4,5,241,2.1
2026-04-29 05:17:23,Wed,5,RPAC Upper Gym Courts 1 - 2,27,241,11.2
2026-04-29 05:17:23,Wed,5,RPAC Upper Gym Courts 3 - 4 ,12,241,5.0
2026-04-29 05:17:23,Wed,5,RPAC Weight Floor,54,125,43.2
2026-04-29 06:16:21,Wed,6,RPAC 1st Floor Fitness Balcony,26,55,47.3
2026-04-29 06:16:21,Wed,6,RPAC 2nd Floor Cardio Loft,3,37,8.1
2026-04-29 06:16:21,Wed,6,RPAC Aquatic Center - Class Pool,4,32,12.5
2026-04-29 06:16:21,Wed,6,RPAC Aquatic Center - Comp Pool,0,25,0.0
2026-04-29 06:16:21,Wed,6,RPAC Aquatic Center - Hot Tub,0,15,0.0
2026-04-29 06:16:21,Wed,6,RPAC Aquatic Center - Lap Pool,5,24,20.8
2026-04-29 06:16:21,Wed,6,RPAC Aquatic Center - Leisure Pool,0,40,0.0
2026-04-29 06:16:21,Wed,6,RPAC Cardio Canyon,8,68,11.8
2026-04-29 06:16:21,Wed,6,RPAC North Gym,44,230,19.1
2026-04-29 06:16:21,Wed,6,RPAC South Gym,10,230,4.3
2026-04-29 06:16:21,Wed,6,RPAC TWD Gym Courts 1-2,1,241,0.4
2026-04-29 06:16:21,Wed,6,RPAC TWD Gym Courts 3 - 4,5,241,2.1
2026-04-29 06:16:21,Wed,6,RPAC Upper Gym Courts 1 - 2,27,241,11.2
2026-04-29 06:16:21,Wed,6,RPAC Upper Gym Courts 3 - 4 ,12,241,5.0
2026-04-29 06:16:21,Wed,6,RPAC Weight Floor,54,125,43.2
2026-04-29 07:09:06,Wed,7,RPAC 1st Floor Fitness Balcony,26,55,47.3
2026-04-29 07:09:06,Wed,7,RPAC 2nd Floor Cardio Loft,3,37,8.1
2026-04-29 07:09:06,Wed,7,RPAC Aquatic Center - Class Pool,4,32,12.5
2026-04-29 07:09:06,Wed,7,RPAC Aquatic Center - Comp Pool,0,25,0.0
2026-04-29 07:09:06,Wed,7,RPAC Aquatic Center - Hot Tub,0,15,0.0
2026-04-29 07:09:06,Wed,7,RPAC Aquatic Center - Lap Pool,5,24,20.8
2026-04-29 07:09:06,Wed,7,RPAC Aquatic Center - Leisure Pool,0,40,0.0
2026-04-29 07:09:06,Wed,7,RPAC Cardio Canyon,8,68,11.8
2026-04-29 07:09:06,Wed,7,RPAC North Gym,44,230,19.1
2026-04-29 07:09:06,Wed,7,RPAC South Gym,10,230,4.3
2026-04-29 07:09:06,Wed,7,RPAC TWD Gym Courts 1-2,1,241,0.4
2026-04-29 07:09:06,Wed,7,RPAC TWD Gym Courts 3 - 4,5,241,2.1
2026-04-29 07:09:06,Wed,7,RPAC Upper Gym Courts 1 - 2,27,241,11.2
2026-04-29 07:09:06,Wed,7,RPAC Upper Gym Courts 3 - 4 ,12,241,5.0
2026-04-29 07:09:06,Wed,7,RPAC Weight Floor,54,125,43.2
2026-04-29 07:51:41,Wed,7,RPAC 1st Floor Fitness Balcony,26,55,47.3
2026-04-29 07:51:41,Wed,7,RPAC 2nd Floor Cardio Loft,3,37,8.1
2026-04-29 07:51:41,Wed,7,RPAC Aquatic Center - Class Pool,4,32,12.5
2026-04-29 07:51:41,Wed,7,RPAC Aquatic Center - Comp Pool,0,25,0.0
2026-04-29 07:51:41,Wed,7,RPAC Aquatic Center - Hot Tub,0,15,0.0
2026-04-29 07:51:41,Wed,7,RPAC Aquatic Center - Lap Pool,5,24,20.8
2026-04-29 07:51:41,Wed,7,RPAC Aquatic Center - Leisure Pool,0,40,0.0
2026-04-29 07:51:41,Wed,7,RPAC Cardio Canyon,8,68,11.8
2026-04-29 07:51:41,Wed,7,RPAC North Gym,44,230,19.1
2026-04-29 07:51:41,Wed,7,RPAC South Gym,10,230,4.3
2026-04-29 07:51:41,Wed,7,RPAC TWD Gym Courts 1-2,1,241,0.4
2026-04-29 07:51:41,Wed,7,RPAC TWD Gym Courts 3 - 4,5,241,2.1
2026-04-29 07:51:41,Wed,7,RPAC Upper Gym Courts 1 - 2,27,241,11.2
2026-04-29 07:51:41,Wed,7,RPAC Upper Gym Courts 3 - 4 ,12,241,5.0
2026-04-29 07:51:41,Wed,7,RPAC Weight Floor,54,125,43.2
2026-04-29 08:40:48,Wed,8,RPAC 1st Floor Fitness Balcony,26,55,47.3
2026-04-29 08:40:48,Wed,8,RPAC 2nd Floor Cardio Loft,3,37,8.1
2026-04-29 08:40:48,Wed,8,RPAC Aquatic Center - Class Pool,1,32,3.1
2026-04-29 08:40:48,Wed,8,RPAC Aquatic Center - Comp Pool,0,25,0.0
2026-04-29 08:40:48,Wed,8,RPAC Aquatic Center - Hot Tub,0,15,0.0
2026-04-29 08:40:48,Wed,8,RPAC Aquatic Center - Lap Pool,7,24,29.2
2026-04-29 08:40:48,Wed,8,RPAC Aquatic Center - Leisure Pool,0,40,0.0
2026-04-29 08:40:48,Wed,8,RPAC Cardio Canyon,8,68,11.8
2026-04-29 08:40:48,Wed,8,RPAC North Gym,44,230,19.1
2026-04-29 08:40:48,Wed,8,RPAC South Gym,10,230,4.3
2026-04-29 08:40:48,Wed,8,RPAC TWD Gym Courts 1-2,1,241,0.4
2026-04-29 08:40:48,Wed,8,RPAC TWD Gym Courts 3 - 4,5,241,2.1
2026-04-29 08:40:48,Wed,8,RPAC Upper Gym Courts 1 - 2,27,241,11.2
2026-04-29 08:40:48,Wed,8,RPAC Upper Gym Courts 3 - 4 ,12,241,5.0
2026-04-29 08:40:48,Wed,8,RPAC Weight Floor,54,125,43.2
2026-04-29 09:14:29,Wed,9,RPAC 1st Floor Fitness Balcony,26,55,47.3
2026-04-29 09:14:29,Wed,9,RPAC 2nd Floor Cardio Loft,3,37,8.1
2026-04-29 09:14:29,Wed,9,RPAC Aquatic Center - Class Pool,5,32,15.6
2026-04-29 09:14:29,Wed,9,RPAC Aquatic Center - Comp Pool,0,25,0.0
2026-04-29 09:14:29,Wed,9,RPAC Aquatic Center - Hot Tub,1,15,6.7
2026-04-29 09:14:29,Wed,9,RPAC Aquatic Center - Lap Pool,5,24,20.8
2026-04-29 09:14:29,Wed,9,RPAC Aquatic Center - Leisure Pool,0,40,0.0
2026-04-29 09:14:29,Wed,9,RPAC Cardio Canyon,8,68,11.8
2026-04-29 09:14:29,Wed,9,RPAC North Gym,44,230,19.1
2026-04-29 09:14:29,Wed,9,RPAC South Gym,10,230,4.3
2026-04-29 09:14:29,Wed,9,RPAC TWD Gym Courts 1-2,1,241,0.4
2026-04-29 09:14:29,Wed,9,RPAC TWD Gym Courts 3 - 4,5,241,2.1
2026-04-29 09:14:29,Wed,9,RPAC Upper Gym Courts 1 - 2,27,241,11.2
2026-04-29 09:14:29,Wed,9,RPAC Upper Gym Courts 3 - 4 ,12,241,5.0
2026-04-29 09:14:29,Wed,9,RPAC Weight Floor,54,125,43.2
2026-04-29 10:02:28,Wed,10,RPAC 1st Floor Fitness Balcony,26,55,47.3
2026-04-29 10:02:28,Wed,10,RPAC 2nd Floor Cardio Loft,3,37,8.1
2026-04-29 10:02:28,Wed,10,RPAC Aquatic Center - Class Pool,3,32,9.4
2026-04-29 10:02:28,Wed,10,RPAC Aquatic Center - Comp Pool,0,25,0.0
2026-04-29 10:02:28,Wed,10,RPAC Aquatic Center - Hot Tub,1,15,6.7
2026-04-29 10:02:28,Wed,10,RPAC Aquatic Center - Lap Pool,4,24,16.7
2026-04-29 10:02:28,Wed,10,RPAC Aquatic Center - Leisure Pool,0,40,0.0
2026-04-29 10:02:28,Wed,10,RPAC Cardio Canyon,8,68,11.8
2026-04-29 10:02:28,Wed,10,RPAC North Gym,44,230,19.1
2026-04-29 10:02:28,Wed,10,RPAC South Gym,10,230,4.3
2026-04-29 10:02:28,Wed,10,RPAC TWD Gym Courts 1-2,1,241,0.4
2026-04-29 10:02:28,Wed,10,RPAC TWD Gym Courts 3 - 4,5,241,2.1
2026-04-29 10:02:28,Wed,10,RPAC Upper Gym Courts 1 - 2,27,241,11.2
2026-04-29 10:02:28,Wed,10,RPAC Upper Gym Courts 3 - 4 ,12,241,5.0
2026-04-29 10:02:28,Wed,10,RPAC Weight Floor,54,125,43.2
2026-04-29 10:59:55,Wed,10,RPAC 1st Floor Fitness Balcony,26,55,47.3
2026-04-29 10:59:55,Wed,10,RPAC 2nd Floor Cardio Loft,3,37,8.1
2026-04-29 10:59:55,Wed,10,RPAC Aquatic Center - Class Pool,5,32,15.6
2026-04-29 10:59:55,Wed,10,RPAC Aquatic Center - Comp Pool,0,25,0.0
2026-04-29 10:59:55,Wed,10,RPAC Aquatic Center - Hot Tub,2,15,13.3
2026-04-29 10:59:55,Wed,10,RPAC Aquatic Center - Lap Pool,5,24,20.8
2026-04-29 10:59:55,Wed,10,RPAC Aquatic Center - Leisure Pool,0,40,0.0
2026-04-29 10:59:55,Wed,10,RPAC Cardio Canyon,8,68,11.8
2026-04-29 10:59:55,Wed,10,RPAC North Gym,44,230,19.1
2026-04-29 10:59:55,Wed,10,RPAC South Gym,10,230,4.3
2026-04-29 10:59:55,Wed,10,RPAC TWD Gym Courts 1-2,1,241,0.4
2026-04-29 10:59:55,Wed,10,RPAC TWD Gym Courts 3 - 4,5,241,2.1
2026-04-29 10:59:55,Wed,10,RPAC Upper Gym Courts 1 - 2,27,241,11.2
2026-04-29 10:59:55,Wed,10,RPAC Upper Gym Courts 3 - 4 ,12,241,5.0
2026-04-29 10:59:55,Wed,10,RPAC Weight Floor,54,125,43.2
2026-04-29 11:48:20,Wed,11,RPAC 1st Floor Fitness Balcony,26,55,47.3
2026-04-29 11:48:20,Wed,11,RPAC 2nd Floor Cardio Loft,3,37,8.1
2026-04-29 11:48:20,Wed,11,RPAC Aquatic Center - Class Pool,5,32,15.6
2026-04-29 11:48:20,Wed,11,RPAC Aquatic Center - Comp Pool,0,25,0.0
2026-04-29 11:48:20,Wed,11,RPAC Aquatic Center - Hot Tub,4,15,26.7
2026-04-29 11:48:20,Wed,11,RPAC Aquatic Center - Lap Pool,4,24,16.7
2026-04-29 11:48:20,Wed,11,RPAC Aquatic Center - Leisure Pool,0,40,0.0
2026-04-29 11:48:20,Wed,11,RPAC Cardio Canyon,8,68,11.8
2026-04-29 11:48:20,Wed,11,RPAC North Gym,44,230,19.1
2026-04-29 11:48:20,Wed,11,RPAC South Gym,10,230,4.3
2026-04-29 11:48:20,Wed,11,RPAC TWD Gym Courts 1-2,1,241,0.4
2026-04-29 11:48:20,Wed,11,RPAC TWD Gym Courts 3 - 4,5,241,2.1
2026-04-29 11:48:20,Wed,11,RPAC Upper Gym Courts 1 - 2,27,241,11.2
2026-04-29 11:48:20,Wed,11,RPAC Upper Gym Courts 3 - 4 ,12,241,5.0
2026-04-29 11:48:20,Wed,11,RPAC Weight Floor,54,125,43.2
2026-04-29 12:37:49,Wed,12,RPAC 1st Floor Fitness Balcony,26,55,47.3
2026-04-29 12:37:49,Wed,12,RPAC 2nd Floor Cardio Loft,3,37,8.1
2026-04-29 12:37:49,Wed,12,RPAC Aquatic Center - Class Pool,7,32,21.9
2026-04-29 12:37:49,Wed,12,RPAC Aquatic Center - Comp Pool,0,25,0.0
2026-04-29 12:37:49,Wed,12,RPAC Aquatic Center - Hot Tub,0,15,0.0
2026-04-29 12:37:49,Wed,12,RPAC Aquatic Center - Lap Pool,5,24,20.8
2026-04-29 12:37:49,Wed,12,RPAC Aquatic Center - Leisure Pool,0,40,0.0
2026-04-29 12:37:49,Wed,12,RPAC Cardio Canyon,8,68,11.8
2026-04-29 12:37:49,Wed,12,RPAC North Gym,44,230,19.1
2026-04-29 12:37:49,Wed,12,RPAC South Gym,10,230,4.3
2026-04-29 12:37:49,Wed,12,RPAC TWD Gym Courts 1-2,1,241,0.4
2026-04-29 12:37:49,Wed,12,RPAC TWD Gym Courts 3 - 4,5,241,2.1
2026-04-29 12:37:49,Wed,12,RPAC Upper Gym Courts 1 - 2,27,241,11.2
2026-04-29 12:37:49,Wed,12,RPAC Upper Gym Courts 3 - 4 ,12,241,5.0
2026-04-29 12:37:49,Wed,12,RPAC Weight Floor,54,125,43.2
2026-04-29 13:13:20,Wed,13,RPAC 1st Floor Fitness Balcony,26,55,47.3
2026-04-29 13:13:20,Wed,13,RPAC 2nd Floor Cardio Loft,3,37,8.1
2026-04-29 13:13:20,Wed,13,RPAC Aquatic Center - Class Pool,5,32,15.6
2026-04-29 13:13:20,Wed,13,RPAC Aquatic Center - Comp Pool,0,25,0.0
2026-04-29 13:13:20,Wed,13,RPAC Aquatic Center - Hot Tub,0,15,0.0
2026-04-29 13:13:20,Wed,13,RPAC Aquatic Center - Lap Pool,5,24,20.8
2026-04-29 13:13:20,Wed,13,RPAC Aquatic Center - Leisure Pool,0,40,0.0
2026-04-29 13:13:20,Wed,13,RPAC Cardio Canyon,8,68,11.8
2026-04-29 13:13:20,Wed,13,RPAC North Gym,44,230,19.1
2026-04-29 13:13:20,Wed,13,RPAC South Gym,10,230,4.3
2026-04-29 13:13:20,Wed,13,RPAC TWD Gym Courts 1-2,1,241,0.4
2026-04-29 13:13:20,Wed,13,RPAC TWD Gym Courts 3 - 4,5,241,2.1
2026-04-29 13:13:20,Wed,13,RPAC Upper Gym Courts 1 - 2,27,241,11.2
2026-04-29 13:13:20,Wed,13,RPAC Upper Gym Courts 3 - 4 ,12,241,5.0
2026-04-29 13:13:20,Wed,13,RPAC Weight Floor,54,125,43.2
2026-04-29 13:51:51,Wed,13,RPAC 1st Floor Fitness Balcony,26,55,47.3
2026-04-29 13:51:51,Wed,13,RPAC 2nd Floor Cardio Loft,3,37,8.1
2026-04-29 13:51:51,Wed,13,RPAC Aquatic Center - Class Pool,4,32,12.5
2026-04-29 13:51:51,Wed,13,RPAC Aquatic Center - Comp Pool,0,25,0.0
2026-04-29 13:51:51,Wed,13,RPAC Aquatic Center - Hot Tub,2,15,13.3
2026-04-29 13:51:51,Wed,13,RPAC Aquatic Center - Lap Pool,5,24,20.8
2026-04-29 13:51:51,Wed,13,RPAC Aquatic Center - Leisure Pool,0,40,0.0
2026-04-29 13:51:51,Wed,13,RPAC Cardio Canyon,8,68,11.8
2026-04-29 13:51:51,Wed,13,RPAC North Gym,44,230,19.1
2026-04-29 13:51:51,Wed,13,RPAC South Gym,10,230,4.3
2026-04-29 13:51:51,Wed,13,RPAC TWD Gym Courts 1-2,1,241,0.4
2026-04-29 13:51:51,Wed,13,RPAC TWD Gym Courts 3 - 4,5,241,2.1
2026-04-29 13:51:51,Wed,13,RPAC Upper Gym Courts 1 - 2,27,241,11.2
2026-04-29 13:51:51,Wed,13,RPAC Upper Gym Courts 3 - 4 ,12,241,5.0
2026-04-29 13:51:51,Wed,13,RPAC Weight Floor,54,125,43.2
2026-04-29 14:37:03,Wed,14,RPAC 1st Floor Fitness Balcony,26,55,47.3
2026-04-29 14:37:03,Wed,14,RPAC 2nd Floor Cardio Loft,3,37,8.1
2026-04-29 14:37:03,Wed,14,RPAC Aquatic Center - Class Pool,6,32,18.8
2026-04-29 14:37:03,Wed,14,RPAC Aquatic Center - Comp Pool,0,25,0.0
2026-04-29 14:37:03,Wed,14,RPAC Aquatic Center - Hot Tub,2,15,13.3
2026-04-29 14:37:03,Wed,14,RPAC Aquatic Center - Lap Pool,5,24,20.8
2026-04-29 14:37:03,Wed,14,RPAC Aquatic Center - Leisure Pool,0,40,0.0
2026-04-29 14:37:03,Wed,14,RPAC Cardio Canyon,8,68,11.8
2026-04-29 14:37:03,Wed,14,RPAC North Gym,44,230,19.1
2026-04-29 14:37:03,Wed,14,RPAC South Gym,10,230,4.3
2026-04-29 14:37:03,Wed,14,RPAC TWD Gym Courts 1-2,1,241,0.4
2026-04-29 14:37:03,Wed,14,RPAC TWD Gym Courts 3 - 4,5,241,2.1
2026-04-29 14:37:03,Wed,14,RPAC Upper Gym Courts 1 - 2,27,241,11.2
2026-04-29 14:37:03,Wed,14,RPAC Upper Gym Courts 3 - 4 ,12,241,5.0
2026-04-29 14:37:03,Wed,14,RPAC Weight Floor,54,125,43.2
2026-04-29 15:12:23,Wed,15,RPAC 1st Floor Fitness Balcony,26,55,47.3
2026-04-29 15:12:23,Wed,15,RPAC 2nd Floor Cardio Loft,3,37,8.1
2026-04-29 15:12:23,Wed,15,RPAC Aquatic Center - Class Pool,4,32,12.5
2026-04-29 15:12:23,Wed,15,RPAC Aquatic Center - Comp Pool,0,25,0.0
2026-04-29 15:12:23,Wed,15,RPAC Aquatic Center - Hot Tub,0,15,0.0
2026-04-29 15:12:23,Wed,15,RPAC Aquatic Center - Lap Pool,2,24,8.3
2026-04-29 15:12:23,Wed,15,RPAC Aquatic Center - Leisure Pool,0,40,0.0
2026-04-29 15:12:23,Wed,15,RPAC Cardio Canyon,8,68,11.8
2026-04-29 15:12:23,Wed,15,RPAC North Gym,44,230,19.1
2026-04-29 15:12:23,Wed,15,RPAC South Gym,10,230,4.3
2026-04-29 15:12:23,Wed,15,RPAC TWD Gym Courts 1-2,1,241,0.4
2026-04-29 15:12:23,Wed,15,RPAC TWD Gym Courts 3 - 4,5,241,2.1
2026-04-29 15:12:23,Wed,15,RPAC Upper Gym Courts 1 - 2,27,241,11.2
2026-04-29 15:12:23,Wed,15,RPAC Upper Gym Courts 3 - 4 ,12,241,5.0
2026-04-29 15:12:23,Wed,15,RPAC Weight Floor,54,125,43.2
2026-04-29 15:52:51,Wed,15,RPAC 1st Floor Fitness Balcony,25,55,45.5
2026-04-29 15:52:51,Wed,15,RPAC 2nd Floor Cardio Loft,3,37,8.1
2026-04-29 15:52:51,Wed,15,RPAC Aquatic Center - Class Pool,4,32,12.5
2026-04-29 15:52:51,Wed,15,RPAC Aquatic Center - Comp Pool,0,25,0.0
2026-04-29 15:52:51,Wed,15,RPAC Aquatic Center - Hot Tub,0,15,0.0
2026-04-29 15:52:51,Wed,15,RPAC Aquatic Center - Lap Pool,2,24,8.3
2026-04-29 15:52:51,Wed,15,RPAC Aquatic Center - Leisure Pool,0,40,0.0
2026-04-29 15:52:51,Wed,15,RPAC Cardio Canyon,31,68,45.6
2026-04-29 15:52:51,Wed,15,RPAC North Gym,4,230,1.7
2026-04-29 15:52:51,Wed,15,RPAC South Gym,10,230,4.3
2026-04-29 15:52:51,Wed,15,RPAC TWD Gym Courts 1-2,8,241,3.3
2026-04-29 15:52:51,Wed,15,RPAC TWD Gym Courts 3 - 4,4,241,1.7
2026-04-29 15:52:51,Wed,15,RPAC Upper Gym Courts 1 - 2,27,241,11.2
2026-04-29 15:52:51,Wed,15,RPAC Upper Gym Courts 3 - 4 ,12,241,5.0
2026-04-29 15:52:51,Wed,15,RPAC Weight Floor,60,125,48.0
2026-04-29 16:30:36,Wed,16,RPAC 1st Floor Fitness Balcony,25,55,45.5
2026-04-29 16:30:36,Wed,16,RPAC 2nd Floor Cardio Loft,3,37,8.1
2026-04-29 16:30:36,Wed,16,RPAC Aquatic Center - Class Pool,4,32,12.5
2026-04-29 16:30:36,Wed,16,RPAC Aquatic Center - Comp Pool,0,25,0.0
2026-04-29 16:30:36,Wed,16,RPAC Aquatic Center - Hot Tub,4,15,26.7
2026-04-29 16:30:36,Wed,16,RPAC Aquatic Center - Lap Pool,3,24,12.5
2026-04-29 16:30:36,Wed,16,RPAC Aquatic Center - Leisure Pool,0,40,0.0
2026-04-29 16:30:36,Wed,16,RPAC Cardio Canyon,31,68,45.6
2026-04-29 16:30:36,Wed,16,RPAC North Gym,4,230,1.7
2026-04-29 16:30:36,Wed,16,RPAC South Gym,10,230,4.3
2026-04-29 16:30:36,Wed,16,RPAC TWD Gym Courts 1-2,8,241,3.3
2026-04-29 16:30:36,Wed,16,RPAC TWD Gym Courts 3 - 4,4,241,1.7
2026-04-29 16:30:36,Wed,16,RPAC Upper Gym Courts 1 - 2,27,241,11.2
2026-04-29 16:30:36,Wed,16,RPAC Upper Gym Courts 3 - 4 ,12,241,5.0
2026-04-29 16:30:36,Wed,16,RPAC Weight Floor,60,125,48.0
2026-04-29 17:10:00,Wed,17,RPAC 1st Floor Fitness Balcony,25,55,45.5
2026-04-29 17:10:00,Wed,17,RPAC 2nd Floor Cardio Loft,3,37,8.1
2026-04-29 17:10:00,Wed,17,RPAC Aquatic Center - Class Pool,7,32,21.9
2026-04-29 17:10:00,Wed,17,RPAC Aquatic Center - Comp Pool,0,25,0.0
2026-04-29 17:10:00,Wed,17,RPAC Aquatic Center - Hot Tub,3,15,20.0
2026-04-29 17:10:00,Wed,17,RPAC Aquatic Center - Lap Pool,4,24,16.7
2026-04-29 17:10:00,Wed,17,RPAC Aquatic Center - Leisure Pool,0,40,0.0
2026-04-29 17:10:00,Wed,17,RPAC Cardio Canyon,31,68,45.6
2026-04-29 17:10:00,Wed,17,RPAC North Gym,4,230,1.7
2026-04-29 17:10:00,Wed,17,RPAC South Gym,10,230,4.3
2026-04-29 17:10:00,Wed,17,RPAC TWD Gym Courts 1-2,8,241,3.3
2026-04-29 17:10:00,Wed,17,RPAC TWD Gym Courts 3 - 4,4,241,1.7
2026-04-29 17:10:00,Wed,17,RPAC Upper Gym Courts 1 - 2,27,241,11.2
2026-04-29 17:10:00,Wed,17,RPAC Upper Gym Courts 3 - 4 ,12,241,5.0
2026-04-29 17:10:00,Wed,17,RPAC Weight Floor,60,125,48.0
2026-04-29 17:40:02,Wed,17,RPAC 1st Floor Fitness Balcony,25,55,45.5
2026-04-29 17:40:02,Wed,17,RPAC 2nd Floor Cardio Loft,3,37,8.1
2026-04-29 17:40:02,Wed,17,RPAC Aquatic Center - Class Pool,10,32,31.2
2026-04-29 17:40:02,Wed,17,RPAC Aquatic Center - Comp Pool,0,25,0.0
2026-04-29 17:40:02,Wed,17,RPAC Aquatic Center - Hot Tub,3,15,20.0
2026-04-29 17:40:02,Wed,17,RPAC Aquatic Center - Lap Pool,5,24,20.8
2026-04-29 17:40:02,Wed,17,RPAC Aquatic Center - Leisure Pool,0,40,0.0
2026-04-29 17:40:02,Wed,17,RPAC Cardio Canyon,31,68,45.6
2026-04-29 17:40:02,Wed,17,RPAC North Gym,4,230,1.7
2026-04-29 17:40:02,Wed,17,RPAC South Gym,10,230,4.3
2026-04-29 17:40:02,Wed,17,RPAC TWD Gym Courts 1-2,8,241,3.3
2026-04-29 17:40:02,Wed,17,RPAC TWD Gym Courts 3 - 4,4,241,1.7
2026-04-29 17:40:02,Wed,17,RPAC Upper Gym Courts 1 - 2,27,241,11.2
2026-04-29 17:40:02,Wed,17,RPAC Upper Gym Courts 3 - 4 ,12,241,5.0
2026-04-29 17:40:02,Wed,17,RPAC Weight Floor,60,125,48.0
2026-04-29 18:08:17,Wed,18,RPAC 1st Floor Fitness Balcony,25,55,45.5
2026-04-29 18:08:17,Wed,18,RPAC 2nd Floor Cardio Loft,3,37,8.1
2026-04-29 18:08:17,Wed,18,RPAC Aquatic Center - Class Pool,13,32,40.6
2026-04-29 18:08:17,Wed,18,RPAC Aquatic Center - Comp Pool,0,25,0.0
2026-04-29 18:08:17,Wed,18,RPAC Aquatic Center - Hot Tub,4,15,26.7
2026-04-29 18:08:17,Wed,18,RPAC Aquatic Center - Lap Pool,4,24,16.7
2026-04-29 18:08:17,Wed,18,RPAC Aquatic Center - Leisure Pool,0,40,0.0
2026-04-29 18:08:17,Wed,18,RPAC Cardio Canyon,31,68,45.6
2026-04-29 18:08:17,Wed,18,RPAC North Gym,4,230,1.7
2026-04-29 18:08:17,Wed,18,RPAC South Gym,10,230,4.3
2026-04-29 18:08:17,Wed,18,RPAC TWD Gym Courts 1-2,8,241,3.3
2026-04-29 18:08:17,Wed,18,RPAC TWD Gym Courts 3 - 4,4,241,1.7
2026-04-29 18:08:17,Wed,18,RPAC Upper Gym Courts 1 - 2,27,241,11.2
2026-04-29 18:08:17,Wed,18,RPAC Upper Gym Courts 3 - 4 ,12,241,5.0
2026-04-29 18:08:17,Wed,18,RPAC Weight Floor,60,125,48.0
2026-04-29 18:36:41,Wed,18,RPAC 1st Floor Fitness Balcony,25,55,45.5
2026-04-29 18:36:41,Wed,18,RPAC 2nd Floor Cardio Loft,3,37,8.1
2026-04-29 18:36:41,Wed,18,RPAC Aquatic Center - Class Pool,10,32,31.2
2026-04-29 18:36:41,Wed,18,RPAC Aquatic Center - Comp Pool,0,25,0.0
2026-04-29 18:36:41,Wed,18,RPAC Aquatic Center - Hot Tub,8,15,53.3
2026-04-29 18:36:41,Wed,18,RPAC Aquatic Center - Lap Pool,7,24,29.2
2026-04-29 18:36:41,Wed,18,RPAC Aquatic Center - Leisure Pool,0,40,0.0
2026-04-29 18:36:41,Wed,18,RPAC Cardio Canyon,31,68,45.6
2026-04-29 18:36:41,Wed,18,RPAC North Gym,4,230,1.7
2026-04-29 18:36:41,Wed,18,RPAC South Gym,10,230,4.3
2026-04-29 18:36:41,Wed,18,RPAC TWD Gym Courts 1-2,8,241,3.3
2026-04-29 18:36:41,Wed,18,RPAC TWD Gym Courts 3 - 4,4,241,1.7
2026-04-29 18:36:41,Wed,18,RPAC Upper Gym Courts 1 - 2,27,241,11.2
2026-04-29 18:36:41,Wed,18,RPAC Upper Gym Courts 3 - 4 ,12,241,5.0
2026-04-29 18:36:41,Wed,18,RPAC Weight Floor,60,125,48.0
2026-04-29 19:06:56,Wed,19,RPAC 1st Floor Fitness Balcony,25,55,45.5
2026-04-29 19:06:56,Wed,19,RPAC 2nd Floor Cardio Loft,3,37,8.1
2026-04-29 19:06:56,Wed,19,RPAC Aquatic Center - Class Pool,0,32,0.0
2026-04-29 19:06:56,Wed,19,RPAC Aquatic Center - Comp Pool,0,25,0.0
2026-04-29 19:06:56,Wed,19,RPAC Aquatic Center - Hot Tub,0,15,0.0
2026-04-29 19:06:56,Wed,19,RPAC Aquatic Center - Lap Pool,0,24,0.0
2026-04-29 19:06:56,Wed,19,RPAC Aquatic Center - Leisure Pool,0,40,0.0
2026-04-29 19:06:56,Wed,19,RPAC Cardio Canyon,31,68,45.6
2026-04-29 19:06:56,Wed,19,RPAC North Gym,4,230,1.7
2026-04-29 19:06:56,Wed,19,RPAC South Gym,10,230,4.3
2026-04-29 19:06:56,Wed,19,RPAC TWD Gym Courts 1-2,8,241,3.3
2026-04-29 19:06:56,Wed,19,RPAC TWD Gym Courts 3 - 4,4,241,1.7
2026-04-29 19:06:56,Wed,19,RPAC Upper Gym Courts 1 - 2,27,241,11.2
2026-04-29 19:06:56,Wed,19,RPAC Upper Gym Courts 3 - 4 ,12,241,5.0
2026-04-29 19:06:56,Wed,19,RPAC Weight Floor,60,125,48.0
2026-04-29 19:35:12,Wed,19,RPAC 1st Floor Fitness Balcony,25,55,45.5
2026-04-29 19:35:12,Wed,19,RPAC 2nd Floor Cardio Loft,3,37,8.1
2026-04-29 19:35:12,Wed,19,RPAC Aquatic Center - Class Pool,0,32,0.0
2026-04-29 19:35:12,Wed,19,RPAC Aquatic Center - Comp Pool,0,25,0.0
2026-04-29 19:35:12,Wed,19,RPAC Aquatic Center - Hot Tub,0,15,0.0
2026-04-29 19:35:12,Wed,19,RPAC Aquatic Center - Lap Pool,0,24,0.0
2026-04-29 19:35:12,Wed,19,RPAC Aquatic Center - Leisure Pool,0,40,0.0
2026-04-29 19:35:12,Wed,19,RPAC Cardio Canyon,31,68,45.6
2026-04-29 19:35:12,Wed,19,RPAC North Gym,4,230,1.7
2026-04-29 19:35:12,Wed,19,RPAC South Gym,10,230,4.3
2026-04-29 19:35:12,Wed,19,RPAC TWD Gym Courts 1-2,8,241,3.3
2026-04-29 19:35:12,Wed,19,RPAC TWD Gym Courts 3 - 4,4,241,1.7
2026-04-29 19:35:12,Wed,19,RPAC Upper Gym Courts 1 - 2,27,241,11.2
2026-04-29 19:35:12,Wed,19,RPAC Upper Gym Courts 3 - 4 ,12,241,5.0
2026-04-29 19:35:12,Wed,19,RPAC Weight Floor,60,125,48.0
2026-04-29 20:05:21,Wed,20,RPAC 1st Floor Fitness Balcony,25,55,45.5
2026-04-29 20:05:21,Wed,20,RPAC 2nd Floor Cardio Loft,3,37,8.1
2026-04-29 20:05:21,Wed,20,RPAC Aquatic Center - Class Pool,0,32,0.0
2026-04-29 20:05:21,Wed,20,RPAC Aquatic Center - Comp Pool,0,25,0.0
2026-04-29 20:05:21,Wed,20,RPAC Aquatic Center - Hot Tub,0,15,0.0
2026-04-29 20:05:21,Wed,20,RPAC Aquatic Center - Lap Pool,0,24,0.0
2026-04-29 20:05:21,Wed,20,RPAC Aquatic Center - Leisure Pool,0,40,0.0
2026-04-29 20:05:21,Wed,20,RPAC Cardio Canyon,31,68,45.6
2026-04-29 20:05:21,Wed,20,RPAC North Gym,4,230,1.7
2026-04-29 20:05:21,Wed,20,RPAC South Gym,10,230,4.3
2026-04-29 20:05:21,Wed,20,RPAC TWD Gym Courts 1-2,8,241,3.3
2026-04-29 20:05:21,Wed,20,RPAC TWD Gym Courts 3 - 4,4,241,1.7
2026-04-29 20:05:21,Wed,20,RPAC Upper Gym Courts 1 - 2,27,241,11.2
2026-04-29 20:05:21,Wed,20,RPAC Upper Gym Courts 3 - 4 ,12,241,5.0
2026-04-29 20:05:21,Wed,20,RPAC Weight Floor,60,125,48.0
2026-04-29 21:09:47,Wed,21,RPAC 1st Floor Fitness Balcony,25,55,45.5
2026-04-29 21:09:47,Wed,21,RPAC 2nd Floor Cardio Loft,3,37,8.1
2026-04-29 21:09:47,Wed,21,RPAC Aquatic Center - Class Pool,0,32,0.0
2026-04-29 21:09:47,Wed,21,RPAC Aquatic Center - Comp Pool,0,25,0.0
2026-04-29 21:09:47,Wed,21,RPAC Aquatic Center - Hot Tub,0,15,0.0
2026-04-29 21:09:47,Wed,21,RPAC Aquatic Center - Lap Pool,0,24,0.0
2026-04-29 21:09:47,Wed,21,RPAC Aquatic Center - Leisure Pool,0,40,0.0
2026-04-29 21:09:47,Wed,21,RPAC Cardio Canyon,31,68,45.6
2026-04-29 21:09:47,Wed,21,RPAC North Gym,4,230,1.7
2026-04-29 21:09:47,Wed,21,RPAC South Gym,10,230,4.3
2026-04-29 21:09:47,Wed,21,RPAC TWD Gym Courts 1-2,8,241,3.3
2026-04-29 21:09:47,Wed,21,RPAC TWD Gym Courts 3 - 4,4,241,1.7
2026-04-29 21:09:47,Wed,21,RPAC Upper Gym Courts 1 - 2,27,241,11.2
2026-04-29 21:09:47,Wed,21,RPAC Upper Gym Courts 3 - 4 ,12,241,5.0
2026-04-29 21:09:47,Wed,21,RPAC Weight Floor,60,125,48.0
2026-04-29 21:57:29,Wed,21,RPAC 1st Floor Fitness Balcony,25,55,45.5
2026-04-29 21:57:29,Wed,21,RPAC 2nd Floor Cardio Loft,3,37,8.1
2026-04-29 21:57:29,Wed,21,RPAC Aquatic Center - Class Pool,0,32,0.0
2026-04-29 21:57:29,Wed,21,RPAC Aquatic Center - Comp Pool,0,25,0.0
2026-04-29 21:57:29,Wed,21,RPAC Aquatic Center - Hot Tub,0,15,0.0
2026-04-29 21:57:29,Wed,21,RPAC Aquatic Center - Lap Pool,0,24,0.0
2026-04-29 21:57:29,Wed,21,RPAC Aquatic Center - Leisure Pool,0,40,0.0
2026-04-29 21:57:29,Wed,21,RPAC Cardio Canyon,31,68,45.6
2026-04-29 21:57:29,Wed,21,RPAC North Gym,4,230,1.7
2026-04-29 21:57:29,Wed,21,RPAC South Gym,10,230,4.3
2026-04-29 21:57:29,Wed,21,RPAC TWD Gym Courts 1-2,8,241,3.3
2026-04-29 21:57:29,Wed,21,RPAC TWD Gym Courts 3 - 4,4,241,1.7
2026-04-29 21:57:29,Wed,21,RPAC Upper Gym Courts 1 - 2,27,241,11.2
2026-04-29 21:57:29,Wed,21,RPAC Upper Gym Courts 3 - 4 ,12,241,5.0
2026-04-29 21:57:29,Wed,21,RPAC Weight Floor,60,125,48.0
2026-04-29 23:19:10,Wed,23,RPAC 1st Floor Fitness Balcony,25,55,45.5
2026-04-29 23:19:10,Wed,23,RPAC 2nd Floor Cardio Loft,3,37,8.1
2026-04-29 23:19:10,Wed,23,RPAC Aquatic Center - Class Pool,0,32,0.0
2026-04-29 23:19:10,Wed,23,RPAC Aquatic Center - Comp Pool,0,25,0.0
2026-04-29 23:19:10,Wed,23,RPAC Aquatic Center - Hot Tub,0,15,0.0
2026-04-29 23:19:10,Wed,23,RPAC Aquatic Center - Lap Pool,0,24,0.0
2026-04-29 23:19:10,Wed,23,RPAC Aquatic Center - Leisure Pool,0,40,0.0
2026-04-29 23:19:10,Wed,23,RPAC Cardio Canyon,31,68,45.6
2026-04-29 23:19:10,Wed,23,RPAC North Gym,4,230,1.7
2026-04-29 23:19:10,Wed,23,RPAC South Gym,10,230,4.3
2026-04-29 23:19:10,Wed,23,RPAC TWD Gym Courts 1-2,8,241,3.3
2026-04-29 23:19:10,Wed,23,RPAC TWD Gym Courts 3 - 4,4,241,1.7
2026-04-29 23:19:10,Wed,23,RPAC Upper Gym Courts 1 - 2,27,241,11.2
2026-04-29 23:19:10,Wed,23,RPAC Upper Gym Courts 3 - 4 ,12,241,5.0
2026-04-29 23:19:10,Wed,23,RPAC Weight Floor,60,125,48.0
2026-04-30 00:42:32,Thu,0,RPAC 1st Floor Fitness Balcony,25,55,45.5
2026-04-30 00:42:32,Thu,0,RPAC 2nd Floor Cardio Loft,3,37,8.1
2026-04-30 00:42:32,Thu,0,RPAC Aquatic Center - Class Pool,0,32,0.0
2026-04-30 00:42:32,Thu,0,RPAC Aquatic Center - Comp Pool,0,25,0.0
2026-04-30 00:42:32,Thu,0,RPAC Aquatic Center - Hot Tub,0,15,0.0
2026-04-30 00:42:32,Thu,0,RPAC Aquatic Center - Lap Pool,0,24,0.0
2026-04-30 00:42:32,Thu,0,RPAC Aquatic Center - Leisure Pool,0,40,0.0
2026-04-30 00:42:32,Thu,0,RPAC Cardio Canyon,31,68,45.6
2026-04-30 00:42:32,Thu,0,RPAC North Gym,4,230,1.7
2026-04-30 00:42:32,Thu,0,RPAC South Gym,10,230,4.3
2026-04-30 00:42:32,Thu,0,RPAC TWD Gym Courts 1-2,8,241,3.3
2026-04-30 00:42:32,Thu,0,RPAC TWD Gym Courts 3 - 4,4,241,1.7
2026-04-30 00:42:32,Thu,0,RPAC Upper Gym Courts 1 - 2,27,241,11.2
2026-04-30 00:42:32,Thu,0,RPAC Upper Gym Courts 3 - 4 ,12,241,5.0
2026-04-30 00:42:32,Thu,0,RPAC Weight Floor,60,125,48.0
2026-04-30 01:47:11,Thu,1,RPAC 1st Floor Fitness Balcony,25,55,45.5
2026-04-30 01:47:11,Thu,1,RPAC 2nd Floor Cardio Loft,3,37,8.1
2026-04-30 01:47:11,Thu,1,RPAC Aquatic Center - Class Pool,0,32,0.0
2026-04-30 01:47:11,Thu,1,RPAC Aquatic Center - Comp Pool,0,25,0.0
2026-04-30 01:47:11,Thu,1,RPAC Aquatic Center - Hot Tub,0,15,0.0
2026-04-30 01:47:11,Thu,1,RPAC Aquatic Center - Lap Pool,0,24,0.0
2026-04-30 01:47:11,Thu,1,RPAC Aquatic Center - Leisure Pool,0,40,0.0
2026-04-30 01:47:11,Thu,1,RPAC Cardio Canyon,31,68,45.6
2026-04-30 01:47:11,Thu,1,RPAC North Gym,4,230,1.7
2026-04-30 01:47:11,Thu,1,RPAC South Gym,10,230,4.3
2026-04-30 01:47:11,Thu,1,RPAC TWD Gym Courts 1-2,8,241,3.3
2026-04-30 01:47:11,Thu,1,RPAC TWD Gym Courts 3 - 4,4,241,1.7
2026-04-30 01:47:11,Thu,1,RPAC Upper Gym Courts 1 - 2,27,241,11.2
2026-04-30 01:47:11,Thu,1,RPAC Upper Gym Courts 3 - 4 ,12,241,5.0
2026-04-30 01:47:11,Thu,1,RPAC Weight Floor,60,125,48.0
2026-04-30 04:53:00,Thu,4,RPAC 1st Floor Fitness Balcony,25,55,45.5
2026-04-30 04:53:00,Thu,4,RPAC 2nd Floor Cardio Loft,3,37,8.1
2026-04-30 04:53:00,Thu,4,RPAC Aquatic Center - Class Pool,0,32,0.0
2026-04-30 04:53:00,Thu,4,RPAC Aquatic Center - Comp Pool,0,25,0.0
2026-04-30 04:53:00,Thu,4,RPAC Aquatic Center - Hot Tub,0,15,0.0
2026-04-30 04:53:00,Thu,4,RPAC Aquatic Center - Lap Pool,0,24,0.0
2026-04-30 04:53:00,Thu,4,RPAC Aquatic Center - Leisure Pool,0,40,0.0
2026-04-30 04:53:00,Thu,4,RPAC Cardio Canyon,31,68,45.6
2026-04-30 04:53:00,Thu,4,RPAC North Gym,4,230,1.7
2026-04-30 04:53:00,Thu,4,RPAC South Gym,10,230,4.3
2026-04-30 04:53:00,Thu,4,RPAC TWD Gym Courts 1-2,8,241,3.3
2026-04-30 04:53:00,Thu,4,RPAC TWD Gym Courts 3 - 4,4,241,1.7
2026-04-30 04:53:00,Thu,4,RPAC Upper Gym Courts 1 - 2,27,241,11.2
2026-04-30 04:53:00,Thu,4,RPAC Upper Gym Courts 3 - 4 ,12,241,5.0
2026-04-30 04:53:00,Thu,4,RPAC Weight Floor,60,125,48.0
2026-04-30 05:46:47,Thu,5,RPAC 1st Floor Fitness Balcony,25,55,45.5
2026-04-30 05:46:47,Thu,5,RPAC 2nd Floor Cardio Loft,3,37,8.1
2026-04-30 05:46:47,Thu,5,RPAC Aquatic Center - Class Pool,3,32,9.4
2026-04-30 05:46:47,Thu,5,RPAC Aquatic Center - Comp Pool,0,25,0.0
2026-04-30 05:46:47,Thu,5,RPAC Aquatic Center - Hot Tub,0,15,0.0
2026-04-30 05:46:47,Thu,5,RPAC Aquatic Center - Lap Pool,4,24,16.7
2026-04-30 05:46:47,Thu,5,RPAC Aquatic Center - Leisure Pool,0,40,0.0
2026-04-30 05:46:47,Thu,5,RPAC Cardio Canyon,31,68,45.6
2026-04-30 05:46:47,Thu,5,RPAC North Gym,4,230,1.7
2026-04-30 05:46:47,Thu,5,RPAC South Gym,10,230,4.3
2026-04-30 05:46:47,Thu,5,RPAC TWD Gym Courts 1-2,8,241,3.3
2026-04-30 05:46:47,Thu,5,RPAC TWD Gym Courts 3 - 4,4,241,1.7
2026-04-30 05:46:47,Thu,5,RPAC Upper Gym Courts 1 - 2,27,241,11.2
2026-04-30 05:46:47,Thu,5,RPAC Upper Gym Courts 3 - 4 ,12,241,5.0
2026-04-30 05:46:47,Thu,5,RPAC Weight Floor,60,125,48.0
2026-04-30 06:39:52,Thu,6,RPAC 1st Floor Fitness Balcony,25,55,45.5
2026-04-30 06:39:52,Thu,6,RPAC 2nd Floor Cardio Loft,3,37,8.1
2026-04-30 06:39:52,Thu,6,RPAC Aquatic Center - Class Pool,3,32,9.4
2026-04-30 06:39:52,Thu,6,RPAC Aquatic Center - Comp Pool,0,25,0.0
2026-04-30 06:39:52,Thu,6,RPAC Aquatic Center - Hot Tub,1,15,6.7
2026-04-30 06:39:52,Thu,6,RPAC Aquatic Center - Lap Pool,5,24,20.8
2026-04-30 06:39:52,Thu,6,RPAC Aquatic Center - Leisure Pool,0,40,0.0
2026-04-30 06:39:52,Thu,6,RPAC Cardio Canyon,31,68,45.6
2026-04-30 06:39:52,Thu,6,RPAC North Gym,4,230,1.7
2026-04-30 06:39:52,Thu,6,RPAC South Gym,10,230,4.3
2026-04-30 06:39:52,Thu,6,RPAC TWD Gym Courts 1-2,8,241,3.3
2026-04-30 06:39:52,Thu,6,RPAC TWD Gym Courts 3 - 4,4,241,1.7
2026-04-30 06:39:52,Thu,6,RPAC Upper Gym Courts 1 - 2,27,241,11.2
2026-04-30 06:39:52,Thu,6,RPAC Upper Gym Courts 3 - 4 ,12,241,5.0
2026-04-30 06:39:52,Thu,6,RPAC Weight Floor,60,125,48.0
2026-04-30 07:18:56,Thu,7,RPAC 1st Floor Fitness Balcony,25,55,45.5
2026-04-30 07:18:56,Thu,7,RPAC 2nd Floor Cardio Loft,3,37,8.1
2026-04-30 07:18:56,Thu,7,RPAC Aquatic Center - Class Pool,3,32,9.4
2026-04-30 07:18:56,Thu,7,RPAC Aquatic Center - Comp Pool,0,25,0.0
2026-04-30 07:18:56,Thu,7,RPAC Aquatic Center - Hot Tub,1,15,6.7
2026-04-30 07:18:56,Thu,7,RPAC Aquatic Center - Lap Pool,3,24,12.5
2026-04-30 07:18:56,Thu,7,RPAC Aquatic Center - Leisure Pool,0,40,0.0
2026-04-30 07:18:56,Thu,7,RPAC Cardio Canyon,31,68,45.6
2026-04-30 07:18:56,Thu,7,RPAC North Gym,4,230,1.7
2026-04-30 07:18:56,Thu,7,RPAC South Gym,10,230,4.3
2026-04-30 07:18:56,Thu,7,RPAC TWD Gym Courts 1-2,8,241,3.3
2026-04-30 07:18:56,Thu,7,RPAC TWD Gym Courts 3 - 4,4,241,1.7
2026-04-30 07:18:56,Thu,7,RPAC Upper Gym Courts 1 - 2,27,241,11.2
2026-04-30 07:18:56,Thu,7,RPAC Upper Gym Courts 3 - 4 ,12,241,5.0
2026-04-30 07:18:56,Thu,7,RPAC Weight Floor,60,125,48.0
2026-04-30 08:50:48,Thu,8,RPAC 1st Floor Fitness Balcony,25,55,45.5
2026-04-30 08:50:48,Thu,8,RPAC 2nd Floor Cardio Loft,3,37,8.1
2026-04-30 08:50:48,Thu,8,RPAC Aquatic Center - Class Pool,4,32,12.5
2026-04-30 08:50:48,Thu,8,RPAC Aquatic Center - Comp Pool,0,25,0.0
2026-04-30 08:50:48,Thu,8,RPAC Aquatic Center - Hot Tub,1,15,6.7
2026-04-30 08:50:48,Thu,8,RPAC Aquatic Center - Lap Pool,2,24,8.3
2026-04-30 08:50:48,Thu,8,RPAC Aquatic Center - Leisure Pool,0,40,0.0
2026-04-30 08:50:48,Thu,8,RPAC Cardio Canyon,31,68,45.6
2026-04-30 08:50:48,Thu,8,RPAC North Gym,4,230,1.7
2026-04-30 08:50:48,Thu,8,RPAC South Gym,10,230,4.3
2026-04-30 08:50:48,Thu,8,RPAC TWD Gym Courts 1-2,8,241,3.3
2026-04-30 08:50:48,Thu,8,RPAC TWD Gym Courts 3 - 4,4,241,1.7
2026-04-30 08:50:48,Thu,8,RPAC Upper Gym Courts 1 - 2,27,241,11.2
2026-04-30 08:50:48,Thu,8,RPAC Upper Gym Courts 3 - 4 ,12,241,5.0
2026-04-30 08:50:48,Thu,8,RPAC Weight Floor,60,125,48.0
2026-04-30 09:39:08,Thu,9,RPAC 1st Floor Fitness Balcony,25,55,45.5
2026-04-30 09:39:08,Thu,9,RPAC 2nd Floor Cardio Loft,3,37,8.1
2026-04-30 09:39:08,Thu,9,RPAC Aquatic Center - Class Pool,4,32,12.5
2026-04-30 09:39:08,Thu,9,RPAC Aquatic Center - Comp Pool,0,25,0.0
2026-04-30 09:39:08,Thu,9,RPAC Aquatic Center - Hot Tub,3,15,20.0
2026-04-30 09:39:08,Thu,9,RPAC Aquatic Center - Lap Pool,3,24,12.5
2026-04-30 09:39:08,Thu,9,RPAC Aquatic Center - Leisure Pool,0,40,0.0
2026-04-30 09:39:08,Thu,9,RPAC Cardio Canyon,31,68,45.6
2026-04-30 09:39:08,Thu,9,RPAC North Gym,4,230,1.7
2026-04-30 09:39:08,Thu,9,RPAC South Gym,10,230,4.3
2026-04-30 09:39:08,Thu,9,RPAC TWD Gym Courts 1-2,8,241,3.3
2026-04-30 09:39:08,Thu,9,RPAC TWD Gym Courts 3 - 4,4,241,1.7
2026-04-30 09:39:08,Thu,9,RPAC Upper Gym Courts 1 - 2,27,241,11.2
2026-04-30 09:39:08,Thu,9,RPAC Upper Gym Courts 3 - 4 ,12,241,5.0
2026-04-30 09:39:08,Thu,9,RPAC Weight Floor,60,125,48.0
2026-04-30 10:28:49,Thu,10,RPAC 1st Floor Fitness Balcony,25,55,45.5
2026-04-30 10:28:49,Thu,10,RPAC 2nd Floor Cardio Loft,3,37,8.1
2026-04-30 10:28:49,Thu,10,RPAC Aquatic Center - Class Pool,3,32,9.4
2026-04-30 10:28:49,Thu,10,RPAC Aquatic Center - Comp Pool,0,25,0.0
2026-04-30 10:28:49,Thu,10,RPAC Aquatic Center - Hot Tub,0,15,0.0
2026-04-30 10:28:49,Thu,10,RPAC Aquatic Center - Lap Pool,1,24,4.2
2026-04-30 10:28:49,Thu,10,RPAC Aquatic Center - Leisure Pool,0,40,0.0
2026-04-30 10:28:49,Thu,10,RPAC Cardio Canyon,31,68,45.6
2026-04-30 10:28:49,Thu,10,RPAC North Gym,4,230,1.7
2026-04-30 10:28:49,Thu,10,RPAC South Gym,10,230,4.3
2026-04-30 10:28:49,Thu,10,RPAC TWD Gym Courts 1-2,8,241,3.3
2026-04-30 10:28:49,Thu,10,RPAC TWD Gym Courts 3 - 4,4,241,1.7
2026-04-30 10:28:49,Thu,10,RPAC Upper Gym Courts 1 - 2,27,241,11.2
2026-04-30 10:28:49,Thu,10,RPAC Upper Gym Courts 3 - 4 ,12,241,5.0
2026-04-30 10:28:49,Thu,10,RPAC Weight Floor,60,125,48.0
2026-04-30 11:20:14,Thu,11,RPAC 1st Floor Fitness Balcony,25,55,45.5
2026-04-30 11:20:14,Thu,11,RPAC 2nd Floor Cardio Loft,3,37,8.1
2026-04-30 11:20:14,Thu,11,RPAC Aquatic Center - Class Pool,4,32,12.5
2026-04-30 11:20:14,Thu,11,RPAC Aquatic Center - Comp Pool,0,25,0.0
2026-04-30 11:20:14,Thu,11,RPAC Aquatic Center - Hot Tub,1,15,6.7
2026-04-30 11:20:14,Thu,11,RPAC Aquatic Center - Lap Pool,4,24,16.7
2026-04-30 11:20:14,Thu,11,RPAC Aquatic Center - Leisure Pool,0,40,0.0
2026-04-30 11:20:14,Thu,11,RPAC Cardio Canyon,31,68,45.6
2026-04-30 11:20:14,Thu,11,RPAC North Gym,4,230,1.7
2026-04-30 11:20:14,Thu,11,RPAC South Gym,10,230,4.3
2026-04-30 11:20:14,Thu,11,RPAC TWD Gym Courts 1-2,8,241,3.3
2026-04-30 11:20:14,Thu,11,RPAC TWD Gym Courts 3 - 4,4,241,1.7
2026-04-30 11:20:14,Thu,11,RPAC Upper Gym Courts 1 - 2,27,241,11.2
2026-04-30 11:20:14,Thu,11,RPAC Upper Gym Courts 3 - 4 ,12,241,5.0
2026-04-30 11:20:14,Thu,11,RPAC Weight Floor,60,125,48.0
2026-04-30 12:02:42,Thu,12,RPAC 1st Floor Fitness Balcony,25,55,45.5
2026-04-30 12:02:42,Thu,12,RPAC 2nd Floor Cardio Loft,3,37,8.1
2026-04-30 12:02:42,Thu,12,RPAC Aquatic Center - Class Pool,1,32,3.1
2026-04-30 12:02:42,Thu,12,RPAC Aquatic Center - Comp Pool,0,25,0.0
2026-04-30 12:02:42,Thu,12,RPAC Aquatic Center - Hot Tub,3,15,20.0
2026-04-30 12:02:42,Thu,12,RPAC Aquatic Center - Lap Pool,2,24,8.3
2026-04-30 12:02:42,Thu,12,RPAC Aquatic Center - Leisure Pool,0,40,0.0
2026-04-30 12:02:42,Thu,12,RPAC Cardio Canyon,31,68,45.6
2026-04-30 12:02:42,Thu,12,RPAC North Gym,4,230,1.7
2026-04-30 12:02:42,Thu,12,RPAC South Gym,10,230,4.3
2026-04-30 12:02:42,Thu,12,RPAC TWD Gym Courts 1-2,8,241,3.3
2026-04-30 12:02:42,Thu,12,RPAC TWD Gym Courts 3 - 4,4,241,1.7
2026-04-30 12:02:42,Thu,12,RPAC Upper Gym Courts 1 - 2,27,241,11.2
2026-04-30 12:02:42,Thu,12,RPAC Upper Gym Courts 3 - 4 ,12,241,5.0
2026-04-30 12:02:42,Thu,12,RPAC Weight Floor,60,125,48.0
2026-04-30 12:48:07,Thu,12,RPAC 1st Floor Fitness Balcony,25,55,45.5
2026-04-30 12:48:07,Thu,12,RPAC 2nd Floor Cardio Loft,3,37,8.1
2026-04-30 12:48:07,Thu,12,RPAC Aquatic Center - Class Pool,0,32,0.0
2026-04-30 12:48:07,Thu,12,RPAC Aquatic Center - Comp Pool,0,25,0.0
2026-04-30 12:48:07,Thu,12,RPAC Aquatic Center - Hot Tub,0,15,0.0
2026-04-30 12:48:07,Thu,12,RPAC Aquatic Center - Lap Pool,2,24,8.3
2026-04-30 12:48:07,Thu,12,RPAC Aquatic Center - Leisure Pool,0,40,0.0
2026-04-30 12:48:07,Thu,12,RPAC Cardio Canyon,31,68,45.6
2026-04-30 12:48:07,Thu,12,RPAC North Gym,4,230,1.7
2026-04-30 12:48:07,Thu,12,RPAC South Gym,10,230,4.3
2026-04-30 12:48:07,Thu,12,RPAC TWD Gym Courts 1-2,8,241,3.3
2026-04-30 12:48:07,Thu,12,RPAC TWD Gym Courts 3 - 4,4,241,1.7
2026-04-30 12:48:07,Thu,12,RPAC Upper Gym Courts 1 - 2,27,241,11.2
2026-04-30 12:48:07,Thu,12,RPAC Upper Gym Courts 3 - 4 ,12,241,5.0
2026-04-30 12:48:07,Thu,12,RPAC Weight Floor,60,125,48.0
2026-04-30 13:35:30,Thu,13,RPAC 1st Floor Fitness Balcony,25,55,45.5
2026-04-30 13:35:30,Thu,13,RPAC 2nd Floor Cardio Loft,3,37,8.1
2026-04-30 13:35:30,Thu,13,RPAC Aquatic Center - Class Pool,1,32,3.1
2026-04-30 13:35:30,Thu,13,RPAC Aquatic Center - Comp Pool,0,25,0.0
2026-04-30 13:35:30,Thu,13,RPAC Aquatic Center - Hot Tub,2,15,13.3
2026-04-30 13:35:30,Thu,13,RPAC Aquatic Center - Lap Pool,3,24,12.5
2026-04-30 13:35:30,Thu,13,RPAC Aquatic Center - Leisure Pool,0,40,0.0
2026-04-30 13:35:30,Thu,13,RPAC Cardio Canyon,31,68,45.6
2026-04-30 13:35:30,Thu,13,RPAC North Gym,4,230,1.7
2026-04-30 13:35:30,Thu,13,RPAC South Gym,10,230,4.3
2026-04-30 13:35:30,Thu,13,RPAC TWD Gym Courts 1-2,8,241,3.3
2026-04-30 13:35:30,Thu,13,RPAC TWD Gym Courts 3 - 4,4,241,1.7
2026-04-30 13:35:30,Thu,13,RPAC Upper Gym Courts 1 - 2,27,241,11.2
2026-04-30 13:35:30,Thu,13,RPAC Upper Gym Courts 3 - 4 ,12,241,5.0
2026-04-30 13:35:30,Thu,13,RPAC Weight Floor,60,125,48.0
2026-04-30 14:10:34,Thu,14,RPAC 1st Floor Fitness Balcony,25,55,45.5
2026-04-30 14:10:34,Thu,14,RPAC 2nd Floor Cardio Loft,3,37,8.1
2026-04-30 14:10:34,Thu,14,RPAC Aquatic Center - Class Pool,0,32,0.0
2026-04-30 14:10:34,Thu,14,RPAC Aquatic Center - Comp Pool,0,25,0.0
2026-04-30 14:10:34,Thu,14,RPAC Aquatic Center - Hot Tub,2,15,13.3
2026-04-30 14:10:34,Thu,14,RPAC Aquatic Center - Lap Pool,3,24,12.5
2026-04-30 14:10:34,Thu,14,RPAC Aquatic Center - Leisure Pool,0,40,0.0
2026-04-30 14:10:34,Thu,14,RPAC Cardio Canyon,31,68,45.6
2026-04-30 14:10:34,Thu,14,RPAC North Gym,4,230,1.7
2026-04-30 14:10:34,Thu,14,RPAC South Gym,10,230,4.3
2026-04-30 14:10:34,Thu,14,RPAC TWD Gym Courts 1-2,8,241,3.3
2026-04-30 14:10:34,Thu,14,RPAC TWD Gym Courts 3 - 4,4,241,1.7
2026-04-30 14:10:34,Thu,14,RPAC Upper Gym Courts 1 - 2,27,241,11.2
2026-04-30 14:10:34,Thu,14,RPAC Upper Gym Courts 3 - 4 ,12,241,5.0
2026-04-30 14:10:34,Thu,14,RPAC Weight Floor,60,125,48.0
2026-04-30 14:47:11,Thu,14,RPAC 1st Floor Fitness Balcony,25,55,45.5
2026-04-30 14:47:11,Thu,14,RPAC 2nd Floor Cardio Loft,3,37,8.1
2026-04-30 14:47:11,Thu,14,RPAC Aquatic Center - Class Pool,6,32,18.8
2026-04-30 14:47:11,Thu,14,RPAC Aquatic Center - Comp Pool,0,25,0.0
2026-04-30 14:47:11,Thu,14,RPAC Aquatic Center - Hot Tub,1,15,6.7
2026-04-30 14:47:11,Thu,14,RPAC Aquatic Center - Lap Pool,4,24,16.7
2026-04-30 14:47:11,Thu,14,RPAC Aquatic Center - Leisure Pool,0,40,0.0
2026-04-30 14:47:11,Thu,14,RPAC Cardio Canyon,31,68,45.6
2026-04-30 14:47:11,Thu,14,RPAC North Gym,4,230,1.7
2026-04-30 14:47:11,Thu,14,RPAC South Gym,10,230,4.3
2026-04-30 14:47:11,Thu,14,RPAC TWD Gym Courts 1-2,8,241,3.3
2026-04-30 14:47:11,Thu,14,RPAC TWD Gym Courts 3 - 4,4,241,1.7
2026-04-30 14:47:11,Thu,14,RPAC Upper Gym Courts 1 - 2,27,241,11.2
2026-04-30 14:47:11,Thu,14,RPAC Upper Gym Courts 3 - 4 ,12,241,5.0
2026-04-30 14:47:11,Thu,14,RPAC Weight Floor,60,125,48.0
2026-04-30 15:35:34,Thu,15,RPAC 1st Floor Fitness Balcony,25,55,45.5
2026-04-30 15:35:34,Thu,15,RPAC 2nd Floor Cardio Loft,3,37,8.1
2026-04-30 15:35:34,Thu,15,RPAC Aquatic Center - Class Pool,5,32,15.6
2026-04-30 15:35:34,Thu,15,RPAC Aquatic Center - Comp Pool,0,25,0.0
2026-04-30 15:35:34,Thu,15,RPAC Aquatic Center - Hot Tub,4,15,26.7
2026-04-30 15:35:34,Thu,15,RPAC Aquatic Center - Lap Pool,4,24,16.7
2026-04-30 15:35:34,Thu,15,RPAC Aquatic Center - Leisure Pool,0,40,0.0
2026-04-30 15:35:34,Thu,15,RPAC Cardio Canyon,31,68,45.6
2026-04-30 15:35:34,Thu,15,RPAC North Gym,4,230,1.7
2026-04-30 15:35:34,Thu,15,RPAC South Gym,10,230,4.3
2026-04-30 15:35:34,Thu,15,RPAC TWD Gym Courts 1-2,8,241,3.3
2026-04-30 15:35:34,Thu,15,RPAC TWD Gym Courts 3 - 4,4,241,1.7
2026-04-30 15:35:34,Thu,15,RPAC Upper Gym Courts 1 - 2,27,241,11.2
2026-04-30 15:35:34,Thu,15,RPAC Upper Gym Courts 3 - 4 ,12,241,5.0
2026-04-30 15:35:34,Thu,15,RPAC Weight Floor,60,125,48.0
2026-04-30 16:10:23,Thu,16,RPAC 1st Floor Fitness Balcony,25,55,45.5
2026-04-30 16:10:23,Thu,16,RPAC 2nd Floor Cardio Loft,3,37,8.1
2026-04-30 16:10:23,Thu,16,RPAC Aquatic Center - Class Pool,0,32,0.0
2026-04-30 16:10:23,Thu,16,RPAC Aquatic Center - Comp Pool,0,25,0.0
2026-04-30 16:10:23,Thu,16,RPAC Aquatic Center - Hot Tub,1,15,6.7
2026-04-30 16:10:23,Thu,16,RPAC Aquatic Center - Lap Pool,5,24,20.8
2026-04-30 16:10:23,Thu,16,RPAC Aquatic Center - Leisure Pool,0,40,0.0
2026-04-30 16:10:23,Thu,16,RPAC Cardio Canyon,31,68,45.6
2026-04-30 16:10:23,Thu,16,RPAC North Gym,4,230,1.7
2026-04-30 16:10:23,Thu,16,RPAC South Gym,10,230,4.3
2026-04-30 16:10:23,Thu,16,RPAC TWD Gym Courts 1-2,8,241,3.3
2026-04-30 16:10:23,Thu,16,RPAC TWD Gym Courts 3 - 4,4,241,1.7
2026-04-30 16:10:23,Thu,16,RPAC Upper Gym Courts 1 - 2,27,241,11.2
2026-04-30 16:10:23,Thu,16,RPAC Upper Gym Courts 3 - 4 ,12,241,5.0
2026-04-30 16:10:23,Thu,16,RPAC Weight Floor,60,125,48.0
2026-04-30 16:40:02,Thu,16,RPAC 1st Floor Fitness Balcony,25,55,45.5
2026-04-30 16:40:02,Thu,16,RPAC 2nd Floor Cardio Loft,3,37,8.1
2026-04-30 16:40:02,Thu,16,RPAC Aquatic Center - Class Pool,3,32,9.4
2026-04-30 16:40:02,Thu,16,RPAC Aquatic Center - Comp Pool,0,25,0.0
2026-04-30 16:40:02,Thu,16,RPAC Aquatic Center - Hot Tub,1,15,6.7
2026-04-30 16:40:02,Thu,16,RPAC Aquatic Center - Lap Pool,3,24,12.5
2026-04-30 16:40:02,Thu,16,RPAC Aquatic Center - Leisure Pool,0,40,0.0
2026-04-30 16:40:02,Thu,16,RPAC Cardio Canyon,31,68,45.6
2026-04-30 16:40:02,Thu,16,RPAC North Gym,4,230,1.7
2026-04-30 16:40:02,Thu,16,RPAC South Gym,10,230,4.3
2026-04-30 16:40:02,Thu,16,RPAC TWD Gym Courts 1-2,8,241,3.3
2026-04-30 16:40:02,Thu,16,RPAC TWD Gym Courts 3 - 4,4,241,1.7
2026-04-30 16:40:02,Thu,16,RPAC Upper Gym Courts 1 - 2,27,241,11.2
2026-04-30 16:40:02,Thu,16,RPAC Upper Gym Courts 3 - 4 ,12,241,5.0
2026-04-30 16:40:02,Thu,16,RPAC Weight Floor,60,125,48.0
2026-04-30 17:09:19,Thu,17,RPAC 1st Floor Fitness Balcony,25,55,45.5
2026-04-30 17:09:19,Thu,17,RPAC 2nd Floor Cardio Loft,3,37,8.1
2026-04-30 17:09:19,Thu,17,RPAC Aquatic Center - Class Pool,3,32,9.4
2026-04-30 17:09:19,Thu,17,RPAC Aquatic Center - Comp Pool,0,25,0.0
2026-04-30 17:09:19,Thu,17,RPAC Aquatic Center - Hot Tub,1,15,6.7
2026-04-30 17:09:19,Thu,17,RPAC Aquatic Center - Lap Pool,3,24,12.5
2026-04-30 17:09:19,Thu,17,RPAC Aquatic Center - Leisure Pool,0,40,0.0
2026-04-30 17:09:19,Thu,17,RPAC Cardio Canyon,31,68,45.6
2026-04-30 17:09:19,Thu,17,RPAC North Gym,4,230,1.7
2026-04-30 17:09:19,Thu,17,RPAC South Gym,10,230,4.3
2026-04-30 17:09:19,Thu,17,RPAC TWD Gym Courts 1-2,8,241,3.3
2026-04-30 17:09:19,Thu,17,RPAC TWD Gym Courts 3 - 4,4,241,1.7
2026-04-30 17:09:19,Thu,17,RPAC Upper Gym Courts 1 - 2,27,241,11.2
2026-04-30 17:09:19,Thu,17,RPAC Upper Gym Courts 3 - 4 ,12,241,5.0
2026-04-30 17:09:19,Thu,17,RPAC Weight Floor,60,125,48.0
2026-04-30 17:36:56,Thu,17,RPAC 1st Floor Fitness Balcony,25,55,45.5
2026-04-30 17:36:56,Thu,17,RPAC 2nd Floor Cardio Loft,3,37,8.1
2026-04-30 17:36:56,Thu,17,RPAC Aquatic Center - Class Pool,8,32,25.0
2026-04-30 17:36:56,Thu,17,RPAC Aquatic Center - Comp Pool,0,25,0.0
2026-04-30 17:36:56,Thu,17,RPAC Aquatic Center - Hot Tub,6,15,40.0
2026-04-30 17:36:56,Thu,17,RPAC Aquatic Center - Lap Pool,6,24,25.0
2026-04-30 17:36:56,Thu,17,RPAC Aquatic Center - Leisure Pool,0,40,0.0
2026-04-30 17:36:56,Thu,17,RPAC Cardio Canyon,31,68,45.6
2026-04-30 17:36:56,Thu,17,RPAC North Gym,4,230,1.7
2026-04-30 17:36:56,Thu,17,RPAC South Gym,10,230,4.3
2026-04-30 17:36:56,Thu,17,RPAC TWD Gym Courts 1-2,8,241,3.3
2026-04-30 17:36:56,Thu,17,RPAC TWD Gym Courts 3 - 4,4,241,1.7
2026-04-30 17:36:56,Thu,17,RPAC Upper Gym Courts 1 - 2,27,241,11.2
2026-04-30 17:36:56,Thu,17,RPAC Upper Gym Courts 3 - 4 ,12,241,5.0
2026-04-30 17:36:56,Thu,17,RPAC Weight Floor,60,125,48.0
2026-04-30 18:06:39,Thu,18,RPAC 1st Floor Fitness Balcony,25,55,45.5
2026-04-30 18:06:39,Thu,18,RPAC 2nd Floor Cardio Loft,3,37,8.1
2026-04-30 18:06:39,Thu,18,RPAC Aquatic Center - Class Pool,8,32,25.0
2026-04-30 18:06:39,Thu,18,RPAC Aquatic Center - Comp Pool,0,25,0.0
2026-04-30 18:06:39,Thu,18,RPAC Aquatic Center - Hot Tub,6,15,40.0
2026-04-30 18:06:39,Thu,18,RPAC Aquatic Center - Lap Pool,6,24,25.0
2026-04-30 18:06:39,Thu,18,RPAC Aquatic Center - Leisure Pool,0,40,0.0
2026-04-30 18:06:39,Thu,18,RPAC Cardio Canyon,31,68,45.6
2026-04-30 18:06:39,Thu,18,RPAC North Gym,4,230,1.7
2026-04-30 18:06:39,Thu,18,RPAC South Gym,10,230,4.3
2026-04-30 18:06:39,Thu,18,RPAC TWD Gym Courts 1-2,8,241,3.3
2026-04-30 18:06:39,Thu,18,RPAC TWD Gym Courts 3 - 4,4,241,1.7
2026-04-30 18:06:39,Thu,18,RPAC Upper Gym Courts 1 - 2,27,241,11.2
2026-04-30 18:06:39,Thu,18,RPAC Upper Gym Courts 3 - 4 ,12,241,5.0
2026-04-30 18:06:39,Thu,18,RPAC Weight Floor,60,125,48.0
2026-04-30 19:06:04,Thu,19,RPAC 1st Floor Fitness Balcony,25,55,45.5
2026-04-30 19:06:04,Thu,19,RPAC 2nd Floor Cardio Loft,3,37,8.1
2026-04-30 19:06:04,Thu,19,RPAC Aquatic Center - Class Pool,4,32,12.5
2026-04-30 19:06:04,Thu,19,RPAC Aquatic Center - Comp Pool,0,25,0.0
2026-04-30 19:06:04,Thu,19,RPAC Aquatic Center - Hot Tub,6,15,40.0
2026-04-30 19:06:04,Thu,19,RPAC Aquatic Center - Lap Pool,4,24,16.7
2026-04-30 19:06:04,Thu,19,RPAC Aquatic Center - Leisure Pool,0,40,0.0
2026-04-30 19:06:04,Thu,19,RPAC Cardio Canyon,31,68,45.6
2026-04-30 19:06:04,Thu,19,RPAC North Gym,4,230,1.7
2026-04-30 19:06:04,Thu,19,RPAC South Gym,10,230,4.3
2026-04-30 19:06:04,Thu,19,RPAC TWD Gym Courts 1-2,8,241,3.3
2026-04-30 19:06:04,Thu,19,RPAC TWD Gym Courts 3 - 4,4,241,1.7
2026-04-30 19:06:04,Thu,19,RPAC Upper Gym Courts 1 - 2,27,241,11.2
2026-04-30 19:06:04,Thu,19,RPAC Upper Gym Courts 3 - 4 ,12,241,5.0
2026-04-30 19:06:04,Thu,19,RPAC Weight Floor,60,125,48.0
2026-04-30 19:34:36,Thu,19,RPAC 1st Floor Fitness Balcony,25,55,45.5
2026-04-30 19:34:36,Thu,19,RPAC 2nd Floor Cardio Loft,3,37,8.1
2026-04-30 19:34:36,Thu,19,RPAC Aquatic Center - Class Pool,0,32,0.0
2026-04-30 19:34:36,Thu,19,RPAC Aquatic Center - Comp Pool,0,25,0.0
2026-04-30 19:34:36,Thu,19,RPAC Aquatic Center - Hot Tub,0,15,0.0
2026-04-30 19:34:36,Thu,19,RPAC Aquatic Center - Lap Pool,0,24,0.0
2026-04-30 19:34:36,Thu,19,RPAC Aquatic Center - Leisure Pool,0,40,0.0
2026-04-30 19:34:36,Thu,19,RPAC Cardio Canyon,31,68,45.6
2026-04-30 19:34:36,Thu,19,RPAC North Gym,4,230,1.7
2026-04-30 19:34:36,Thu,19,RPAC South Gym,10,230,4.3
2026-04-30 19:34:36,Thu,19,RPAC TWD Gym Courts 1-2,8,241,3.3
2026-04-30 19:34:36,Thu,19,RPAC TWD Gym Courts 3 - 4,4,241,1.7
2026-04-30 19:34:36,Thu,19,RPAC Upper Gym Courts 1 - 2,27,241,11.2
2026-04-30 19:34:36,Thu,19,RPAC Upper Gym Courts 3 - 4 ,12,241,5.0
2026-04-30 19:34:36,Thu,19,RPAC Weight Floor,60,125,48.0
2026-04-30 21:15:22,Thu,21,RPAC 1st Floor Fitness Balcony,25,55,45.5
2026-04-30 21:15:22,Thu,21,RPAC 2nd Floor Cardio Loft,3,37,8.1
2026-04-30 21:15:22,Thu,21,RPAC Aquatic Center - Class Pool,0,32,0.0
2026-04-30 21:15:22,Thu,21,RPAC Aquatic Center - Comp Pool,0,25,0.0
2026-04-30 21:15:22,Thu,21,RPAC Aquatic Center - Hot Tub,0,15,0.0
2026-04-30 21:15:22,Thu,21,RPAC Aquatic Center - Lap Pool,0,24,0.0
2026-04-30 21:15:22,Thu,21,RPAC Aquatic Center - Leisure Pool,0,40,0.0
2026-04-30 21:15:22,Thu,21,RPAC Cardio Canyon,31,68,45.6
2026-04-30 21:15:22,Thu,21,RPAC North Gym,4,230,1.7
2026-04-30 21:15:22,Thu,21,RPAC South Gym,10,230,4.3
2026-04-30 21:15:22,Thu,21,RPAC TWD Gym Courts 1-2,8,241,3.3
2026-04-30 21:15:22,Thu,21,RPAC TWD Gym Courts 3 - 4,4,241,1.7
2026-04-30 21:15:22,Thu,21,RPAC Upper Gym Courts 1 - 2,27,241,11.2
2026-04-30 21:15:22,Thu,21,RPAC Upper Gym Courts 3 - 4 ,12,241,5.0
2026-04-30 21:15:22,Thu,21,RPAC Weight Floor,60,125,48.0
2026-04-30 22:21:27,Thu,22,RPAC 1st Floor Fitness Balcony,25,55,45.5
2026-04-30 22:21:27,Thu,22,RPAC 2nd Floor Cardio Loft,3,37,8.1
2026-04-30 22:21:27,Thu,22,RPAC Aquatic Center - Class Pool,0,32,0.0
2026-04-30 22:21:27,Thu,22,RPAC Aquatic Center - Comp Pool,0,25,0.0
2026-04-30 22:21:27,Thu,22,RPAC Aquatic Center - Hot Tub,0,15,0.0
2026-04-30 22:21:27,Thu,22,RPAC Aquatic Center - Lap Pool,0,24,0.0
2026-04-30 22:21:27,Thu,22,RPAC Aquatic Center - Leisure Pool,0,40,0.0
2026-04-30 22:21:27,Thu,22,RPAC Cardio Canyon,31,68,45.6
2026-04-30 22:21:27,Thu,22,RPAC North Gym,4,230,1.7
2026-04-30 22:21:27,Thu,22,RPAC South Gym,10,230,4.3
2026-04-30 22:21:27,Thu,22,RPAC TWD Gym Courts 1-2,8,241,3.3
2026-04-30 22:21:27,Thu,22,RPAC TWD Gym Courts 3 - 4,4,241,1.7
2026-04-30 22:21:27,Thu,22,RPAC Upper Gym Courts 1 - 2,27,241,11.2
2026-04-30 22:21:27,Thu,22,RPAC Upper Gym Courts 3 - 4 ,12,241,5.0
2026-04-30 22:21:27,Thu,22,RPAC Weight Floor,60,125,48.0
2026-04-30 23:47:19,Thu,23,RPAC 1st Floor Fitness Balcony,25,55,45.5
2026-04-30 23:47:19,Thu,23,RPAC 2nd Floor Cardio Loft,3,37,8.1
2026-04-30 23:47:19,Thu,23,RPAC Aquatic Center - Class Pool,0,32,0.0
2026-04-30 23:47:19,Thu,23,RPAC Aquatic Center - Comp Pool,0,25,0.0
2026-04-30 23:47:19,Thu,23,RPAC Aquatic Center - Hot Tub,0,15,0.0
2026-04-30 23:47:19,Thu,23,RPAC Aquatic Center - Lap Pool,0,24,0.0
2026-04-30 23:47:19,Thu,23,RPAC Aquatic Center - Leisure Pool,0,40,0.0
2026-04-30 23:47:19,Thu,23,RPAC Cardio Canyon,31,68,45.6
2026-04-30 23:47:19,Thu,23,RPAC North Gym,4,230,1.7
2026-04-30 23:47:19,Thu,23,RPAC South Gym,10,230,4.3
2026-04-30 23:47:19,Thu,23,RPAC TWD Gym Courts 1-2,8,241,3.3
2026-04-30 23:47:19,Thu,23,RPAC TWD Gym Courts 3 - 4,4,241,1.7
2026-04-30 23:47:19,Thu,23,RPAC Upper Gym Courts 1 - 2,27,241,11.2
2026-04-30 23:47:19,Thu,23,RPAC Upper Gym Courts 3 - 4 ,12,241,5.0
2026-04-30 23:47:19,Thu,23,RPAC Weight Floor,60,125,48.0
2026-05-01 01:21:34,Fri,1,RPAC 1st Floor Fitness Balcony,25,55,45.5
2026-05-01 01:21:34,Fri,1,RPAC 2nd Floor Cardio Loft,3,37,8.1
2026-05-01 01:21:34,Fri,1,RPAC Aquatic Center - Class Pool,0,32,0.0
2026-05-01 01:21:34,Fri,1,RPAC Aquatic Center - Comp Pool,0,25,0.0
2026-05-01 01:21:34,Fri,1,RPAC Aquatic Center - Hot Tub,0,15,0.0
2026-05-01 01:21:34,Fri,1,RPAC Aquatic Center - Lap Pool,0,24,0.0
2026-05-01 01:21:34,Fri,1,RPAC Aquatic Center - Leisure Pool,0,40,0.0
2026-05-01 01:21:34,Fri,1,RPAC Cardio Canyon,31,68,45.6
2026-05-01 01:21:34,Fri,1,RPAC North Gym,4,230,1.7
2026-05-01 01:21:34,Fri,1,RPAC South Gym,10,230,4.3
2026-05-01 01:21:34,Fri,1,RPAC TWD Gym Courts 1-2,8,241,3.3
2026-05-01 01:21:34,Fri,1,RPAC TWD Gym Courts 3 - 4,4,241,1.7
2026-05-01 01:21:34,Fri,1,RPAC Upper Gym Courts 1 - 2,27,241,11.2
2026-05-01 01:21:34,Fri,1,RPAC Upper Gym Courts 3 - 4 ,12,241,5.0
2026-05-01 01:21:34,Fri,1,RPAC Weight Floor,60,125,48.0
2026-05-01 02:28:29,Fri,2,RPAC 1st Floor Fitness Balcony,25,55,45.5
2026-05-01 02:28:29,Fri,2,RPAC 2nd Floor Cardio Loft,3,37,8.1
2026-05-01 02:28:29,Fri,2,RPAC Aquatic Center - Class Pool,0,32,0.0
2026-05-01 02:28:29,Fri,2,RPAC Aquatic Center - Comp Pool,0,25,0.0
2026-05-01 02:28:29,Fri,2,RPAC Aquatic Center - Hot Tub,0,15,0.0
2026-05-01 02:28:29,Fri,2,RPAC Aquatic Center - Lap Pool,0,24,0.0
2026-05-01 02:28:29,Fri,2,RPAC Aquatic Center - Leisure Pool,0,40,0.0
2026-05-01 02:28:29,Fri,2,RPAC Cardio Canyon,31,68,45.6
2026-05-01 02:28:29,Fri,2,RPAC North Gym,4,230,1.7
2026-05-01 02:28:29,Fri,2,RPAC South Gym,10,230,4.3
2026-05-01 02:28:29,Fri,2,RPAC TWD Gym Courts 1-2,8,241,3.3
2026-05-01 02:28:29,Fri,2,RPAC TWD Gym Courts 3 - 4,4,241,1.7
2026-05-01 02:28:29,Fri,2,RPAC Upper Gym Courts 1 - 2,27,241,11.2
2026-05-01 02:28:29,Fri,2,RPAC Upper Gym Courts 3 - 4 ,12,241,5.0
2026-05-01 02:28:29,Fri,2,RPAC Weight Floor,60,125,48.0
2026-05-01 03:23:49,Fri,3,RPAC 1st Floor Fitness Balcony,25,55,45.5
2026-05-01 03:23:49,Fri,3,RPAC 2nd Floor Cardio Loft,3,37,8.1
2026-05-01 03:23:49,Fri,3,RPAC Aquatic Center - Class Pool,0,32,0.0
2026-05-01 03:23:49,Fri,3,RPAC Aquatic Center - Comp Pool,0,25,0.0
2026-05-01 03:23:49,Fri,3,RPAC Aquatic Center - Hot Tub,0,15,0.0
2026-05-01 03:23:49,Fri,3,RPAC Aquatic Center - Lap Pool,0,24,0.0
2026-05-01 03:23:49,Fri,3,RPAC Aquatic Center - Leisure Pool,0,40,0.0
2026-05-01 03:23:49,Fri,3,RPAC Cardio Canyon,31,68,45.6
2026-05-01 03:23:49,Fri,3,RPAC North Gym,4,230,1.7
2026-05-01 03:23:49,Fri,3,RPAC South Gym,10,230,4.3
2026-05-01 03:23:49,Fri,3,RPAC TWD Gym Courts 1-2,8,241,3.3
2026-05-01 03:23:49,Fri,3,RPAC TWD Gym Courts 3 - 4,4,241,1.7
2026-05-01 03:23:49,Fri,3,RPAC Upper Gym Courts 1 - 2,27,241,11.2
2026-05-01 03:23:49,Fri,3,RPAC Upper Gym Courts 3 - 4 ,12,241,5.0
2026-05-01 03:23:49,Fri,3,RPAC Weight Floor,60,125,48.0
2026-05-01 04:17:31,Fri,4,RPAC 1st Floor Fitness Balcony,25,55,45.5
2026-05-01 04:17:31,Fri,4,RPAC 2nd Floor Cardio Loft,3,37,8.1
2026-05-01 04:17:31,Fri,4,RPAC Aquatic Center - Class Pool,0,32,0.0
2026-05-01 04:17:31,Fri,4,RPAC Aquatic Center - Comp Pool,0,25,0.0
2026-05-01 04:17:31,Fri,4,RPAC Aquatic Center - Hot Tub,0,15,0.0
2026-05-01 04:17:31,Fri,4,RPAC Aquatic Center - Lap Pool,0,24,0.0
2026-05-01 04:17:31,Fri,4,RPAC Aquatic Center - Leisure Pool,0,40,0.0
2026-05-01 04:17:31,Fri,4,RPAC Cardio Canyon,31,68,45.6
2026-05-01 04:17:31,Fri,4,RPAC North Gym,4,230,1.7
2026-05-01 04:17:31,Fri,4,RPAC South Gym,10,230,4.3
2026-05-01 04:17:31,Fri,4,RPAC TWD Gym Courts 1-2,8,241,3.3
2026-05-01 04:17:31,Fri,4,RPAC TWD Gym Courts 3 - 4,4,241,1.7
2026-05-01 04:17:31,Fri,4,RPAC Upper Gym Courts 1 - 2,27,241,11.2
2026-05-01 04:17:31,Fri,4,RPAC Upper Gym Courts 3 - 4 ,12,241,5.0
2026-05-01 04:17:31,Fri,4,RPAC Weight Floor,60,125,48.0
2026-05-01 05:10:17,Fri,5,RPAC 1st Floor Fitness Balcony,25,55,45.5
2026-05-01 05:10:17,Fri,5,RPAC 2nd Floor Cardio Loft,3,37,8.1
2026-05-01 05:10:17,Fri,5,RPAC Aquatic Center - Class Pool,0,32,0.0
2026-05-01 05:10:17,Fri,5,RPAC Aquatic Center - Comp Pool,0,25,0.0
2026-05-01 05:10:17,Fri,5,RPAC Aquatic Center - Hot Tub,0,15,0.0
2026-05-01 05:10:17,Fri,5,RPAC Aquatic Center - Lap Pool,0,24,0.0
2026-05-01 05:10:17,Fri,5,RPAC Aquatic Center - Leisure Pool,0,40,0.0
2026-05-01 05:10:17,Fri,5,RPAC Cardio Canyon,31,68,45.6
2026-05-01 05:10:17,Fri,5,RPAC North Gym,4,230,1.7
2026-05-01 05:10:17,Fri,5,RPAC South Gym,10,230,4.3
2026-05-01 05:10:17,Fri,5,RPAC TWD Gym Courts 1-2,8,241,3.3
2026-05-01 05:10:17,Fri,5,RPAC TWD Gym Courts 3 - 4,4,241,1.7
2026-05-01 05:10:17,Fri,5,RPAC Upper Gym Courts 1 - 2,27,241,11.2
2026-05-01 05:10:17,Fri,5,RPAC Upper Gym Courts 3 - 4 ,12,241,5.0
2026-05-01 05:10:17,Fri,5,RPAC Weight Floor,60,125,48.0
2026-05-01 05:54:21,Fri,5,RPAC 1st Floor Fitness Balcony,25,55,45.5
2026-05-01 05:54:21,Fri,5,RPAC 2nd Floor Cardio Loft,3,37,8.1
2026-05-01 05:54:21,Fri,5,RPAC Aquatic Center - Class Pool,2,32,6.2
2026-05-01 05:54:21,Fri,5,RPAC Aquatic Center - Comp Pool,0,25,0.0
2026-05-01 05:54:21,Fri,5,RPAC Aquatic Center - Hot Tub,0,15,0.0
2026-05-01 05:54:21,Fri,5,RPAC Aquatic Center - Lap Pool,3,24,12.5
2026-05-01 05:54:21,Fri,5,RPAC Aquatic Center - Leisure Pool,0,40,0.0
2026-05-01 05:54:21,Fri,5,RPAC Cardio Canyon,31,68,45.6
2026-05-01 05:54:21,Fri,5,RPAC North Gym,4,230,1.7
2026-05-01 05:54:21,Fri,5,RPAC South Gym,10,230,4.3
2026-05-01 05:54:21,Fri,5,RPAC TWD Gym Courts 1-2,8,241,3.3
2026-05-01 05:54:21,Fri,5,RPAC TWD Gym Courts 3 - 4,4,241,1.7
2026-05-01 05:54:21,Fri,5,RPAC Upper Gym Courts 1 - 2,27,241,11.2
2026-05-01 05:54:21,Fri,5,RPAC Upper Gym Courts 3 - 4 ,12,241,5.0
2026-05-01 05:54:21,Fri,5,RPAC Weight Floor,60,125,48.0
2026-05-01 06:35:17,Fri,6,RPAC 1st Floor Fitness Balcony,25,55,45.5
2026-05-01 06:35:17,Fri,6,RPAC 2nd Floor Cardio Loft,3,37,8.1
2026-05-01 06:35:17,Fri,6,RPAC Aquatic Center - Class Pool,3,32,9.4
2026-05-01 06:35:17,Fri,6,RPAC Aquatic Center - Comp Pool,0,25,0.0
2026-05-01 06:35:17,Fri,6,RPAC Aquatic Center - Hot Tub,0,15,0.0
2026-05-01 06:35:17,Fri,6,RPAC Aquatic Center - Lap Pool,4,24,16.7
2026-05-01 06:35:17,Fri,6,RPAC Aquatic Center - Leisure Pool,0,40,0.0
2026-05-01 06:35:17,Fri,6,RPAC Cardio Canyon,31,68,45.6
2026-05-01 06:35:17,Fri,6,RPAC North Gym,4,230,1.7
2026-05-01 06:35:17,Fri,6,RPAC South Gym,10,230,4.3
2026-05-01 06:35:17,Fri,6,RPAC TWD Gym Courts 1-2,8,241,3.3
2026-05-01 06:35:17,Fri,6,RPAC TWD Gym Courts 3 - 4,4,241,1.7
2026-05-01 06:35:17,Fri,6,RPAC Upper Gym Courts 1 - 2,27,241,11.2
2026-05-01 06:35:17,Fri,6,RPAC Upper Gym Courts 3 - 4 ,12,241,5.0
2026-05-01 06:35:17,Fri,6,RPAC Weight Floor,60,125,48.0
2026-05-01 07:09:54,Fri,7,RPAC 1st Floor Fitness Balcony,25,55,45.5
2026-05-01 07:09:54,Fri,7,RPAC 2nd Floor Cardio Loft,3,37,8.1
2026-05-01 07:09:54,Fri,7,RPAC Aquatic Center - Class Pool,2,32,6.2
2026-05-01 07:09:54,Fri,7,RPAC Aquatic Center - Comp Pool,0,25,0.0
2026-05-01 07:09:54,Fri,7,RPAC Aquatic Center - Hot Tub,0,15,0.0
2026-05-01 07:09:54,Fri,7,RPAC Aquatic Center - Lap Pool,5,24,20.8
2026-05-01 07:09:54,Fri,7,RPAC Aquatic Center - Leisure Pool,0,40,0.0
2026-05-01 07:09:54,Fri,7,RPAC Cardio Canyon,31,68,45.6
2026-05-01 07:09:54,Fri,7,RPAC North Gym,4,230,1.7
2026-05-01 07:09:54,Fri,7,RPAC South Gym,10,230,4.3
2026-05-01 07:09:54,Fri,7,RPAC TWD Gym Courts 1-2,8,241,3.3
2026-05-01 07:09:54,Fri,7,RPAC TWD Gym Courts 3 - 4,4,241,1.7
2026-05-01 07:09:54,Fri,7,RPAC Upper Gym Courts 1 - 2,27,241,11.2
2026-05-01 07:09:54,Fri,7,RPAC Upper Gym Courts 3 - 4 ,12,241,5.0
2026-05-01 07:09:54,Fri,7,RPAC Weight Floor,60,125,48.0
2026-05-01 07:39:46,Fri,7,RPAC 1st Floor Fitness Balcony,25,55,45.5
2026-05-01 07:39:46,Fri,7,RPAC 2nd Floor Cardio Loft,3,37,8.1
2026-05-01 07:39:46,Fri,7,RPAC Aquatic Center - Class Pool,2,32,6.2
2026-05-01 07:39:46,Fri,7,RPAC Aquatic Center - Comp Pool,0,25,0.0
2026-05-01 07:39:46,Fri,7,RPAC Aquatic Center - Hot Tub,0,15,0.0
2026-05-01 07:39:46,Fri,7,RPAC Aquatic Center - Lap Pool,5,24,20.8
2026-05-01 07:39:46,Fri,7,RPAC Aquatic Center - Leisure Pool,0,40,0.0
2026-05-01 07:39:46,Fri,7,RPAC Cardio Canyon,31,68,45.6
2026-05-01 07:39:46,Fri,7,RPAC North Gym,4,230,1.7
2026-05-01 07:39:46,Fri,7,RPAC South Gym,10,230,4.3
2026-05-01 07:39:46,Fri,7,RPAC TWD Gym Courts 1-2,8,241,3.3
2026-05-01 07:39:46,Fri,7,RPAC TWD Gym Courts 3 - 4,4,241,1.7
2026-05-01 07:39:46,Fri,7,RPAC Upper Gym Courts 1 - 2,27,241,11.2
2026-05-01 07:39:46,Fri,7,RPAC Upper Gym Courts 3 - 4 ,12,241,5.0
2026-05-01 07:39:46,Fri,7,RPAC Weight Floor,60,125,48.0
2026-05-01 08:05:05,Fri,8,RPAC 1st Floor Fitness Balcony,25,55,45.5
2026-05-01 08:05:05,Fri,8,RPAC 2nd Floor Cardio Loft,3,37,8.1
2026-05-01 08:05:05,Fri,8,RPAC Aquatic Center - Class Pool,2,32,6.2
2026-05-01 08:05:05,Fri,8,RPAC Aquatic Center - Comp Pool,0,25,0.0
2026-05-01 08:05:05,Fri,8,RPAC Aquatic Center - Hot Tub,0,15,0.0
2026-05-01 08:05:05,Fri,8,RPAC Aquatic Center - Lap Pool,5,24,20.8
2026-05-01 08:05:05,Fri,8,RPAC Aquatic Center - Leisure Pool,0,40,0.0
2026-05-01 08:05:05,Fri,8,RPAC Cardio Canyon,31,68,45.6
2026-05-01 08:05:05,Fri,8,RPAC North Gym,4,230,1.7
2026-05-01 08:05:05,Fri,8,RPAC South Gym,10,230,4.3
2026-05-01 08:05:05,Fri,8,RPAC TWD Gym Courts 1-2,8,241,3.3
2026-05-01 08:05:05,Fri,8,RPAC TWD Gym Courts 3 - 4,4,241,1.7
2026-05-01 08:05:05,Fri,8,RPAC Upper Gym Courts 1 - 2,27,241,11.2
2026-05-01 08:05:05,Fri,8,RPAC Upper Gym Courts 3 - 4 ,12,241,5.0
2026-05-01 08:05:05,Fri,8,RPAC Weight Floor,60,125,48.0
2026-05-01 08:38:14,Fri,8,RPAC 1st Floor Fitness Balcony,25,55,45.5
2026-05-01 08:38:14,Fri,8,RPAC 2nd Floor Cardio Loft,3,37,8.1
2026-05-01 08:38:14,Fri,8,RPAC Aquatic Center - Class Pool,5,32,15.6
2026-05-01 08:38:14,Fri,8,RPAC Aquatic Center - Comp Pool,0,25,0.0
2026-05-01 08:38:14,Fri,8,RPAC Aquatic Center - Hot Tub,0,15,0.0
2026-05-01 08:38:14,Fri,8,RPAC Aquatic Center - Lap Pool,4,24,16.7
2026-05-01 08:38:14,Fri,8,RPAC Aquatic Center - Leisure Pool,0,40,0.0
2026-05-01 08:38:14,Fri,8,RPAC Cardio Canyon,31,68,45.6
2026-05-01 08:38:14,Fri,8,RPAC North Gym,4,230,1.7
2026-05-01 08:38:14,Fri,8,RPAC South Gym,10,230,4.3
2026-05-01 08:38:14,Fri,8,RPAC TWD Gym Courts 1-2,8,241,3.3
2026-05-01 08:38:14,Fri,8,RPAC TWD Gym Courts 3 - 4,4,241,1.7
2026-05-01 08:38:14,Fri,8,RPAC Upper Gym Courts 1 - 2,27,241,11.2
2026-05-01 08:38:14,Fri,8,RPAC Upper Gym Courts 3 - 4 ,12,241,5.0
2026-05-01 08:38:14,Fri,8,RPAC Weight Floor,60,125,48.0
2026-05-01 09:11:23,Fri,9,RPAC 1st Floor Fitness Balcony,25,55,45.5
2026-05-01 09:11:23,Fri,9,RPAC 2nd Floor Cardio Loft,3,37,8.1
2026-05-01 09:11:23,Fri,9,RPAC Aquatic Center - Class Pool,5,32,15.6
2026-05-01 09:11:23,Fri,9,RPAC Aquatic Center - Comp Pool,0,25,0.0
2026-05-01 09:11:23,Fri,9,RPAC Aquatic Center - Hot Tub,0,15,0.0
2026-05-01 09:11:23,Fri,9,RPAC Aquatic Center - Lap Pool,4,24,16.7
2026-05-01 09:11:23,Fri,9,RPAC Aquatic Center - Leisure Pool,0,40,0.0
2026-05-01 09:11:23,Fri,9,RPAC Cardio Canyon,31,68,45.6
2026-05-01 09:11:23,Fri,9,RPAC North Gym,4,230,1.7
2026-05-01 09:11:23,Fri,9,RPAC South Gym,10,230,4.3
2026-05-01 09:11:23,Fri,9,RPAC TWD Gym Courts 1-2,8,241,3.3
2026-05-01 09:11:23,Fri,9,RPAC TWD Gym Courts 3 - 4,4,241,1.7
2026-05-01 09:11:23,Fri,9,RPAC Upper Gym Courts 1 - 2,27,241,11.2
2026-05-01 09:11:23,Fri,9,RPAC Upper Gym Courts 3 - 4 ,12,241,5.0
2026-05-01 09:11:23,Fri,9,RPAC Weight Floor,60,125,48.0
2026-05-01 09:52:03,Fri,9,RPAC 1st Floor Fitness Balcony,25,55,45.5
2026-05-01 09:52:03,Fri,9,RPAC 2nd Floor Cardio Loft,3,37,8.1
2026-05-01 09:52:03,Fri,9,RPAC Aquatic Center - Class Pool,5,32,15.6
2026-05-01 09:52:03,Fri,9,RPAC Aquatic Center - Comp Pool,0,25,0.0
2026-05-01 09:52:03,Fri,9,RPAC Aquatic Center - Hot Tub,0,15,0.0
2026-05-01 09:52:03,Fri,9,RPAC Aquatic Center - Lap Pool,4,24,16.7
2026-05-01 09:52:03,Fri,9,RPAC Aquatic Center - Leisure Pool,0,40,0.0
2026-05-01 09:52:03,Fri,9,RPAC Cardio Canyon,31,68,45.6
2026-05-01 09:52:03,Fri,9,RPAC North Gym,4,230,1.7
2026-05-01 09:52:03,Fri,9,RPAC South Gym,10,230,4.3
2026-05-01 09:52:03,Fri,9,RPAC TWD Gym Courts 1-2,8,241,3.3
2026-05-01 09:52:03,Fri,9,RPAC TWD Gym Courts 3 - 4,4,241,1.7
2026-05-01 09:52:03,Fri,9,RPAC Upper Gym Courts 1 - 2,27,241,11.2
2026-05-01 09:52:03,Fri,9,RPAC Upper Gym Courts 3 - 4 ,12,241,5.0
2026-05-01 09:52:03,Fri,9,RPAC Weight Floor,60,125,48.0
2026-05-01 10:29:31,Fri,10,RPAC 1st Floor Fitness Balcony,25,55,45.5
2026-05-01 10:29:31,Fri,10,RPAC 2nd Floor Cardio Loft,3,37,8.1
2026-05-01 10:29:31,Fri,10,RPAC Aquatic Center - Class Pool,3,32,9.4
2026-05-01 10:29:31,Fri,10,RPAC Aquatic Center - Comp Pool,0,25,0.0
2026-05-01 10:29:31,Fri,10,RPAC Aquatic Center - Hot Tub,0,15,0.0
2026-05-01 10:29:31,Fri,10,RPAC Aquatic Center - Lap Pool,3,24,12.5
2026-05-01 10:29:31,Fri,10,RPAC Aquatic Center - Leisure Pool,0,40,0.0
2026-05-01 10:29:31,Fri,10,RPAC Cardio Canyon,31,68,45.6
2026-05-01 10:29:31,Fri,10,RPAC North Gym,4,230,1.7
2026-05-01 10:29:31,Fri,10,RPAC South Gym,10,230,4.3
2026-05-01 10:29:31,Fri,10,RPAC TWD Gym Courts 1-2,8,241,3.3
2026-05-01 10:29:31,Fri,10,RPAC TWD Gym Courts 3 - 4,4,241,1.7
2026-05-01 10:29:31,Fri,10,RPAC Upper Gym Courts 1 - 2,27,241,11.2
2026-05-01 10:29:31,Fri,10,RPAC Upper Gym Courts 3 - 4 ,12,241,5.0
2026-05-01 10:29:31,Fri,10,RPAC Weight Floor,60,125,48.0
2026-05-01 10:54:50,Fri,10,RPAC 1st Floor Fitness Balcony,25,55,45.5
2026-05-01 10:54:50,Fri,10,RPAC 2nd Floor Cardio Loft,3,37,8.1
2026-05-01 10:54:50,Fri,10,RPAC Aquatic Center - Class Pool,3,32,9.4
2026-05-01 10:54:50,Fri,10,RPAC Aquatic Center - Comp Pool,0,25,0.0
2026-05-01 10:54:50,Fri,10,RPAC Aquatic Center - Hot Tub,0,15,0.0
2026-05-01 10:54:50,Fri,10,RPAC Aquatic Center - Lap Pool,3,24,12.5
2026-05-01 10:54:50,Fri,10,RPAC Aquatic Center - Leisure Pool,0,40,0.0
2026-05-01 10:54:50,Fri,10,RPAC Cardio Canyon,31,68,45.6
2026-05-01 10:54:50,Fri,10,RPAC North Gym,4,230,1.7
2026-05-01 10:54:50,Fri,10,RPAC South Gym,10,230,4.3
2026-05-01 10:54:50,Fri,10,RPAC TWD Gym Courts 1-2,8,241,3.3
2026-05-01 10:54:50,Fri,10,RPAC TWD Gym Courts 3 - 4,4,241,1.7
2026-05-01 10:54:50,Fri,10,RPAC Upper Gym Courts 1 - 2,27,241,11.2
2026-05-01 10:54:50,Fri,10,RPAC Upper Gym Courts 3 - 4 ,12,241,5.0
2026-05-01 10:54:50,Fri,10,RPAC Weight Floor,60,125,48.0
2026-05-01 11:25:48,Fri,11,RPAC 1st Floor Fitness Balcony,25,55,45.5
2026-05-01 11:25:48,Fri,11,RPAC 2nd Floor Cardio Loft,3,37,8.1
2026-05-01 11:25:48,Fri,11,RPAC Aquatic Center - Class Pool,7,32,21.9
2026-05-01 11:25:48,Fri,11,RPAC Aquatic Center - Comp Pool,0,25,0.0
2026-05-01 11:25:48,Fri,11,RPAC Aquatic Center - Hot Tub,0,15,0.0
2026-05-01 11:25:48,Fri,11,RPAC Aquatic Center - Lap Pool,5,24,20.8
2026-05-01 11:25:48,Fri,11,RPAC Aquatic Center - Leisure Pool,0,40,0.0
2026-05-01 11:25:48,Fri,11,RPAC Cardio Canyon,31,68,45.6
2026-05-01 11:25:48,Fri,11,RPAC North Gym,4,230,1.7
2026-05-01 11:25:48,Fri,11,RPAC South Gym,10,230,4.3
2026-05-01 11:25:48,Fri,11,RPAC TWD Gym Courts 1-2,8,241,3.3
2026-05-01 11:25:48,Fri,11,RPAC TWD Gym Courts 3 - 4,4,241,1.7
2026-05-01 11:25:48,Fri,11,RPAC Upper Gym Courts 1 - 2,27,241,11.2
2026-05-01 11:25:48,Fri,11,RPAC Upper Gym Courts 3 - 4 ,12,241,5.0
2026-05-01 11:25:48,Fri,11,RPAC Weight Floor,60,125,48.0
2026-05-01 11:50:30,Fri,11,RPAC 1st Floor Fitness Balcony,25,55,45.5
2026-05-01 11:50:30,Fri,11,RPAC 2nd Floor Cardio Loft,3,37,8.1
2026-05-01 11:50:30,Fri,11,RPAC Aquatic Center - Class Pool,3,32,9.4
2026-05-01 11:50:30,Fri,11,RPAC Aquatic Center - Comp Pool,0,25,0.0
2026-05-01 11:50:30,Fri,11,RPAC Aquatic Center - Hot Tub,1,15,6.7
2026-05-01 11:50:30,Fri,11,RPAC Aquatic Center - Lap Pool,4,24,16.7
2026-05-01 11:50:30,Fri,11,RPAC Aquatic Center - Leisure Pool,0,40,0.0
2026-05-01 11:50:30,Fri,11,RPAC Cardio Canyon,31,68,45.6
2026-05-01 11:50:30,Fri,11,RPAC North Gym,4,230,1.7
2026-05-01 11:50:30,Fri,11,RPAC South Gym,10,230,4.3
2026-05-01 11:50:30,Fri,11,RPAC TWD Gym Courts 1-2,8,241,3.3
2026-05-01 11:50:30,Fri,11,RPAC TWD Gym Courts 3 - 4,4,241,1.7
2026-05-01 11:50:30,Fri,11,RPAC Upper Gym Courts 1 - 2,27,241,11.2
2026-05-01 11:50:30,Fri,11,RPAC Upper Gym Courts 3 - 4 ,12,241,5.0
2026-05-01 11:50:30,Fri,11,RPAC Weight Floor,60,125,48.0
2026-05-01 12:26:01,Fri,12,RPAC 1st Floor Fitness Balcony,25,55,45.5
2026-05-01 12:26:01,Fri,12,RPAC 2nd Floor Cardio Loft,3,37,8.1
2026-05-01 12:26:01,Fri,12,RPAC Aquatic Center - Class Pool,3,32,9.4
2026-05-01 12:26:01,Fri,12,RPAC Aquatic Center - Comp Pool,0,25,0.0
2026-05-01 12:26:01,Fri,12,RPAC Aquatic Center - Hot Tub,1,15,6.7
2026-05-01 12:26:01,Fri,12,RPAC Aquatic Center - Lap Pool,4,24,16.7
2026-05-01 12:26:01,Fri,12,RPAC Aquatic Center - Leisure Pool,0,40,0.0
2026-05-01 12:26:01,Fri,12,RPAC Cardio Canyon,31,68,45.6
2026-05-01 12:26:01,Fri,12,RPAC North Gym,4,230,1.7
2026-05-01 12:26:01,Fri,12,RPAC South Gym,10,230,4.3
2026-05-01 12:26:01,Fri,12,RPAC TWD Gym Courts 1-2,8,241,3.3
2026-05-01 12:26:01,Fri,12,RPAC TWD Gym Courts 3 - 4,4,241,1.7
2026-05-01 12:26:01,Fri,12,RPAC Upper Gym Courts 1 - 2,27,241,11.2
2026-05-01 12:26:01,Fri,12,RPAC Upper Gym Courts 3 - 4 ,12,241,5.0
2026-05-01 12:26:01,Fri,12,RPAC Weight Floor,60,125,48.0
2026-05-01 12:50:52,Fri,12,RPAC 1st Floor Fitness Balcony,25,55,45.5
2026-05-01 12:50:52,Fri,12,RPAC 2nd Floor Cardio Loft,3,37,8.1
2026-05-01 12:50:52,Fri,12,RPAC Aquatic Center - Class Pool,3,32,9.4
2026-05-01 12:50:52,Fri,12,RPAC Aquatic Center - Comp Pool,0,25,0.0
2026-05-01 12:50:52,Fri,12,RPAC Aquatic Center - Hot Tub,3,15,20.0
2026-05-01 12:50:52,Fri,12,RPAC Aquatic Center - Lap Pool,2,24,8.3
2026-05-01 12:50:52,Fri,12,RPAC Aquatic Center - Leisure Pool,0,40,0.0
2026-05-01 12:50:52,Fri,12,RPAC Cardio Canyon,31,68,45.6
2026-05-01 12:50:52,Fri,12,RPAC North Gym,4,230,1.7
2026-05-01 12:50:52,Fri,12,RPAC South Gym,10,230,4.3
2026-05-01 12:50:52,Fri,12,RPAC TWD Gym Courts 1-2,8,241,3.3
2026-05-01 12:50:52,Fri,12,RPAC TWD Gym Courts 3 - 4,4,241,1.7
2026-05-01 12:50:52,Fri,12,RPAC Upper Gym Courts 1 - 2,27,241,11.2
2026-05-01 12:50:52,Fri,12,RPAC Upper Gym Courts 3 - 4 ,12,241,5.0
2026-05-01 12:50:52,Fri,12,RPAC Weight Floor,60,125,48.0
2026-05-01 13:26:01,Fri,13,RPAC 1st Floor Fitness Balcony,25,55,45.5
2026-05-01 13:26:01,Fri,13,RPAC 2nd Floor Cardio Loft,3,37,8.1
2026-05-01 13:26:01,Fri,13,RPAC Aquatic Center - Class Pool,4,32,12.5
2026-05-01 13:26:01,Fri,13,RPAC Aquatic Center - Comp Pool,0,25,0.0
2026-05-01 13:26:01,Fri,13,RPAC Aquatic Center - Hot Tub,1,15,6.7
2026-05-01 13:26:01,Fri,13,RPAC Aquatic Center - Lap Pool,5,24,20.8
2026-05-01 13:26:01,Fri,13,RPAC Aquatic Center - Leisure Pool,0,40,0.0
2026-05-01 13:26:01,Fri,13,RPAC Cardio Canyon,31,68,45.6
2026-05-01 13:26:01,Fri,13,RPAC North Gym,4,230,1.7
2026-05-01 13:26:01,Fri,13,RPAC South Gym,10,230,4.3
2026-05-01 13:26:01,Fri,13,RPAC TWD Gym Courts 1-2,8,241,3.3
2026-05-01 13:26:01,Fri,13,RPAC TWD Gym Courts 3 - 4,4,241,1.7
2026-05-01 13:26:01,Fri,13,RPAC Upper Gym Courts 1 - 2,27,241,11.2
2026-05-01 13:26:01,Fri,13,RPAC Upper Gym Courts 3 - 4 ,12,241,5.0
2026-05-01 13:26:01,Fri,13,RPAC Weight Floor,60,125,48.0
2026-05-01 13:51:14,Fri,13,RPAC 1st Floor Fitness Balcony,10,55,18.2
2026-05-01 13:51:14,Fri,13,RPAC 2nd Floor Cardio Loft,4,37,10.8
2026-05-01 13:51:14,Fri,13,RPAC Aquatic Center - Class Pool,4,32,12.5
2026-05-01 13:51:14,Fri,13,RPAC Aquatic Center - Comp Pool,0,25,0.0
2026-05-01 13:51:14,Fri,13,RPAC Aquatic Center - Hot Tub,3,15,20.0
2026-05-01 13:51:14,Fri,13,RPAC Aquatic Center - Lap Pool,4,24,16.7
2026-05-01 13:51:14,Fri,13,RPAC Aquatic Center - Leisure Pool,0,40,0.0
2026-05-01 13:51:14,Fri,13,RPAC Cardio Canyon,15,68,22.1
2026-05-01 13:51:14,Fri,13,RPAC North Gym,0,230,0.0
2026-05-01 13:51:14,Fri,13,RPAC South Gym,4,230,1.7
2026-05-01 13:51:14,Fri,13,RPAC TWD Gym Courts 1-2,10,241,4.1
2026-05-01 13:51:14,Fri,13,RPAC TWD Gym Courts 3 - 4,15,241,6.2
2026-05-01 13:51:14,Fri,13,RPAC Upper Gym Courts 1 - 2,18,241,7.5
2026-05-01 13:51:14,Fri,13,RPAC Upper Gym Courts 3 - 4 ,2,241,0.8
2026-05-01 13:51:14,Fri,13,RPAC Weight Floor,30,125,24.0
2026-05-01 14:30:01,Fri,14,RPAC 1st Floor Fitness Balcony,10,55,18.2
2026-05-01 14:30:01,Fri,14,RPAC 2nd Floor Cardio Loft,4,37,10.8
2026-05-01 14:30:01,Fri,14,RPAC Aquatic Center - Class Pool,3,32,9.4
2026-05-01 14:30:01,Fri,14,RPAC Aquatic Center - Comp Pool,0,25,0.0
2026-05-01 14:30:01,Fri,14,RPAC Aquatic Center - Hot Tub,6,15,40.0
2026-05-01 14:30:01,Fri,14,RPAC Aquatic Center - Lap Pool,4,24,16.7
2026-05-01 14:30:01,Fri,14,RPAC Aquatic Center - Leisure Pool,0,40,0.0
2026-05-01 14:30:01,Fri,14,RPAC Cardio Canyon,15,68,22.1
2026-05-01 14:30:01,Fri,14,RPAC North Gym,0,230,0.0
2026-05-01 14:30:01,Fri,14,RPAC South Gym,4,230,1.7
2026-05-01 14:30:01,Fri,14,RPAC TWD Gym Courts 1-2,10,241,4.1
2026-05-01 14:30:01,Fri,14,RPAC TWD Gym Courts 3 - 4,15,241,6.2
2026-05-01 14:30:01,Fri,14,RPAC Upper Gym Courts 1 - 2,18,241,7.5
2026-05-01 14:30:01,Fri,14,RPAC Upper Gym Courts 3 - 4 ,2,241,0.8
2026-05-01 14:30:01,Fri,14,RPAC Weight Floor,30,125,24.0
2026-05-01 14:57:17,Fri,14,RPAC 1st Floor Fitness Balcony,10,55,18.2
2026-05-01 14:57:17,Fri,14,RPAC 2nd Floor Cardio Loft,4,37,10.8
2026-05-01 14:57:17,Fri,14,RPAC Aquatic Center - Class Pool,7,32,21.9
2026-05-01 14:57:17,Fri,14,RPAC Aquatic Center - Comp Pool,0,25,0.0
2026-05-01 14:57:17,Fri,14,RPAC Aquatic Center - Hot Tub,5,15,33.3
2026-05-01 14:57:17,Fri,14,RPAC Aquatic Center - Lap Pool,1,24,4.2
2026-05-01 14:57:17,Fri,14,RPAC Aquatic Center - Leisure Pool,0,40,0.0
2026-05-01 14:57:17,Fri,14,RPAC Cardio Canyon,15,68,22.1
2026-05-01 14:57:17,Fri,14,RPAC North Gym,0,230,0.0
2026-05-01 14:57:17,Fri,14,RPAC South Gym,4,230,1.7
2026-05-01 14:57:17,Fri,14,RPAC TWD Gym Courts 1-2,10,241,4.1
2026-05-01 14:57:17,Fri,14,RPAC TWD Gym Courts 3 - 4,15,241,6.2
2026-05-01 14:57:17,Fri,14,RPAC Upper Gym Courts 1 - 2,18,241,7.5
2026-05-01 14:57:17,Fri,14,RPAC Upper Gym Courts 3 - 4 ,2,241,0.8
2026-05-01 14:57:17,Fri,14,RPAC Weight Floor,30,125,24.0
2026-05-01 15:34:21,Fri,15,RPAC 1st Floor Fitness Balcony,10,55,18.2
2026-05-01 15:34:21,Fri,15,RPAC 2nd Floor Cardio Loft,4,37,10.8
2026-05-01 15:34:21,Fri,15,RPAC Aquatic Center - Class Pool,2,32,6.2
2026-05-01 15:34:21,Fri,15,RPAC Aquatic Center - Comp Pool,0,25,0.0
2026-05-01 15:34:21,Fri,15,RPAC Aquatic Center - Hot Tub,3,15,20.0
2026-05-01 15:34:21,Fri,15,RPAC Aquatic Center - Lap Pool,5,24,20.8
2026-05-01 15:34:21,Fri,15,RPAC Aquatic Center - Leisure Pool,0,40,0.0
2026-05-01 15:34:21,Fri,15,RPAC Cardio Canyon,15,68,22.1
2026-05-01 15:34:21,Fri,15,RPAC North Gym,0,230,0.0
2026-05-01 15:34:21,Fri,15,RPAC South Gym,4,230,1.7
2026-05-01 15:34:21,Fri,15,RPAC TWD Gym Courts 1-2,10,241,4.1
2026-05-01 15:34:21,Fri,15,RPAC TWD Gym Courts 3 - 4,15,241,6.2
2026-05-01 15:34:21,Fri,15,RPAC Upper Gym Courts 1 - 2,18,241,7.5
2026-05-01 15:34:21,Fri,15,RPAC Upper Gym Courts 3 - 4 ,2,241,0.8
2026-05-01 15:34:21,Fri,15,RPAC Weight Floor,30,125,24.0
2026-05-01 16:09:11,Fri,16,RPAC 1st Floor Fitness Balcony,10,55,18.2
2026-05-01 16:09:11,Fri,16,RPAC 2nd Floor Cardio Loft,4,37,10.8
2026-05-01 16:09:11,Fri,16,RPAC Aquatic Center - Class Pool,5,32,15.6
2026-05-01 16:09:11,Fri,16,RPAC Aquatic Center - Comp Pool,0,25,0.0
2026-05-01 16:09:11,Fri,16,RPAC Aquatic Center - Hot Tub,4,15,26.7
2026-05-01 16:09:11,Fri,16,RPAC Aquatic Center - Lap Pool,4,24,16.7
2026-05-01 16:09:11,Fri,16,RPAC Aquatic Center - Leisure Pool,0,40,0.0
2026-05-01 16:09:11,Fri,16,RPAC Cardio Canyon,15,68,22.1
2026-05-01 16:09:11,Fri,16,RPAC North Gym,0,230,0.0
2026-05-01 16:09:11,Fri,16,RPAC South Gym,4,230,1.7
2026-05-01 16:09:11,Fri,16,RPAC TWD Gym Courts 1-2,10,241,4.1
2026-05-01 16:09:11,Fri,16,RPAC TWD Gym Courts 3 - 4,15,241,6.2
2026-05-01 16:09:11,Fri,16,RPAC Upper Gym Courts 1 - 2,18,241,7.5
2026-05-01 16:09:11,Fri,16,RPAC Upper Gym Courts 3 - 4 ,2,241,0.8
2026-05-01 16:09:11,Fri,16,RPAC Weight Floor,30,125,24.0
2026-05-01 16:33:33,Fri,16,RPAC 1st Floor Fitness Balcony,10,55,18.2
2026-05-01 16:33:33,Fri,16,RPAC 2nd Floor Cardio Loft,4,37,10.8
2026-05-01 16:33:33,Fri,16,RPAC Aquatic Center - Class Pool,8,32,25.0
2026-05-01 16:33:33,Fri,16,RPAC Aquatic Center - Comp Pool,0,25,0.0
2026-05-01 16:33:33,Fri,16,RPAC Aquatic Center - Hot Tub,3,15,20.0
2026-05-01 16:33:33,Fri,16,RPAC Aquatic Center - Lap Pool,10,24,41.7
2026-05-01 16:33:33,Fri,16,RPAC Aquatic Center - Leisure Pool,0,40,0.0
2026-05-01 16:33:33,Fri,16,RPAC Cardio Canyon,15,68,22.1
2026-05-01 16:33:33,Fri,16,RPAC North Gym,0,230,0.0
2026-05-01 16:33:33,Fri,16,RPAC South Gym,4,230,1.7
2026-05-01 16:33:33,Fri,16,RPAC TWD Gym Courts 1-2,10,241,4.1
2026-05-01 16:33:33,Fri,16,RPAC TWD Gym Courts 3 - 4,15,241,6.2
2026-05-01 16:33:33,Fri,16,RPAC Upper Gym Courts 1 - 2,18,241,7.5
2026-05-01 16:33:33,Fri,16,RPAC Upper Gym Courts 3 - 4 ,2,241,0.8
2026-05-01 16:33:33,Fri,16,RPAC Weight Floor,30,125,24.0
2026-05-01 17:05:34,Fri,17,RPAC 1st Floor Fitness Balcony,10,55,18.2
2026-05-01 17:05:34,Fri,17,RPAC 2nd Floor Cardio Loft,4,37,10.8
2026-05-01 17:05:34,Fri,17,RPAC Aquatic Center - Class Pool,4,32,12.5
2026-05-01 17:05:34,Fri,17,RPAC Aquatic Center - Comp Pool,0,25,0.0
2026-05-01 17:05:34,Fri,17,RPAC Aquatic Center - Hot Tub,9,15,60.0
2026-05-01 17:05:34,Fri,17,RPAC Aquatic Center - Lap Pool,6,24,25.0
2026-05-01 17:05:34,Fri,17,RPAC Aquatic Center - Leisure Pool,0,40,0.0
2026-05-01 17:05:34,Fri,17,RPAC Cardio Canyon,15,68,22.1
2026-05-01 17:05:34,Fri,17,RPAC North Gym,0,230,0.0
2026-05-01 17:05:34,Fri,17,RPAC South Gym,4,230,1.7
2026-05-01 17:05:34,Fri,17,RPAC TWD Gym Courts 1-2,10,241,4.1
2026-05-01 17:05:34,Fri,17,RPAC TWD Gym Courts 3 - 4,15,241,6.2
2026-05-01 17:05:34,Fri,17,RPAC Upper Gym Courts 1 - 2,18,241,7.5
2026-05-01 17:05:34,Fri,17,RPAC Upper Gym Courts 3 - 4 ,2,241,0.8
2026-05-01 17:05:34,Fri,17,RPAC Weight Floor,30,125,24.0
2026-05-01 17:35:08,Fri,17,RPAC 1st Floor Fitness Balcony,10,55,18.2
2026-05-01 17:35:08,Fri,17,RPAC 2nd Floor Cardio Loft,4,37,10.8
2026-05-01 17:35:08,Fri,17,RPAC Aquatic Center - Class Pool,7,32,21.9
2026-05-01 17:35:08,Fri,17,RPAC Aquatic Center - Comp Pool,0,25,0.0
2026-05-01 17:35:08,Fri,17,RPAC Aquatic Center - Hot Tub,7,15,46.7
2026-05-01 17:35:08,Fri,17,RPAC Aquatic Center - Lap Pool,6,24,25.0
2026-05-01 17:35:08,Fri,17,RPAC Aquatic Center - Leisure Pool,0,40,0.0
2026-05-01 17:35:08,Fri,17,RPAC Cardio Canyon,15,68,22.1
2026-05-01 17:35:08,Fri,17,RPAC North Gym,0,230,0.0
2026-05-01 17:35:08,Fri,17,RPAC South Gym,4,230,1.7
2026-05-01 17:35:08,Fri,17,RPAC TWD Gym Courts 1-2,10,241,4.1
2026-05-01 17:35:08,Fri,17,RPAC TWD Gym Courts 3 - 4,15,241,6.2
2026-05-01 17:35:08,Fri,17,RPAC Upper Gym Courts 1 - 2,18,241,7.5
2026-05-01 17:35:08,Fri,17,RPAC Upper Gym Courts 3 - 4 ,2,241,0.8
2026-05-01 17:35:08,Fri,17,RPAC Weight Floor,30,125,24.0
2026-05-01 18:04:16,Fri,18,RPAC 1st Floor Fitness Balcony,10,55,18.2
2026-05-01 18:04:16,Fri,18,RPAC 2nd Floor Cardio Loft,4,37,10.8
2026-05-01 18:04:16,Fri,18,RPAC Aquatic Center - Class Pool,9,32,28.1
2026-05-01 18:04:16,Fri,18,RPAC Aquatic Center - Comp Pool,0,25,0.0
2026-05-01 18:04:16,Fri,18,RPAC Aquatic Center - Hot Tub,4,15,26.7
2026-05-01 18:04:16,Fri,18,RPAC Aquatic Center - Lap Pool,10,24,41.7
2026-05-01 18:04:16,Fri,18,RPAC Aquatic Center - Leisure Pool,0,40,0.0
2026-05-01 18:04:16,Fri,18,RPAC Cardio Canyon,15,68,22.1
2026-05-01 18:04:16,Fri,18,RPAC North Gym,0,230,0.0
2026-05-01 18:04:16,Fri,18,RPAC South Gym,4,230,1.7
2026-05-01 18:04:16,Fri,18,RPAC TWD Gym Courts 1-2,10,241,4.1
2026-05-01 18:04:16,Fri,18,RPAC TWD Gym Courts 3 - 4,15,241,6.2
2026-05-01 18:04:16,Fri,18,RPAC Upper Gym Courts 1 - 2,18,241,7.5
2026-05-01 18:04:16,Fri,18,RPAC Upper Gym Courts 3 - 4 ,2,241,0.8
2026-05-01 18:04:16,Fri,18,RPAC Weight Floor,30,125,24.0
2026-05-01 18:34:12,Fri,18,RPAC 1st Floor Fitness Balcony,10,55,18.2
2026-05-01 18:34:12,Fri,18,RPAC 2nd Floor Cardio Loft,4,37,10.8
2026-05-01 18:34:12,Fri,18,RPAC Aquatic Center - Class Pool,5,32,15.6
2026-05-01 18:34:12,Fri,18,RPAC Aquatic Center - Comp Pool,0,25,0.0
2026-05-01 18:34:12,Fri,18,RPAC Aquatic Center - Hot Tub,3,15,20.0
2026-05-01 18:34:12,Fri,18,RPAC Aquatic Center - Lap Pool,7,24,29.2
2026-05-01 18:34:12,Fri,18,RPAC Aquatic Center - Leisure Pool,0,40,0.0
2026-05-01 18:34:12,Fri,18,RPAC Cardio Canyon,15,68,22.1
2026-05-01 18:34:12,Fri,18,RPAC North Gym,0,230,0.0
2026-05-01 18:34:12,Fri,18,RPAC South Gym,4,230,1.7
2026-05-01 18:34:12,Fri,18,RPAC TWD Gym Courts 1-2,10,241,4.1
2026-05-01 18:34:12,Fri,18,RPAC TWD Gym Courts 3 - 4,15,241,6.2
2026-05-01 18:34:12,Fri,18,RPAC Upper Gym Courts 1 - 2,18,241,7.5
2026-05-01 18:34:12,Fri,18,RPAC Upper Gym Courts 3 - 4 ,2,241,0.8
2026-05-01 18:34:12,Fri,18,RPAC Weight Floor,30,125,24.0
2026-05-01 19:05:27,Fri,19,RPAC 1st Floor Fitness Balcony,10,55,18.2
2026-05-01 19:05:27,Fri,19,RPAC 2nd Floor Cardio Loft,4,37,10.8
2026-05-01 19:05:27,Fri,19,RPAC Aquatic Center - Class Pool,0,32,0.0
2026-05-01 19:05:27,Fri,19,RPAC Aquatic Center - Comp Pool,0,25,0.0
2026-05-01 19:05:27,Fri,19,RPAC Aquatic Center - Hot Tub,0,15,0.0
2026-05-01 19:05:27,Fri,19,RPAC Aquatic Center - Lap Pool,0,24,0.0
2026-05-01 19:05:27,Fri,19,RPAC Aquatic Center - Leisure Pool,0,40,0.0
2026-05-01 19:05:27,Fri,19,RPAC Cardio Canyon,15,68,22.1
2026-05-01 19:05:27,Fri,19,RPAC North Gym,0,230,0.0
2026-05-01 19:05:27,Fri,19,RPAC South Gym,4,230,1.7
2026-05-01 19:05:27,Fri,19,RPAC TWD Gym Courts 1-2,10,241,4.1
2026-05-01 19:05:27,Fri,19,RPAC TWD Gym Courts 3 - 4,15,241,6.2
2026-05-01 19:05:27,Fri,19,RPAC Upper Gym Courts 1 - 2,18,241,7.5
2026-05-01 19:05:27,Fri,19,RPAC Upper Gym Courts 3 - 4 ,2,241,0.8
2026-05-01 19:05:27,Fri,19,RPAC Weight Floor,30,125,24.0
2026-05-01 19:34:56,Fri,19,RPAC 1st Floor Fitness Balcony,10,55,18.2
2026-05-01 19:34:56,Fri,19,RPAC 2nd Floor Cardio Loft,4,37,10.8
2026-05-01 19:34:56,Fri,19,RPAC Aquatic Center - Class Pool,0,32,0.0
2026-05-01 19:34:56,Fri,19,RPAC Aquatic Center - Comp Pool,0,25,0.0
2026-05-01 19:34:56,Fri,19,RPAC Aquatic Center - Hot Tub,0,15,0.0
2026-05-01 19:34:56,Fri,19,RPAC Aquatic Center - Lap Pool,0,24,0.0
2026-05-01 19:34:56,Fri,19,RPAC Aquatic Center - Leisure Pool,0,40,0.0
2026-05-01 19:34:56,Fri,19,RPAC Cardio Canyon,15,68,22.1
2026-05-01 19:34:56,Fri,19,RPAC North Gym,0,230,0.0
2026-05-01 19:34:56,Fri,19,RPAC South Gym,4,230,1.7
2026-05-01 19:34:56,Fri,19,RPAC TWD Gym Courts 1-2,10,241,4.1
2026-05-01 19:34:56,Fri,19,RPAC TWD Gym Courts 3 - 4,15,241,6.2
2026-05-01 19:34:56,Fri,19,RPAC Upper Gym Courts 1 - 2,18,241,7.5
2026-05-01 19:34:56,Fri,19,RPAC Upper Gym Courts 3 - 4 ,2,241,0.8
2026-05-01 19:34:56,Fri,19,RPAC Weight Floor,30,125,24.0
2026-05-01 20:04:17,Fri,20,RPAC 1st Floor Fitness Balcony,10,55,18.2
2026-05-01 20:04:17,Fri,20,RPAC 2nd Floor Cardio Loft,4,37,10.8
2026-05-01 20:04:17,Fri,20,RPAC Aquatic Center - Class Pool,0,32,0.0
2026-05-01 20:04:17,Fri,20,RPAC Aquatic Center - Comp Pool,0,25,0.0
2026-05-01 20:04:17,Fri,20,RPAC Aquatic Center - Hot Tub,0,15,0.0
2026-05-01 20:04:17,Fri,20,RPAC Aquatic Center - Lap Pool,0,24,0.0
2026-05-01 20:04:17,Fri,20,RPAC Aquatic Center - Leisure Pool,0,40,0.0
2026-05-01 20:04:17,Fri,20,RPAC Cardio Canyon,15,68,22.1
2026-05-01 20:04:17,Fri,20,RPAC North Gym,0,230,0.0
2026-05-01 20:04:17,Fri,20,RPAC South Gym,4,230,1.7
2026-05-01 20:04:17,Fri,20,RPAC TWD Gym Courts 1-2,10,241,4.1
2026-05-01 20:04:17,Fri,20,RPAC TWD Gym Courts 3 - 4,15,241,6.2
2026-05-01 20:04:17,Fri,20,RPAC Upper Gym Courts 1 - 2,18,241,7.5
2026-05-01 20:04:17,Fri,20,RPAC Upper Gym Courts 3 - 4 ,2,241,0.8
2026-05-01 20:04:17,Fri,20,RPAC Weight Floor,30,125,24.0
2026-05-01 21:06:34,Fri,21,RPAC 1st Floor Fitness Balcony,10,55,18.2
2026-05-01 21:06:34,Fri,21,RPAC 2nd Floor Cardio Loft,4,37,10.8
2026-05-01 21:06:34,Fri,21,RPAC Aquatic Center - Class Pool,0,32,0.0
2026-05-01 21:06:34,Fri,21,RPAC Aquatic Center - Comp Pool,0,25,0.0
2026-05-01 21:06:34,Fri,21,RPAC Aquatic Center - Hot Tub,0,15,0.0
2026-05-01 21:06:34,Fri,21,RPAC Aquatic Center - Lap Pool,0,24,0.0
2026-05-01 21:06:34,Fri,21,RPAC Aquatic Center - Leisure Pool,0,40,0.0
2026-05-01 21:06:34,Fri,21,RPAC Cardio Canyon,15,68,22.1
2026-05-01 21:06:34,Fri,21,RPAC North Gym,0,230,0.0
2026-05-01 21:06:34,Fri,21,RPAC South Gym,4,230,1.7
2026-05-01 21:06:34,Fri,21,RPAC TWD Gym Courts 1-2,10,241,4.1
2026-05-01 21:06:34,Fri,21,RPAC TWD Gym Courts 3 - 4,15,241,6.2
2026-05-01 21:06:34,Fri,21,RPAC Upper Gym Courts 1 - 2,18,241,7.5
2026-05-01 21:06:34,Fri,21,RPAC Upper Gym Courts 3 - 4 ,2,241,0.8
2026-05-01 21:06:34,Fri,21,RPAC Weight Floor,30,125,24.0
2026-05-01 21:57:08,Fri,21,RPAC 1st Floor Fitness Balcony,10,55,18.2
2026-05-01 21:57:08,Fri,21,RPAC 2nd Floor Cardio Loft,4,37,10.8
2026-05-01 21:57:08,Fri,21,RPAC Aquatic Center - Class Pool,0,32,0.0
2026-05-01 21:57:08,Fri,21,RPAC Aquatic Center - Comp Pool,0,25,0.0
2026-05-01 21:57:08,Fri,21,RPAC Aquatic Center - Hot Tub,0,15,0.0
2026-05-01 21:57:08,Fri,21,RPAC Aquatic Center - Lap Pool,0,24,0.0
2026-05-01 21:57:08,Fri,21,RPAC Aquatic Center - Leisure Pool,0,40,0.0
2026-05-01 21:57:08,Fri,21,RPAC Cardio Canyon,15,68,22.1
2026-05-01 21:57:08,Fri,21,RPAC North Gym,0,230,0.0
2026-05-01 21:57:08,Fri,21,RPAC South Gym,4,230,1.7
2026-05-01 21:57:08,Fri,21,RPAC TWD Gym Courts 1-2,10,241,4.1
2026-05-01 21:57:08,Fri,21,RPAC TWD Gym Courts 3 - 4,15,241,6.2
2026-05-01 21:57:08,Fri,21,RPAC Upper Gym Courts 1 - 2,18,241,7.5
2026-05-01 21:57:08,Fri,21,RPAC Upper Gym Courts 3 - 4 ,2,241,0.8
2026-05-01 21:57:08,Fri,21,RPAC Weight Floor,30,125,24.0
2026-05-01 23:16:51,Fri,23,RPAC 1st Floor Fitness Balcony,10,55,18.2
2026-05-01 23:16:51,Fri,23,RPAC 2nd Floor Cardio Loft,4,37,10.8
2026-05-01 23:16:51,Fri,23,RPAC Aquatic Center - Class Pool,0,32,0.0
2026-05-01 23:16:51,Fri,23,RPAC Aquatic Center - Comp Pool,0,25,0.0
2026-05-01 23:16:51,Fri,23,RPAC Aquatic Center - Hot Tub,0,15,0.0
2026-05-01 23:16:51,Fri,23,RPAC Aquatic Center - Lap Pool,0,24,0.0
2026-05-01 23:16:51,Fri,23,RPAC Aquatic Center - Leisure Pool,0,40,0.0
2026-05-01 23:16:51,Fri,23,RPAC Cardio Canyon,15,68,22.1
2026-05-01 23:16:51,Fri,23,RPAC North Gym,0,230,0.0
2026-05-01 23:16:51,Fri,23,RPAC South Gym,4,230,1.7
2026-05-01 23:16:51,Fri,23,RPAC TWD Gym Courts 1-2,10,241,4.1
2026-05-01 23:16:51,Fri,23,RPAC TWD Gym Courts 3 - 4,15,241,6.2
2026-05-01 23:16:51,Fri,23,RPAC Upper Gym Courts 1 - 2,18,241,7.5
2026-05-01 23:16:51,Fri,23,RPAC Upper Gym Courts 3 - 4 ,2,241,0.8
2026-05-01 23:16:51,Fri,23,RPAC Weight Floor,30,125,24.0
2026-05-02 00:34:48,Sat,0,RPAC 1st Floor Fitness Balcony,10,55,18.2
2026-05-02 00:34:48,Sat,0,RPAC 2nd Floor Cardio Loft,4,37,10.8
2026-05-02 00:34:48,Sat,0,RPAC Aquatic Center - Class Pool,0,32,0.0
2026-05-02 00:34:48,Sat,0,RPAC Aquatic Center - Comp Pool,0,25,0.0
2026-05-02 00:34:48,Sat,0,RPAC Aquatic Center - Hot Tub,0,15,0.0
2026-05-02 00:34:48,Sat,0,RPAC Aquatic Center - Lap Pool,0,24,0.0
2026-05-02 00:34:48,Sat,0,RPAC Aquatic Center - Leisure Pool,0,40,0.0
2026-05-02 00:34:48,Sat,0,RPAC Cardio Canyon,15,68,22.1
2026-05-02 00:34:48,Sat,0,RPAC North Gym,0,230,0.0
2026-05-02 00:34:48,Sat,0,RPAC South Gym,4,230,1.7
2026-05-02 00:34:48,Sat,0,RPAC TWD Gym Courts 1-2,10,241,4.1
2026-05-02 00:34:48,Sat,0,RPAC TWD Gym Courts 3 - 4,15,241,6.2
2026-05-02 00:34:48,Sat,0,RPAC Upper Gym Courts 1 - 2,18,241,7.5
2026-05-02 00:34:48,Sat,0,RPAC Upper Gym Courts 3 - 4 ,2,241,0.8
2026-05-02 00:34:48,Sat,0,RPAC Weight Floor,30,125,24.0
2026-05-02 01:40:01,Sat,1,RPAC 1st Floor Fitness Balcony,10,55,18.2
2026-05-02 01:40:01,Sat,1,RPAC 2nd Floor Cardio Loft,4,37,10.8
2026-05-02 01:40:01,Sat,1,RPAC Aquatic Center - Class Pool,0,32,0.0
2026-05-02 01:40:01,Sat,1,RPAC Aquatic Center - Comp Pool,0,25,0.0
2026-05-02 01:40:01,Sat,1,RPAC Aquatic Center - Hot Tub,0,15,0.0
2026-05-02 01:40:01,Sat,1,RPAC Aquatic Center - Lap Pool,0,24,0.0
2026-05-02 01:40:01,Sat,1,RPAC Aquatic Center - Leisure Pool,0,40,0.0
2026-05-02 01:40:01,Sat,1,RPAC Cardio Canyon,15,68,22.1
2026-05-02 01:40:01,Sat,1,RPAC North Gym,0,230,0.0
2026-05-02 01:40:01,Sat,1,RPAC South Gym,4,230,1.7
2026-05-02 01:40:01,Sat,1,RPAC TWD Gym Courts 1-2,10,241,4.1
2026-05-02 01:40:01,Sat,1,RPAC TWD Gym Courts 3 - 4,15,241,6.2
2026-05-02 01:40:01,Sat,1,RPAC Upper Gym Courts 1 - 2,18,241,7.5
2026-05-02 01:40:01,Sat,1,RPAC Upper Gym Courts 3 - 4 ,2,241,0.8
2026-05-02 01:40:01,Sat,1,RPAC Weight Floor,30,125,24.0
2026-05-02 02:25:21,Sat,2,RPAC 1st Floor Fitness Balcony,10,55,18.2
2026-05-02 02:25:21,Sat,2,RPAC 2nd Floor Cardio Loft,4,37,10.8
2026-05-02 02:25:21,Sat,2,RPAC Aquatic Center - Class Pool,0,32,0.0
2026-05-02 02:25:21,Sat,2,RPAC Aquatic Center - Comp Pool,0,25,0.0
2026-05-02 02:25:21,Sat,2,RPAC Aquatic Center - Hot Tub,0,15,0.0
2026-05-02 02:25:21,Sat,2,RPAC Aquatic Center - Lap Pool,0,24,0.0
2026-05-02 02:25:21,Sat,2,RPAC Aquatic Center - Leisure Pool,0,40,0.0
2026-05-02 02:25:21,Sat,2,RPAC Cardio Canyon,15,68,22.1
2026-05-02 02:25:21,Sat,2,RPAC North Gym,0,230,0.0
2026-05-02 02:25:21,Sat,2,RPAC South Gym,4,230,1.7
2026-05-02 02:25:21,Sat,2,RPAC TWD Gym Courts 1-2,10,241,4.1
2026-05-02 02:25:21,Sat,2,RPAC TWD Gym Courts 3 - 4,15,241,6.2
2026-05-02 02:25:21,Sat,2,RPAC Upper Gym Courts 1 - 2,18,241,7.5
2026-05-02 02:25:21,Sat,2,RPAC Upper Gym Courts 3 - 4 ,2,241,0.8
2026-05-02 02:25:21,Sat,2,RPAC Weight Floor,30,125,24.0
2026-05-02 03:09:23,Sat,3,RPAC 1st Floor Fitness Balcony,10,55,18.2
2026-05-02 03:09:23,Sat,3,RPAC 2nd Floor Cardio Loft,4,37,10.8
2026-05-02 03:09:23,Sat,3,RPAC Aquatic Center - Class Pool,0,32,0.0
2026-05-02 03:09:23,Sat,3,RPAC Aquatic Center - Comp Pool,0,25,0.0
2026-05-02 03:09:23,Sat,3,RPAC Aquatic Center - Hot Tub,0,15,0.0
2026-05-02 03:09:23,Sat,3,RPAC Aquatic Center - Lap Pool,0,24,0.0
2026-05-02 03:09:23,Sat,3,RPAC Aquatic Center - Leisure Pool,0,40,0.0
2026-05-02 03:09:23,Sat,3,RPAC Cardio Canyon,15,68,22.1
2026-05-02 03:09:23,Sat,3,RPAC North Gym,0,230,0.0
2026-05-02 03:09:23,Sat,3,RPAC South Gym,4,230,1.7
2026-05-02 03:09:23,Sat,3,RPAC TWD Gym Courts 1-2,10,241,4.1
2026-05-02 03:09:23,Sat,3,RPAC TWD Gym Courts 3 - 4,15,241,6.2
2026-05-02 03:09:23,Sat,3,RPAC Upper Gym Courts 1 - 2,18,241,7.5
2026-05-02 03:09:23,Sat,3,RPAC Upper Gym Courts 3 - 4 ,2,241,0.8
2026-05-02 03:09:23,Sat,3,RPAC Weight Floor,30,125,24.0
2026-05-02 03:54:19,Sat,3,RPAC 1st Floor Fitness Balcony,10,55,18.2
2026-05-02 03:54:19,Sat,3,RPAC 2nd Floor Cardio Loft,4,37,10.8
2026-05-02 03:54:19,Sat,3,RPAC Aquatic Center - Class Pool,0,32,0.0
2026-05-02 03:54:19,Sat,3,RPAC Aquatic Center - Comp Pool,0,25,0.0
2026-05-02 03:54:19,Sat,3,RPAC Aquatic Center - Hot Tub,0,15,0.0
2026-05-02 03:54:19,Sat,3,RPAC Aquatic Center - Lap Pool,0,24,0.0
2026-05-02 03:54:19,Sat,3,RPAC Aquatic Center - Leisure Pool,0,40,0.0
2026-05-02 03:54:19,Sat,3,RPAC Cardio Canyon,15,68,22.1
2026-05-02 03:54:19,Sat,3,RPAC North Gym,0,230,0.0
2026-05-02 03:54:19,Sat,3,RPAC South Gym,4,230,1.7
2026-05-02 03:54:19,Sat,3,RPAC TWD Gym Courts 1-2,10,241,4.1
2026-05-02 03:54:19,Sat,3,RPAC TWD Gym Courts 3 - 4,15,241,6.2
2026-05-02 03:54:19,Sat,3,RPAC Upper Gym Courts 1 - 2,18,241,7.5
2026-05-02 03:54:19,Sat,3,RPAC Upper Gym Courts 3 - 4 ,2,241,0.8
2026-05-02 03:54:19,Sat,3,RPAC Weight Floor,30,125,24.0
2026-05-02 04:36:35,Sat,4,RPAC 1st Floor Fitness Balcony,10,55,18.2
2026-05-02 04:36:35,Sat,4,RPAC 2nd Floor Cardio Loft,4,37,10.8
2026-05-02 04:36:35,Sat,4,RPAC Aquatic Center - Class Pool,0,32,0.0
2026-05-02 04:36:35,Sat,4,RPAC Aquatic Center - Comp Pool,0,25,0.0
2026-05-02 04:36:35,Sat,4,RPAC Aquatic Center - Hot Tub,0,15,0.0
2026-05-02 04:36:35,Sat,4,RPAC Aquatic Center - Lap Pool,0,24,0.0
2026-05-02 04:36:35,Sat,4,RPAC Aquatic Center - Leisure Pool,0,40,0.0
2026-05-02 04:36:35,Sat,4,RPAC Cardio Canyon,15,68,22.1
2026-05-02 04:36:35,Sat,4,RPAC North Gym,0,230,0.0
2026-05-02 04:36:35,Sat,4,RPAC South Gym,4,230,1.7
2026-05-02 04:36:35,Sat,4,RPAC TWD Gym Courts 1-2,10,241,4.1
2026-05-02 04:36:35,Sat,4,RPAC TWD Gym Courts 3 - 4,15,241,6.2
2026-05-02 04:36:35,Sat,4,RPAC Upper Gym Courts 1 - 2,18,241,7.5
2026-05-02 04:36:35,Sat,4,RPAC Upper Gym Courts 3 - 4 ,2,241,0.8
2026-05-02 04:36:35,Sat,4,RPAC Weight Floor,30,125,24.0
2026-05-02 05:10:05,Sat,5,RPAC 1st Floor Fitness Balcony,10,55,18.2
2026-05-02 05:10:05,Sat,5,RPAC 2nd Floor Cardio Loft,4,37,10.8
2026-05-02 05:10:05,Sat,5,RPAC Aquatic Center - Class Pool,0,32,0.0
2026-05-02 05:10:05,Sat,5,RPAC Aquatic Center - Comp Pool,0,25,0.0
2026-05-02 05:10:05,Sat,5,RPAC Aquatic Center - Hot Tub,0,15,0.0
2026-05-02 05:10:05,Sat,5,RPAC Aquatic Center - Lap Pool,0,24,0.0
2026-05-02 05:10:05,Sat,5,RPAC Aquatic Center - Leisure Pool,0,40,0.0
2026-05-02 05:10:05,Sat,5,RPAC Cardio Canyon,15,68,22.1
2026-05-02 05:10:05,Sat,5,RPAC North Gym,0,230,0.0
2026-05-02 05:10:05,Sat,5,RPAC South Gym,4,230,1.7
2026-05-02 05:10:05,Sat,5,RPAC TWD Gym Courts 1-2,10,241,4.1
2026-05-02 05:10:05,Sat,5,RPAC TWD Gym Courts 3 - 4,15,241,6.2
2026-05-02 05:10:05,Sat,5,RPAC Upper Gym Courts 1 - 2,18,241,7.5
2026-05-02 05:10:05,Sat,5,RPAC Upper Gym Courts 3 - 4 ,2,241,0.8
2026-05-02 05:10:05,Sat,5,RPAC Weight Floor,30,125,24.0
2026-05-02 05:40:58,Sat,5,RPAC 1st Floor Fitness Balcony,10,55,18.2
2026-05-02 05:40:58,Sat,5,RPAC 2nd Floor Cardio Loft,4,37,10.8
2026-05-02 05:40:58,Sat,5,RPAC Aquatic Center - Class Pool,0,32,0.0
2026-05-02 05:40:58,Sat,5,RPAC Aquatic Center - Comp Pool,0,25,0.0
2026-05-02 05:40:58,Sat,5,RPAC Aquatic Center - Hot Tub,0,15,0.0
2026-05-02 05:40:58,Sat,5,RPAC Aquatic Center - Lap Pool,0,24,0.0
2026-05-02 05:40:58,Sat,5,RPAC Aquatic Center - Leisure Pool,0,40,0.0
2026-05-02 05:40:58,Sat,5,RPAC Cardio Canyon,15,68,22.1
2026-05-02 05:40:58,Sat,5,RPAC North Gym,0,230,0.0
2026-05-02 05:40:58,Sat,5,RPAC South Gym,4,230,1.7
2026-05-02 05:40:58,Sat,5,RPAC TWD Gym Courts 1-2,10,241,4.1
2026-05-02 05:40:58,Sat,5,RPAC TWD Gym Courts 3 - 4,15,241,6.2
2026-05-02 05:40:58,Sat,5,RPAC Upper Gym Courts 1 - 2,18,241,7.5
2026-05-02 05:40:58,Sat,5,RPAC Upper Gym Courts 3 - 4 ,2,241,0.8
2026-05-02 05:40:58,Sat,5,RPAC Weight Floor,30,125,24.0
2026-05-02 06:07:43,Sat,6,RPAC 1st Floor Fitness Balcony,10,55,18.2
2026-05-02 06:07:43,Sat,6,RPAC 2nd Floor Cardio Loft,4,37,10.8
2026-05-02 06:07:43,Sat,6,RPAC Aquatic Center - Class Pool,0,32,0.0
2026-05-02 06:07:43,Sat,6,RPAC Aquatic Center - Comp Pool,0,25,0.0
2026-05-02 06:07:43,Sat,6,RPAC Aquatic Center - Hot Tub,0,15,0.0
2026-05-02 06:07:43,Sat,6,RPAC Aquatic Center - Lap Pool,0,24,0.0
2026-05-02 06:07:43,Sat,6,RPAC Aquatic Center - Leisure Pool,0,40,0.0
2026-05-02 06:07:43,Sat,6,RPAC Cardio Canyon,15,68,22.1
2026-05-02 06:07:43,Sat,6,RPAC North Gym,0,230,0.0
2026-05-02 06:07:43,Sat,6,RPAC South Gym,4,230,1.7
2026-05-02 06:07:43,Sat,6,RPAC TWD Gym Courts 1-2,10,241,4.1
2026-05-02 06:07:43,Sat,6,RPAC TWD Gym Courts 3 - 4,15,241,6.2
2026-05-02 06:07:43,Sat,6,RPAC Upper Gym Courts 1 - 2,18,241,7.5
2026-05-02 06:07:43,Sat,6,RPAC Upper Gym Courts 3 - 4 ,2,241,0.8
2026-05-02 06:07:43,Sat,6,RPAC Weight Floor,30,125,24.0
2026-05-02 06:33:50,Sat,6,RPAC 1st Floor Fitness Balcony,10,55,18.2
2026-05-02 06:33:50,Sat,6,RPAC 2nd Floor Cardio Loft,4,37,10.8
2026-05-02 06:33:50,Sat,6,RPAC Aquatic Center - Class Pool,0,32,0.0
2026-05-02 06:33:50,Sat,6,RPAC Aquatic Center - Comp Pool,0,25,0.0
2026-05-02 06:33:50,Sat,6,RPAC Aquatic Center - Hot Tub,0,15,0.0
2026-05-02 06:33:50,Sat,6,RPAC Aquatic Center - Lap Pool,0,24,0.0
2026-05-02 06:33:50,Sat,6,RPAC Aquatic Center - Leisure Pool,0,40,0.0
2026-05-02 06:33:50,Sat,6,RPAC Cardio Canyon,15,68,22.1
2026-05-02 06:33:50,Sat,6,RPAC North Gym,0,230,0.0
2026-05-02 06:33:50,Sat,6,RPAC South Gym,4,230,1.7
2026-05-02 06:33:50,Sat,6,RPAC TWD Gym Courts 1-2,10,241,4.1
2026-05-02 06:33:50,Sat,6,RPAC TWD Gym Courts 3 - 4,15,241,6.2
2026-05-02 06:33:50,Sat,6,RPAC Upper Gym Courts 1 - 2,18,241,7.5
2026-05-02 06:33:50,Sat,6,RPAC Upper Gym Courts 3 - 4 ,2,241,0.8
2026-05-02 06:33:50,Sat,6,RPAC Weight Floor,30,125,24.0
2026-05-02 07:05:01,Sat,7,RPAC 1st Floor Fitness Balcony,10,55,18.2
2026-05-02 07:05:01,Sat,7,RPAC 2nd Floor Cardio Loft,4,37,10.8
2026-05-02 07:05:01,Sat,7,RPAC Aquatic Center - Class Pool,0,32,0.0
2026-05-02 07:05:01,Sat,7,RPAC Aquatic Center - Comp Pool,0,25,0.0
2026-05-02 07:05:01,Sat,7,RPAC Aquatic Center - Hot Tub,0,15,0.0
2026-05-02 07:05:01,Sat,7,RPAC Aquatic Center - Lap Pool,0,24,0.0
2026-05-02 07:05:01,Sat,7,RPAC Aquatic Center - Leisure Pool,0,40,0.0
2026-05-02 07:05:01,Sat,7,RPAC Cardio Canyon,15,68,22.1
2026-05-02 07:05:01,Sat,7,RPAC North Gym,0,230,0.0
2026-05-02 07:05:01,Sat,7,RPAC South Gym,4,230,1.7
2026-05-02 07:05:01,Sat,7,RPAC TWD Gym Courts 1-2,10,241,4.1
2026-05-02 07:05:01,Sat,7,RPAC TWD Gym Courts 3 - 4,15,241,6.2
2026-05-02 07:05:01,Sat,7,RPAC Upper Gym Courts 1 - 2,18,241,7.5
2026-05-02 07:05:01,Sat,7,RPAC Upper Gym Courts 3 - 4 ,2,241,0.8
2026-05-02 07:05:01,Sat,7,RPAC Weight Floor,30,125,24.0
2026-05-02 07:31:57,Sat,7,RPAC 1st Floor Fitness Balcony,10,55,18.2
2026-05-02 07:31:57,Sat,7,RPAC 2nd Floor Cardio Loft,4,37,10.8
2026-05-02 07:31:57,Sat,7,RPAC Aquatic Center - Class Pool,0,32,0.0
2026-05-02 07:31:57,Sat,7,RPAC Aquatic Center - Comp Pool,0,25,0.0
2026-05-02 07:31:57,Sat,7,RPAC Aquatic Center - Hot Tub,0,15,0.0
2026-05-02 07:31:57,Sat,7,RPAC Aquatic Center - Lap Pool,0,24,0.0
2026-05-02 07:31:57,Sat,7,RPAC Aquatic Center - Leisure Pool,0,40,0.0
2026-05-02 07:31:57,Sat,7,RPAC Cardio Canyon,15,68,22.1
2026-05-02 07:31:57,Sat,7,RPAC North Gym,0,230,0.0
2026-05-02 07:31:57,Sat,7,RPAC South Gym,4,230,1.7
2026-05-02 07:31:57,Sat,7,RPAC TWD Gym Courts 1-2,10,241,4.1
2026-05-02 07:31:57,Sat,7,RPAC TWD Gym Courts 3 - 4,15,241,6.2
2026-05-02 07:31:57,Sat,7,RPAC Upper Gym Courts 1 - 2,18,241,7.5
2026-05-02 07:31:57,Sat,7,RPAC Upper Gym Courts 3 - 4 ,2,241,0.8
2026-05-02 07:31:57,Sat,7,RPAC Weight Floor,30,125,24.0
2026-05-02 08:01:31,Sat,8,RPAC 1st Floor Fitness Balcony,10,55,18.2
2026-05-02 08:01:31,Sat,8,RPAC 2nd Floor Cardio Loft,4,37,10.8
2026-05-02 08:01:31,Sat,8,RPAC Aquatic Center - Class Pool,0,32,0.0
2026-05-02 08:01:31,Sat,8,RPAC Aquatic Center - Comp Pool,0,25,0.0
2026-05-02 08:01:31,Sat,8,RPAC Aquatic Center - Hot Tub,0,15,0.0
2026-05-02 08:01:31,Sat,8,RPAC Aquatic Center - Lap Pool,0,24,0.0
2026-05-02 08:01:31,Sat,8,RPAC Aquatic Center - Leisure Pool,0,40,0.0
2026-05-02 08:01:31,Sat,8,RPAC Cardio Canyon,15,68,22.1
2026-05-02 08:01:31,Sat,8,RPAC North Gym,0,230,0.0
2026-05-02 08:01:31,Sat,8,RPAC South Gym,4,230,1.7
2026-05-02 08:01:31,Sat,8,RPAC TWD Gym Courts 1-2,10,241,4.1
2026-05-02 08:01:31,Sat,8,RPAC TWD Gym Courts 3 - 4,15,241,6.2
2026-05-02 08:01:31,Sat,8,RPAC Upper Gym Courts 1 - 2,18,241,7.5
2026-05-02 08:01:31,Sat,8,RPAC Upper Gym Courts 3 - 4 ,2,241,0.8
2026-05-02 08:01:31,Sat,8,RPAC Weight Floor,30,125,24.0
2026-05-02 08:34:45,Sat,8,RPAC 1st Floor Fitness Balcony,10,55,18.2
2026-05-02 08:34:45,Sat,8,RPAC 2nd Floor Cardio Loft,4,37,10.8
2026-05-02 08:34:45,Sat,8,RPAC Aquatic Center - Class Pool,2,32,6.2
2026-05-02 08:34:45,Sat,8,RPAC Aquatic Center - Comp Pool,0,25,0.0
2026-05-02 08:34:45,Sat,8,RPAC Aquatic Center - Hot Tub,0,15,0.0
2026-05-02 08:34:45,Sat,8,RPAC Aquatic Center - Lap Pool,0,24,0.0
2026-05-02 08:34:45,Sat,8,RPAC Aquatic Center - Leisure Pool,0,40,0.0
2026-05-02 08:34:45,Sat,8,RPAC Cardio Canyon,15,68,22.1
2026-05-02 08:34:45,Sat,8,RPAC North Gym,0,230,0.0
2026-05-02 08:34:45,Sat,8,RPAC South Gym,4,230,1.7
2026-05-02 08:34:45,Sat,8,RPAC TWD Gym Courts 1-2,10,241,4.1
2026-05-02 08:34:45,Sat,8,RPAC TWD Gym Courts 3 - 4,15,241,6.2
2026-05-02 08:34:45,Sat,8,RPAC Upper Gym Courts 1 - 2,18,241,7.5
2026-05-02 08:34:45,Sat,8,RPAC Upper Gym Courts 3 - 4 ,2,241,0.8
2026-05-02 08:34:45,Sat,8,RPAC Weight Floor,30,125,24.0
2026-05-02 09:11:01,Sat,9,RPAC 1st Floor Fitness Balcony,10,55,18.2
2026-05-02 09:11:01,Sat,9,RPAC 2nd Floor Cardio Loft,4,37,10.8
2026-05-02 09:11:01,Sat,9,RPAC Aquatic Center - Class Pool,6,32,18.8
2026-05-02 09:11:01,Sat,9,RPAC Aquatic Center - Comp Pool,0,25,0.0
2026-05-02 09:11:01,Sat,9,RPAC Aquatic Center - Hot Tub,3,15,20.0
2026-05-02 09:11:01,Sat,9,RPAC Aquatic Center - Lap Pool,2,24,8.3
2026-05-02 09:11:01,Sat,9,RPAC Aquatic Center - Leisure Pool,0,40,0.0
2026-05-02 09:11:01,Sat,9,RPAC Cardio Canyon,15,68,22.1
2026-05-02 09:11:01,Sat,9,RPAC North Gym,0,230,0.0
2026-05-02 09:11:01,Sat,9,RPAC South Gym,4,230,1.7
2026-05-02 09:11:01,Sat,9,RPAC TWD Gym Courts 1-2,10,241,4.1
2026-05-02 09:11:01,Sat,9,RPAC TWD Gym Courts 3 - 4,15,241,6.2
2026-05-02 09:11:01,Sat,9,RPAC Upper Gym Courts 1 - 2,18,241,7.5
2026-05-02 09:11:01,Sat,9,RPAC Upper Gym Courts 3 - 4 ,2,241,0.8
2026-05-02 09:11:01,Sat,9,RPAC Weight Floor,30,125,24.0
2026-05-02 09:48:54,Sat,9,RPAC 1st Floor Fitness Balcony,10,55,18.2
2026-05-02 09:48:54,Sat,9,RPAC 2nd Floor Cardio Loft,4,37,10.8
2026-05-02 09:48:54,Sat,9,RPAC Aquatic Center - Class Pool,5,32,15.6
2026-05-02 09:48:54,Sat,9,RPAC Aquatic Center - Comp Pool,0,25,0.0
2026-05-02 09:48:54,Sat,9,RPAC Aquatic Center - Hot Tub,1,15,6.7
2026-05-02 09:48:54,Sat,9,RPAC Aquatic Center - Lap Pool,1,24,4.2
2026-05-02 09:48:54,Sat,9,RPAC Aquatic Center - Leisure Pool,0,40,0.0
2026-05-02 09:48:54,Sat,9,RPAC Cardio Canyon,15,68,22.1
2026-05-02 09:48:54,Sat,9,RPAC North Gym,0,230,0.0
2026-05-02 09:48:54,Sat,9,RPAC South Gym,4,230,1.7
2026-05-02 09:48:54,Sat,9,RPAC TWD Gym Courts 1-2,10,241,4.1
2026-05-02 09:48:54,Sat,9,RPAC TWD Gym Courts 3 - 4,15,241,6.2
2026-05-02 09:48:54,Sat,9,RPAC Upper Gym Courts 1 - 2,18,241,7.5
2026-05-02 09:48:54,Sat,9,RPAC Upper Gym Courts 3 - 4 ,2,241,0.8
2026-05-02 09:48:54,Sat,9,RPAC Weight Floor,30,125,24.0
2026-05-02 10:23:36,Sat,10,RPAC 1st Floor Fitness Balcony,10,55,18.2
2026-05-02 10:23:36,Sat,10,RPAC 2nd Floor Cardio Loft,4,37,10.8
2026-05-02 10:23:36,Sat,10,RPAC Aquatic Center - Class Pool,3,32,9.4
2026-05-02 10:23:36,Sat,10,RPAC Aquatic Center - Comp Pool,0,25,0.0
2026-05-02 10:23:36,Sat,10,RPAC Aquatic Center - Hot Tub,0,15,0.0
2026-05-02 10:23:36,Sat,10,RPAC Aquatic Center - Lap Pool,2,24,8.3
2026-05-02 10:23:36,Sat,10,RPAC Aquatic Center - Leisure Pool,0,40,0.0
2026-05-02 10:23:36,Sat,10,RPAC Cardio Canyon,15,68,22.1
2026-05-02 10:23:36,Sat,10,RPAC North Gym,0,230,0.0
2026-05-02 10:23:36,Sat,10,RPAC South Gym,4,230,1.7
2026-05-02 10:23:36,Sat,10,RPAC TWD Gym Courts 1-2,10,241,4.1
2026-05-02 10:23:36,Sat,10,RPAC TWD Gym Courts 3 - 4,15,241,6.2
2026-05-02 10:23:36,Sat,10,RPAC Upper Gym Courts 1 - 2,18,241,7.5
2026-05-02 10:23:36,Sat,10,RPAC Upper Gym Courts 3 - 4 ,2,241,0.8
2026-05-02 10:23:36,Sat,10,RPAC Weight Floor,30,125,24.0
2026-05-02 10:48:09,Sat,10,RPAC 1st Floor Fitness Balcony,10,55,18.2
2026-05-02 10:48:09,Sat,10,RPAC 2nd Floor Cardio Loft,4,37,10.8
2026-05-02 10:48:09,Sat,10,RPAC Aquatic Center - Class Pool,3,32,9.4
2026-05-02 10:48:09,Sat,10,RPAC Aquatic Center - Comp Pool,0,25,0.0
2026-05-02 10:48:09,Sat,10,RPAC Aquatic Center - Hot Tub,0,15,0.0
2026-05-02 10:48:09,Sat,10,RPAC Aquatic Center - Lap Pool,2,24,8.3
2026-05-02 10:48:09,Sat,10,RPAC Aquatic Center - Leisure Pool,0,40,0.0
2026-05-02 10:48:09,Sat,10,RPAC Cardio Canyon,15,68,22.1
2026-05-02 10:48:09,Sat,10,RPAC North Gym,0,230,0.0
2026-05-02 10:48:09,Sat,10,RPAC South Gym,4,230,1.7
2026-05-02 10:48:09,Sat,10,RPAC TWD Gym Courts 1-2,10,241,4.1
2026-05-02 10:48:09,Sat,10,RPAC TWD Gym Courts 3 - 4,15,241,6.2
2026-05-02 10:48:09,Sat,10,RPAC Upper Gym Courts 1 - 2,18,241,7.5
2026-05-02 10:48:09,Sat,10,RPAC Upper Gym Courts 3 - 4 ,2,241,0.8
2026-05-02 10:48:09,Sat,10,RPAC Weight Floor,30,125,24.0
2026-05-02 11:19:54,Sat,11,RPAC 1st Floor Fitness Balcony,10,55,18.2
2026-05-02 11:19:54,Sat,11,RPAC 2nd Floor Cardio Loft,4,37,10.8
2026-05-02 11:19:54,Sat,11,RPAC Aquatic Center - Class Pool,4,32,12.5
2026-05-02 11:19:54,Sat,11,RPAC Aquatic Center - Comp Pool,0,25,0.0
2026-05-02 11:19:54,Sat,11,RPAC Aquatic Center - Hot Tub,1,15,6.7
2026-05-02 11:19:54,Sat,11,RPAC Aquatic Center - Lap Pool,2,24,8.3
2026-05-02 11:19:54,Sat,11,RPAC Aquatic Center - Leisure Pool,0,40,0.0
2026-05-02 11:19:54,Sat,11,RPAC Cardio Canyon,15,68,22.1
2026-05-02 11:19:54,Sat,11,RPAC North Gym,0,230,0.0
2026-05-02 11:19:54,Sat,11,RPAC South Gym,4,230,1.7
2026-05-02 11:19:54,Sat,11,RPAC TWD Gym Courts 1-2,10,241,4.1
2026-05-02 11:19:54,Sat,11,RPAC TWD Gym Courts 3 - 4,15,241,6.2
2026-05-02 11:19:54,Sat,11,RPAC Upper Gym Courts 1 - 2,18,241,7.5
2026-05-02 11:19:54,Sat,11,RPAC Upper Gym Courts 3 - 4 ,2,241,0.8
2026-05-02 11:19:54,Sat,11,RPAC Weight Floor,30,125,24.0
2026-05-02 11:47:43,Sat,11,RPAC 1st Floor Fitness Balcony,10,55,18.2
2026-05-02 11:47:43,Sat,11,RPAC 2nd Floor Cardio Loft,4,37,10.8
2026-05-02 11:47:43,Sat,11,RPAC Aquatic Center - Class Pool,2,32,6.2
2026-05-02 11:47:43,Sat,11,RPAC Aquatic Center - Comp Pool,0,25,0.0
2026-05-02 11:47:43,Sat,11,RPAC Aquatic Center - Hot Tub,1,15,6.7
2026-05-02 11:47:43,Sat,11,RPAC Aquatic Center - Lap Pool,2,24,8.3
2026-05-02 11:47:43,Sat,11,RPAC Aquatic Center - Leisure Pool,0,40,0.0
2026-05-02 11:47:43,Sat,11,RPAC Cardio Canyon,15,68,22.1
2026-05-02 11:47:43,Sat,11,RPAC North Gym,0,230,0.0
2026-05-02 11:47:43,Sat,11,RPAC South Gym,4,230,1.7
2026-05-02 11:47:43,Sat,11,RPAC TWD Gym Courts 1-2,10,241,4.1
2026-05-02 11:47:43,Sat,11,RPAC TWD Gym Courts 3 - 4,15,241,6.2
2026-05-02 11:47:43,Sat,11,RPAC Upper Gym Courts 1 - 2,18,241,7.5
2026-05-02 11:47:43,Sat,11,RPAC Upper Gym Courts 3 - 4 ,2,241,0.8
2026-05-02 11:47:43,Sat,11,RPAC Weight Floor,30,125,24.0
2026-05-02 12:20:52,Sat,12,RPAC 1st Floor Fitness Balcony,10,55,18.2
2026-05-02 12:20:52,Sat,12,RPAC 2nd Floor Cardio Loft,4,37,10.8
2026-05-02 12:20:52,Sat,12,RPAC Aquatic Center - Class Pool,2,32,6.2
2026-05-02 12:20:52,Sat,12,RPAC Aquatic Center - Comp Pool,0,25,0.0
2026-05-02 12:20:52,Sat,12,RPAC Aquatic Center - Hot Tub,1,15,6.7
2026-05-02 12:20:52,Sat,12,RPAC Aquatic Center - Lap Pool,6,24,25.0
2026-05-02 12:20:52,Sat,12,RPAC Aquatic Center - Leisure Pool,0,40,0.0
2026-05-02 12:20:52,Sat,12,RPAC Cardio Canyon,15,68,22.1
2026-05-02 12:20:52,Sat,12,RPAC North Gym,0,230,0.0
2026-05-02 12:20:52,Sat,12,RPAC South Gym,4,230,1.7
2026-05-02 12:20:52,Sat,12,RPAC TWD Gym Courts 1-2,10,241,4.1
2026-05-02 12:20:52,Sat,12,RPAC TWD Gym Courts 3 - 4,15,241,6.2
2026-05-02 12:20:52,Sat,12,RPAC Upper Gym Courts 1 - 2,18,241,7.5
2026-05-02 12:20:52,Sat,12,RPAC Upper Gym Courts 3 - 4 ,2,241,0.8
2026-05-02 12:20:52,Sat,12,RPAC Weight Floor,30,125,24.0
2026-05-02 12:48:07,Sat,12,RPAC 1st Floor Fitness Balcony,10,55,18.2
2026-05-02 12:48:07,Sat,12,RPAC 2nd Floor Cardio Loft,4,37,10.8
2026-05-02 12:48:07,Sat,12,RPAC Aquatic Center - Class Pool,4,32,12.5
2026-05-02 12:48:07,Sat,12,RPAC Aquatic Center - Comp Pool,0,25,0.0
2026-05-02 12:48:07,Sat,12,RPAC Aquatic Center - Hot Tub,4,15,26.7
2026-05-02 12:48:07,Sat,12,RPAC Aquatic Center - Lap Pool,5,24,20.8
2026-05-02 12:48:07,Sat,12,RPAC Aquatic Center - Leisure Pool,0,40,0.0
2026-05-02 12:48:07,Sat,12,RPAC Cardio Canyon,15,68,22.1
2026-05-02 12:48:07,Sat,12,RPAC North Gym,0,230,0.0
2026-05-02 12:48:07,Sat,12,RPAC South Gym,4,230,1.7
2026-05-02 12:48:07,Sat,12,RPAC TWD Gym Courts 1-2,10,241,4.1
2026-05-02 12:48:07,Sat,12,RPAC TWD Gym Courts 3 - 4,15,241,6.2
2026-05-02 12:48:07,Sat,12,RPAC Upper Gym Courts 1 - 2,18,241,7.5
2026-05-02 12:48:07,Sat,12,RPAC Upper Gym Courts 3 - 4 ,2,241,0.8
2026-05-02 12:48:07,Sat,12,RPAC Weight Floor,30,125,24.0
2026-05-02 13:20:14,Sat,13,RPAC 1st Floor Fitness Balcony,10,55,18.2
2026-05-02 13:20:14,Sat,13,RPAC 2nd Floor Cardio Loft,4,37,10.8
2026-05-02 13:20:14,Sat,13,RPAC Aquatic Center - Class Pool,2,32,6.2
2026-05-02 13:20:14,Sat,13,RPAC Aquatic Center - Comp Pool,0,25,0.0
2026-05-02 13:20:14,Sat,13,RPAC Aquatic Center - Hot Tub,3,15,20.0
2026-05-02 13:20:14,Sat,13,RPAC Aquatic Center - Lap Pool,2,24,8.3
2026-05-02 13:20:14,Sat,13,RPAC Aquatic Center - Leisure Pool,0,40,0.0
2026-05-02 13:20:14,Sat,13,RPAC Cardio Canyon,15,68,22.1
2026-05-02 13:20:14,Sat,13,RPAC North Gym,0,230,0.0
2026-05-02 13:20:14,Sat,13,RPAC South Gym,4,230,1.7
2026-05-02 13:20:14,Sat,13,RPAC TWD Gym Courts 1-2,10,241,4.1
2026-05-02 13:20:14,Sat,13,RPAC TWD Gym Courts 3 - 4,15,241,6.2
2026-05-02 13:20:14,Sat,13,RPAC Upper Gym Courts 1 - 2,18,241,7.5
2026-05-02 13:20:14,Sat,13,RPAC Upper Gym Courts 3 - 4 ,2,241,0.8
2026-05-02 13:20:14,Sat,13,RPAC Weight Floor,30,125,24.0
2026-05-02 13:47:32,Sat,13,RPAC 1st Floor Fitness Balcony,17,55,30.9
2026-05-02 13:47:32,Sat,13,RPAC 2nd Floor Cardio Loft,3,37,8.1
2026-05-02 13:47:32,Sat,13,RPAC Aquatic Center - Class Pool,3,32,9.4
2026-05-02 13:47:32,Sat,13,RPAC Aquatic Center - Comp Pool,0,25,0.0
2026-05-02 13:47:32,Sat,13,RPAC Aquatic Center - Hot Tub,0,15,0.0
2026-05-02 13:47:32,Sat,13,RPAC Aquatic Center - Lap Pool,4,24,16.7
2026-05-02 13:47:32,Sat,13,RPAC Aquatic Center - Leisure Pool,0,40,0.0
2026-05-02 13:47:32,Sat,13,RPAC Cardio Canyon,20,68,29.4
2026-05-02 13:47:32,Sat,13,RPAC North Gym,6,230,2.6
2026-05-02 13:47:32,Sat,13,RPAC South Gym,0,230,0.0
2026-05-02 13:47:32,Sat,13,RPAC TWD Gym Courts 1-2,50,241,20.7
2026-05-02 13:47:32,Sat,13,RPAC TWD Gym Courts 3 - 4,100,241,41.5
2026-05-02 13:47:32,Sat,13,RPAC Upper Gym Courts 1 - 2,8,241,3.3
2026-05-02 13:47:32,Sat,13,RPAC Upper Gym Courts 3 - 4 ,11,241,4.6
2026-05-02 13:47:32,Sat,13,RPAC Weight Floor,60,125,48.0
2026-05-02 14:24:05,Sat,14,RPAC 1st Floor Fitness Balcony,17,55,30.9
2026-05-02 14:24:05,Sat,14,RPAC 2nd Floor Cardio Loft,3,37,8.1
2026-05-02 14:24:05,Sat,14,RPAC Aquatic Center - Class Pool,3,32,9.4
2026-05-02 14:24:05,Sat,14,RPAC Aquatic Center - Comp Pool,0,25,0.0
2026-05-02 14:24:05,Sat,14,RPAC Aquatic Center - Hot Tub,3,15,20.0
2026-05-02 14:24:05,Sat,14,RPAC Aquatic Center - Lap Pool,7,24,29.2
2026-05-02 14:24:05,Sat,14,RPAC Aquatic Center - Leisure Pool,0,40,0.0
2026-05-02 14:24:05,Sat,14,RPAC Cardio Canyon,20,68,29.4
2026-05-02 14:24:05,Sat,14,RPAC North Gym,6,230,2.6
2026-05-02 14:24:05,Sat,14,RPAC South Gym,0,230,0.0
2026-05-02 14:24:05,Sat,14,RPAC TWD Gym Courts 1-2,50,241,20.7
2026-05-02 14:24:05,Sat,14,RPAC TWD Gym Courts 3 - 4,100,241,41.5
2026-05-02 14:24:05,Sat,14,RPAC Upper Gym Courts 1 - 2,8,241,3.3
2026-05-02 14:24:05,Sat,14,RPAC Upper Gym Courts 3 - 4 ,11,241,4.6
2026-05-02 14:24:05,Sat,14,RPAC Weight Floor,60,125,48.0
2026-05-02 14:49:26,Sat,14,RPAC 1st Floor Fitness Balcony,17,55,30.9
2026-05-02 14:49:26,Sat,14,RPAC 2nd Floor Cardio Loft,3,37,8.1
2026-05-02 14:49:26,Sat,14,RPAC Aquatic Center - Class Pool,3,32,9.4
2026-05-02 14:49:26,Sat,14,RPAC Aquatic Center - Comp Pool,0,25,0.0
2026-05-02 14:49:26,Sat,14,RPAC Aquatic Center - Hot Tub,3,15,20.0
2026-05-02 14:49:26,Sat,14,RPAC Aquatic Center - Lap Pool,7,24,29.2
2026-05-02 14:49:26,Sat,14,RPAC Aquatic Center - Leisure Pool,0,40,0.0
2026-05-02 14:49:26,Sat,14,RPAC Cardio Canyon,20,68,29.4
2026-05-02 14:49:26,Sat,14,RPAC North Gym,6,230,2.6
2026-05-02 14:49:26,Sat,14,RPAC South Gym,0,230,0.0
2026-05-02 14:49:26,Sat,14,RPAC TWD Gym Courts 1-2,50,241,20.7
2026-05-02 14:49:26,Sat,14,RPAC TWD Gym Courts 3 - 4,100,241,41.5
2026-05-02 14:49:26,Sat,14,RPAC Upper Gym Courts 1 - 2,8,241,3.3
2026-05-02 14:49:26,Sat,14,RPAC Upper Gym Courts 3 - 4 ,11,241,4.6
2026-05-02 14:49:26,Sat,14,RPAC Weight Floor,60,125,48.0
2026-05-02 15:26:03,Sat,15,RPAC 1st Floor Fitness Balcony,17,55,30.9
2026-05-02 15:26:03,Sat,15,RPAC 2nd Floor Cardio Loft,3,37,8.1
2026-05-02 15:26:03,Sat,15,RPAC Aquatic Center - Class Pool,5,32,15.6
2026-05-02 15:26:03,Sat,15,RPAC Aquatic Center - Comp Pool,0,25,0.0
2026-05-02 15:26:03,Sat,15,RPAC Aquatic Center - Hot Tub,2,15,13.3
2026-05-02 15:26:03,Sat,15,RPAC Aquatic Center - Lap Pool,7,24,29.2
2026-05-02 15:26:03,Sat,15,RPAC Aquatic Center - Leisure Pool,0,40,0.0
2026-05-02 15:26:03,Sat,15,RPAC Cardio Canyon,20,68,29.4
2026-05-02 15:26:03,Sat,15,RPAC North Gym,6,230,2.6
2026-05-02 15:26:03,Sat,15,RPAC South Gym,0,230,0.0
2026-05-02 15:26:03,Sat,15,RPAC TWD Gym Courts 1-2,50,241,20.7
2026-05-02 15:26:03,Sat,15,RPAC TWD Gym Courts 3 - 4,100,241,41.5
2026-05-02 15:26:03,Sat,15,RPAC Upper Gym Courts 1 - 2,8,241,3.3
2026-05-02 15:26:03,Sat,15,RPAC Upper Gym Courts 3 - 4 ,11,241,4.6
2026-05-02 15:26:03,Sat,15,RPAC Weight Floor,60,125,48.0
2026-05-02 15:50:28,Sat,15,RPAC 1st Floor Fitness Balcony,17,55,30.9
2026-05-02 15:50:28,Sat,15,RPAC 2nd Floor Cardio Loft,3,37,8.1
2026-05-02 15:50:28,Sat,15,RPAC Aquatic Center - Class Pool,5,32,15.6
2026-05-02 15:50:28,Sat,15,RPAC Aquatic Center - Comp Pool,0,25,0.0
2026-05-02 15:50:28,Sat,15,RPAC Aquatic Center - Hot Tub,2,15,13.3
2026-05-02 15:50:28,Sat,15,RPAC Aquatic Center - Lap Pool,7,24,29.2
2026-05-02 15:50:28,Sat,15,RPAC Aquatic Center - Leisure Pool,0,40,0.0
2026-05-02 15:50:28,Sat,15,RPAC Cardio Canyon,20,68,29.4
2026-05-02 15:50:28,Sat,15,RPAC North Gym,6,230,2.6
2026-05-02 15:50:28,Sat,15,RPAC South Gym,0,230,0.0
2026-05-02 15:50:28,Sat,15,RPAC TWD Gym Courts 1-2,50,241,20.7
2026-05-02 15:50:28,Sat,15,RPAC TWD Gym Courts 3 - 4,100,241,41.5
2026-05-02 15:50:28,Sat,15,RPAC Upper Gym Courts 1 - 2,8,241,3.3
2026-05-02 15:50:28,Sat,15,RPAC Upper Gym Courts 3 - 4 ,11,241,4.6
2026-05-02 15:50:28,Sat,15,RPAC Weight Floor,60,125,48.0
2026-05-02 16:16:13,Sat,16,RPAC 1st Floor Fitness Balcony,17,55,30.9
2026-05-02 16:16:13,Sat,16,RPAC 2nd Floor Cardio Loft,3,37,8.1
2026-05-02 16:16:13,Sat,16,RPAC Aquatic Center - Class Pool,6,32,18.8
2026-05-02 16:16:13,Sat,16,RPAC Aquatic Center - Comp Pool,0,25,0.0
2026-05-02 16:16:13,Sat,16,RPAC Aquatic Center - Hot Tub,2,15,13.3
2026-05-02 16:16:13,Sat,16,RPAC Aquatic Center - Lap Pool,6,24,25.0
2026-05-02 16:16:13,Sat,16,RPAC Aquatic Center - Leisure Pool,0,40,0.0
2026-05-02 16:16:13,Sat,16,RPAC Cardio Canyon,20,68,29.4
2026-05-02 16:16:13,Sat,16,RPAC North Gym,6,230,2.6
2026-05-02 16:16:13,Sat,16,RPAC South Gym,0,230,0.0
2026-05-02 16:16:13,Sat,16,RPAC TWD Gym Courts 1-2,50,241,20.7
2026-05-02 16:16:13,Sat,16,RPAC TWD Gym Courts 3 - 4,100,241,41.5
2026-05-02 16:16:13,Sat,16,RPAC Upper Gym Courts 1 - 2,8,241,3.3
2026-05-02 16:16:13,Sat,16,RPAC Upper Gym Courts 3 - 4 ,11,241,4.6
2026-05-02 16:16:13,Sat,16,RPAC Weight Floor,60,125,48.0
2026-05-02 16:47:29,Sat,16,RPAC 1st Floor Fitness Balcony,17,55,30.9
2026-05-02 16:47:29,Sat,16,RPAC 2nd Floor Cardio Loft,3,37,8.1
2026-05-02 16:47:29,Sat,16,RPAC Aquatic Center - Class Pool,4,32,12.5
2026-05-02 16:47:29,Sat,16,RPAC Aquatic Center - Comp Pool,0,25,0.0
2026-05-02 16:47:29,Sat,16,RPAC Aquatic Center - Hot Tub,7,15,46.7
2026-05-02 16:47:29,Sat,16,RPAC Aquatic Center - Lap Pool,6,24,25.0
2026-05-02 16:47:29,Sat,16,RPAC Aquatic Center - Leisure Pool,0,40,0.0
2026-05-02 16:47:29,Sat,16,RPAC Cardio Canyon,20,68,29.4
2026-05-02 16:47:29,Sat,16,RPAC North Gym,6,230,2.6
2026-05-02 16:47:29,Sat,16,RPAC South Gym,0,230,0.0
2026-05-02 16:47:29,Sat,16,RPAC TWD Gym Courts 1-2,50,241,20.7
2026-05-02 16:47:29,Sat,16,RPAC TWD Gym Courts 3 - 4,100,241,41.5
2026-05-02 16:47:29,Sat,16,RPAC Upper Gym Courts 1 - 2,8,241,3.3
2026-05-02 16:47:29,Sat,16,RPAC Upper Gym Courts 3 - 4 ,11,241,4.6
2026-05-02 16:47:29,Sat,16,RPAC Weight Floor,60,125,48.0
2026-05-02 17:18:01,Sat,17,RPAC 1st Floor Fitness Balcony,17,55,30.9
2026-05-02 17:18:01,Sat,17,RPAC 2nd Floor Cardio Loft,3,37,8.1
2026-05-02 17:18:01,Sat,17,RPAC Aquatic Center - Class Pool,15,32,46.9
2026-05-02 17:18:01,Sat,17,RPAC Aquatic Center - Comp Pool,0,25,0.0
2026-05-02 17:18:01,Sat,17,RPAC Aquatic Center - Hot Tub,3,15,20.0
2026-05-02 17:18:01,Sat,17,RPAC Aquatic Center - Lap Pool,8,24,33.3
2026-05-02 17:18:01,Sat,17,RPAC Aquatic Center - Leisure Pool,0,40,0.0
2026-05-02 17:18:01,Sat,17,RPAC Cardio Canyon,20,68,29.4
2026-05-02 17:18:01,Sat,17,RPAC North Gym,6,230,2.6
2026-05-02 17:18:01,Sat,17,RPAC South Gym,0,230,0.0
2026-05-02 17:18:01,Sat,17,RPAC TWD Gym Courts 1-2,50,241,20.7
2026-05-02 17:18:01,Sat,17,RPAC TWD Gym Courts 3 - 4,100,241,41.5
2026-05-02 17:18:01,Sat,17,RPAC Upper Gym Courts 1 - 2,8,241,3.3
2026-05-02 17:18:01,Sat,17,RPAC Upper Gym Courts 3 - 4 ,11,241,4.6
2026-05-02 17:18:01,Sat,17,RPAC Weight Floor,60,125,48.0
2026-05-02 17:47:18,Sat,17,RPAC 1st Floor Fitness Balcony,17,55,30.9
2026-05-02 17:47:18,Sat,17,RPAC 2nd Floor Cardio Loft,3,37,8.1
2026-05-02 17:47:18,Sat,17,RPAC Aquatic Center - Class Pool,6,32,18.8
2026-05-02 17:47:18,Sat,17,RPAC Aquatic Center - Comp Pool,0,25,0.0
2026-05-02 17:47:18,Sat,17,RPAC Aquatic Center - Hot Tub,10,15,66.7
2026-05-02 17:47:18,Sat,17,RPAC Aquatic Center - Lap Pool,4,24,16.7
2026-05-02 17:47:18,Sat,17,RPAC Aquatic Center - Leisure Pool,0,40,0.0
2026-05-02 17:47:18,Sat,17,RPAC Cardio Canyon,20,68,29.4
2026-05-02 17:47:18,Sat,17,RPAC North Gym,6,230,2.6
2026-05-02 17:47:18,Sat,17,RPAC South Gym,0,230,0.0
2026-05-02 17:47:18,Sat,17,RPAC TWD Gym Courts 1-2,50,241,20.7
2026-05-02 17:47:18,Sat,17,RPAC TWD Gym Courts 3 - 4,100,241,41.5
2026-05-02 17:47:18,Sat,17,RPAC Upper Gym Courts 1 - 2,8,241,3.3
2026-05-02 17:47:18,Sat,17,RPAC Upper Gym Courts 3 - 4 ,11,241,4.6
2026-05-02 17:47:18,Sat,17,RPAC Weight Floor,60,125,48.0
2026-05-02 18:17:10,Sat,18,RPAC 1st Floor Fitness Balcony,17,55,30.9
2026-05-02 18:17:10,Sat,18,RPAC 2nd Floor Cardio Loft,3,37,8.1
2026-05-02 18:17:10,Sat,18,RPAC Aquatic Center - Class Pool,3,32,9.4
2026-05-02 18:17:10,Sat,18,RPAC Aquatic Center - Comp Pool,0,25,0.0
2026-05-02 18:17:10,Sat,18,RPAC Aquatic Center - Hot Tub,5,15,33.3
2026-05-02 18:17:10,Sat,18,RPAC Aquatic Center - Lap Pool,1,24,4.2
2026-05-02 18:17:10,Sat,18,RPAC Aquatic Center - Leisure Pool,0,40,0.0
2026-05-02 18:17:10,Sat,18,RPAC Cardio Canyon,20,68,29.4
2026-05-02 18:17:10,Sat,18,RPAC North Gym,6,230,2.6
2026-05-02 18:17:10,Sat,18,RPAC South Gym,0,230,0.0
2026-05-02 18:17:10,Sat,18,RPAC TWD Gym Courts 1-2,50,241,20.7
2026-05-02 18:17:10,Sat,18,RPAC TWD Gym Courts 3 - 4,100,241,41.5
2026-05-02 18:17:10,Sat,18,RPAC Upper Gym Courts 1 - 2,8,241,3.3
2026-05-02 18:17:10,Sat,18,RPAC Upper Gym Courts 3 - 4 ,11,241,4.6
2026-05-02 18:17:10,Sat,18,RPAC Weight Floor,60,125,48.0
2026-05-02 18:47:31,Sat,18,RPAC 1st Floor Fitness Balcony,17,55,30.9
2026-05-02 18:47:31,Sat,18,RPAC 2nd Floor Cardio Loft,3,37,8.1
2026-05-02 18:47:31,Sat,18,RPAC Aquatic Center - Class Pool,11,32,34.4
2026-05-02 18:47:31,Sat,18,RPAC Aquatic Center - Comp Pool,0,25,0.0
2026-05-02 18:47:31,Sat,18,RPAC Aquatic Center - Hot Tub,3,15,20.0
2026-05-02 18:47:31,Sat,18,RPAC Aquatic Center - Lap Pool,5,24,20.8
2026-05-02 18:47:31,Sat,18,RPAC Aquatic Center - Leisure Pool,0,40,0.0
2026-05-02 18:47:31,Sat,18,RPAC Cardio Canyon,20,68,29.4
2026-05-02 18:47:31,Sat,18,RPAC North Gym,6,230,2.6
2026-05-02 18:47:31,Sat,18,RPAC South Gym,0,230,0.0
2026-05-02 18:47:31,Sat,18,RPAC TWD Gym Courts 1-2,50,241,20.7
2026-05-02 18:47:31,Sat,18,RPAC TWD Gym Courts 3 - 4,100,241,41.5
2026-05-02 18:47:31,Sat,18,RPAC Upper Gym Courts 1 - 2,8,241,3.3
2026-05-02 18:47:31,Sat,18,RPAC Upper Gym Courts 3 - 4 ,11,241,4.6
2026-05-02 18:47:31,Sat,18,RPAC Weight Floor,60,125,48.0
2026-05-02 19:19:29,Sat,19,RPAC 1st Floor Fitness Balcony,17,55,30.9
2026-05-02 19:19:29,Sat,19,RPAC 2nd Floor Cardio Loft,3,37,8.1
2026-05-02 19:19:29,Sat,19,RPAC Aquatic Center - Class Pool,0,32,0.0
2026-05-02 19:19:29,Sat,19,RPAC Aquatic Center - Comp Pool,0,25,0.0
2026-05-02 19:19:29,Sat,19,RPAC Aquatic Center - Hot Tub,0,15,0.0
2026-05-02 19:19:29,Sat,19,RPAC Aquatic Center - Lap Pool,0,24,0.0
2026-05-02 19:19:29,Sat,19,RPAC Aquatic Center - Leisure Pool,0,40,0.0
2026-05-02 19:19:29,Sat,19,RPAC Cardio Canyon,20,68,29.4
2026-05-02 19:19:29,Sat,19,RPAC North Gym,6,230,2.6
2026-05-02 19:19:29,Sat,19,RPAC South Gym,0,230,0.0
2026-05-02 19:19:29,Sat,19,RPAC TWD Gym Courts 1-2,50,241,20.7
2026-05-02 19:19:29,Sat,19,RPAC TWD Gym Courts 3 - 4,100,241,41.5
2026-05-02 19:19:29,Sat,19,RPAC Upper Gym Courts 1 - 2,8,241,3.3
2026-05-02 19:19:29,Sat,19,RPAC Upper Gym Courts 3 - 4 ,11,241,4.6
2026-05-02 19:19:29,Sat,19,RPAC Weight Floor,60,125,48.0
2026-05-02 19:47:39,Sat,19,RPAC 1st Floor Fitness Balcony,17,55,30.9
2026-05-02 19:47:39,Sat,19,RPAC 2nd Floor Cardio Loft,3,37,8.1
2026-05-02 19:47:39,Sat,19,RPAC Aquatic Center - Class Pool,0,32,0.0
2026-05-02 19:47:39,Sat,19,RPAC Aquatic Center - Comp Pool,0,25,0.0
2026-05-02 19:47:39,Sat,19,RPAC Aquatic Center - Hot Tub,0,15,0.0
2026-05-02 19:47:39,Sat,19,RPAC Aquatic Center - Lap Pool,0,24,0.0
2026-05-02 19:47:39,Sat,19,RPAC Aquatic Center - Leisure Pool,0,40,0.0
2026-05-02 19:47:39,Sat,19,RPAC Cardio Canyon,20,68,29.4
2026-05-02 19:47:39,Sat,19,RPAC North Gym,6,230,2.6
2026-05-02 19:47:39,Sat,19,RPAC South Gym,0,230,0.0
2026-05-02 19:47:39,Sat,19,RPAC TWD Gym Courts 1-2,50,241,20.7
2026-05-02 19:47:39,Sat,19,RPAC TWD Gym Courts 3 - 4,100,241,41.5
2026-05-02 19:47:39,Sat,19,RPAC Upper Gym Courts 1 - 2,8,241,3.3
2026-05-02 19:47:39,Sat,19,RPAC Upper Gym Courts 3 - 4 ,11,241,4.6
2026-05-02 19:47:39,Sat,19,RPAC Weight Floor,60,125,48.0
2026-05-02 20:53:03,Sat,20,RPAC 1st Floor Fitness Balcony,17,55,30.9
2026-05-02 20:53:03,Sat,20,RPAC 2nd Floor Cardio Loft,3,37,8.1
2026-05-02 20:53:03,Sat,20,RPAC Aquatic Center - Class Pool,0,32,0.0
2026-05-02 20:53:03,Sat,20,RPAC Aquatic Center - Comp Pool,0,25,0.0
2026-05-02 20:53:03,Sat,20,RPAC Aquatic Center - Hot Tub,0,15,0.0
2026-05-02 20:53:03,Sat,20,RPAC Aquatic Center - Lap Pool,0,24,0.0
2026-05-02 20:53:03,Sat,20,RPAC Aquatic Center - Leisure Pool,0,40,0.0
2026-05-02 20:53:03,Sat,20,RPAC Cardio Canyon,20,68,29.4
2026-05-02 20:53:03,Sat,20,RPAC North Gym,6,230,2.6
2026-05-02 20:53:03,Sat,20,RPAC South Gym,0,230,0.0
2026-05-02 20:53:03,Sat,20,RPAC TWD Gym Courts 1-2,50,241,20.7
2026-05-02 20:53:03,Sat,20,RPAC TWD Gym Courts 3 - 4,100,241,41.5
2026-05-02 20:53:03,Sat,20,RPAC Upper Gym Courts 1 - 2,8,241,3.3
2026-05-02 20:53:03,Sat,20,RPAC Upper Gym Courts 3 - 4 ,11,241,4.6
2026-05-02 20:53:03,Sat,20,RPAC Weight Floor,60,125,48.0
2026-05-02 21:39:39,Sat,21,RPAC 1st Floor Fitness Balcony,17,55,30.9
2026-05-02 21:39:39,Sat,21,RPAC 2nd Floor Cardio Loft,3,37,8.1
2026-05-02 21:39:39,Sat,21,RPAC Aquatic Center - Class Pool,0,32,0.0
2026-05-02 21:39:39,Sat,21,RPAC Aquatic Center - Comp Pool,0,25,0.0
2026-05-02 21:39:39,Sat,21,RPAC Aquatic Center - Hot Tub,0,15,0.0
2026-05-02 21:39:39,Sat,21,RPAC Aquatic Center - Lap Pool,0,24,0.0
2026-05-02 21:39:39,Sat,21,RPAC Aquatic Center - Leisure Pool,0,40,0.0
2026-05-02 21:39:39,Sat,21,RPAC Cardio Canyon,20,68,29.4
2026-05-02 21:39:39,Sat,21,RPAC North Gym,6,230,2.6
2026-05-02 21:39:39,Sat,21,RPAC South Gym,0,230,0.0
2026-05-02 21:39:39,Sat,21,RPAC TWD Gym Courts 1-2,50,241,20.7
2026-05-02 21:39:39,Sat,21,RPAC TWD Gym Courts 3 - 4,100,241,41.5
2026-05-02 21:39:39,Sat,21,RPAC Upper Gym Courts 1 - 2,8,241,3.3
2026-05-02 21:39:39,Sat,21,RPAC Upper Gym Courts 3 - 4 ,11,241,4.6
2026-05-02 21:39:39,Sat,21,RPAC Weight Floor,60,125,48.0
2026-05-02 22:41:12,Sat,22,RPAC 1st Floor Fitness Balcony,17,55,30.9
2026-05-02 22:41:12,Sat,22,RPAC 2nd Floor Cardio Loft,3,37,8.1
2026-05-02 22:41:12,Sat,22,RPAC Aquatic Center - Class Pool,0,32,0.0
2026-05-02 22:41:12,Sat,22,RPAC Aquatic Center - Comp Pool,0,25,0.0
2026-05-02 22:41:12,Sat,22,RPAC Aquatic Center - Hot Tub,0,15,0.0
2026-05-02 22:41:12,Sat,22,RPAC Aquatic Center - Lap Pool,0,24,0.0
2026-05-02 22:41:12,Sat,22,RPAC Aquatic Center - Leisure Pool,0,40,0.0
2026-05-02 22:41:12,Sat,22,RPAC Cardio Canyon,20,68,29.4
2026-05-02 22:41:12,Sat,22,RPAC North Gym,6,230,2.6
2026-05-02 22:41:12,Sat,22,RPAC South Gym,0,230,0.0
2026-05-02 22:41:12,Sat,22,RPAC TWD Gym Courts 1-2,50,241,20.7
2026-05-02 22:41:12,Sat,22,RPAC TWD Gym Courts 3 - 4,100,241,41.5
2026-05-02 22:41:12,Sat,22,RPAC Upper Gym Courts 1 - 2,8,241,3.3
2026-05-02 22:41:12,Sat,22,RPAC Upper Gym Courts 3 - 4 ,11,241,4.6
2026-05-02 22:41:12,Sat,22,RPAC Weight Floor,60,125,48.0
2026-05-03 00:07:43,Sun,0,RPAC 1st Floor Fitness Balcony,17,55,30.9
2026-05-03 00:07:43,Sun,0,RPAC 2nd Floor Cardio Loft,3,37,8.1
2026-05-03 00:07:43,Sun,0,RPAC Aquatic Center - Class Pool,0,32,0.0
2026-05-03 00:07:43,Sun,0,RPAC Aquatic Center - Comp Pool,0,25,0.0
2026-05-03 00:07:43,Sun,0,RPAC Aquatic Center - Hot Tub,0,15,0.0
2026-05-03 00:07:43,Sun,0,RPAC Aquatic Center - Lap Pool,0,24,0.0
2026-05-03 00:07:43,Sun,0,RPAC Aquatic Center - Leisure Pool,0,40,0.0
2026-05-03 00:07:43,Sun,0,RPAC Cardio Canyon,20,68,29.4
2026-05-03 00:07:43,Sun,0,RPAC North Gym,6,230,2.6
2026-05-03 00:07:43,Sun,0,RPAC South Gym,0,230,0.0
2026-05-03 00:07:43,Sun,0,RPAC TWD Gym Courts 1-2,50,241,20.7
2026-05-03 00:07:43,Sun,0,RPAC TWD Gym Courts 3 - 4,100,241,41.5
2026-05-03 00:07:43,Sun,0,RPAC Upper Gym Courts 1 - 2,8,241,3.3
2026-05-03 00:07:43,Sun,0,RPAC Upper Gym Courts 3 - 4 ,11,241,4.6
2026-05-03 00:07:43,Sun,0,RPAC Weight Floor,60,125,48.0
2026-05-03 01:26:42,Sun,1,RPAC 1st Floor Fitness Balcony,17,55,30.9
2026-05-03 01:26:42,Sun,1,RPAC 2nd Floor Cardio Loft,3,37,8.1
2026-05-03 01:26:42,Sun,1,RPAC Aquatic Center - Class Pool,0,32,0.0
2026-05-03 01:26:42,Sun,1,RPAC Aquatic Center - Comp Pool,0,25,0.0
2026-05-03 01:26:42,Sun,1,RPAC Aquatic Center - Hot Tub,0,15,0.0
2026-05-03 01:26:42,Sun,1,RPAC Aquatic Center - Lap Pool,0,24,0.0
2026-05-03 01:26:42,Sun,1,RPAC Aquatic Center - Leisure Pool,0,40,0.0
2026-05-03 01:26:42,Sun,1,RPAC Cardio Canyon,20,68,29.4
2026-05-03 01:26:42,Sun,1,RPAC North Gym,6,230,2.6
2026-05-03 01:26:42,Sun,1,RPAC South Gym,0,230,0.0
2026-05-03 01:26:42,Sun,1,RPAC TWD Gym Courts 1-2,50,241,20.7
2026-05-03 01:26:42,Sun,1,RPAC TWD Gym Courts 3 - 4,100,241,41.5
2026-05-03 01:26:42,Sun,1,RPAC Upper Gym Courts 1 - 2,8,241,3.3
2026-05-03 01:26:42,Sun,1,RPAC Upper Gym Courts 3 - 4 ,11,241,4.6
2026-05-03 01:26:42,Sun,1,RPAC Weight Floor,60,125,48.0
2026-05-03 02:21:49,Sun,2,RPAC 1st Floor Fitness Balcony,17,55,30.9
2026-05-03 02:21:49,Sun,2,RPAC 2nd Floor Cardio Loft,3,37,8.1
2026-05-03 02:21:49,Sun,2,RPAC Aquatic Center - Class Pool,0,32,0.0
2026-05-03 02:21:49,Sun,2,RPAC Aquatic Center - Comp Pool,0,25,0.0
2026-05-03 02:21:49,Sun,2,RPAC Aquatic Center - Hot Tub,0,15,0.0
2026-05-03 02:21:49,Sun,2,RPAC Aquatic Center - Lap Pool,0,24,0.0
2026-05-03 02:21:49,Sun,2,RPAC Aquatic Center - Leisure Pool,0,40,0.0
2026-05-03 02:21:49,Sun,2,RPAC Cardio Canyon,20,68,29.4
2026-05-03 02:21:49,Sun,2,RPAC North Gym,6,230,2.6
2026-05-03 02:21:49,Sun,2,RPAC South Gym,0,230,0.0
2026-05-03 02:21:49,Sun,2,RPAC TWD Gym Courts 1-2,50,241,20.7
2026-05-03 02:21:49,Sun,2,RPAC TWD Gym Courts 3 - 4,100,241,41.5
2026-05-03 02:21:49,Sun,2,RPAC Upper Gym Courts 1 - 2,8,241,3.3
2026-05-03 02:21:49,Sun,2,RPAC Upper Gym Courts 3 - 4 ,11,241,4.6
2026-05-03 02:21:49,Sun,2,RPAC Weight Floor,60,125,48.0
2026-05-03 03:18:14,Sun,3,RPAC 1st Floor Fitness Balcony,17,55,30.9
2026-05-03 03:18:14,Sun,3,RPAC 2nd Floor Cardio Loft,3,37,8.1
2026-05-03 03:18:14,Sun,3,RPAC Aquatic Center - Class Pool,0,32,0.0
2026-05-03 03:18:14,Sun,3,RPAC Aquatic Center - Comp Pool,0,25,0.0
2026-05-03 03:18:14,Sun,3,RPAC Aquatic Center - Hot Tub,0,15,0.0
2026-05-03 03:18:14,Sun,3,RPAC Aquatic Center - Lap Pool,0,24,0.0
2026-05-03 03:18:14,Sun,3,RPAC Aquatic Center - Leisure Pool,0,40,0.0
2026-05-03 03:18:14,Sun,3,RPAC Cardio Canyon,20,68,29.4
2026-05-03 03:18:14,Sun,3,RPAC North Gym,6,230,2.6
2026-05-03 03:18:14,Sun,3,RPAC South Gym,0,230,0.0
2026-05-03 03:18:14,Sun,3,RPAC TWD Gym Courts 1-2,50,241,20.7
2026-05-03 03:18:14,Sun,3,RPAC TWD Gym Courts 3 - 4,100,241,41.5
2026-05-03 03:18:14,Sun,3,RPAC Upper Gym Courts 1 - 2,8,241,3.3
2026-05-03 03:18:14,Sun,3,RPAC Upper Gym Courts 3 - 4 ,11,241,4.6
2026-05-03 03:18:14,Sun,3,RPAC Weight Floor,60,125,48.0
2026-05-03 04:13:36,Sun,4,RPAC 1st Floor Fitness Balcony,17,55,30.9
2026-05-03 04:13:36,Sun,4,RPAC 2nd Floor Cardio Loft,3,37,8.1
2026-05-03 04:13:36,Sun,4,RPAC Aquatic Center - Class Pool,0,32,0.0
2026-05-03 04:13:36,Sun,4,RPAC Aquatic Center - Comp Pool,0,25,0.0
2026-05-03 04:13:36,Sun,4,RPAC Aquatic Center - Hot Tub,0,15,0.0
2026-05-03 04:13:36,Sun,4,RPAC Aquatic Center - Lap Pool,0,24,0.0
2026-05-03 04:13:36,Sun,4,RPAC Aquatic Center - Leisure Pool,0,40,0.0
2026-05-03 04:13:36,Sun,4,RPAC Cardio Canyon,20,68,29.4
2026-05-03 04:13:36,Sun,4,RPAC North Gym,6,230,2.6
2026-05-03 04:13:36,Sun,4,RPAC South Gym,0,230,0.0
2026-05-03 04:13:36,Sun,4,RPAC TWD Gym Courts 1-2,50,241,20.7
2026-05-03 04:13:36,Sun,4,RPAC TWD Gym Courts 3 - 4,100,241,41.5
2026-05-03 04:13:36,Sun,4,RPAC Upper Gym Courts 1 - 2,8,241,3.3
2026-05-03 04:13:36,Sun,4,RPAC Upper Gym Courts 3 - 4 ,11,241,4.6
2026-05-03 04:13:36,Sun,4,RPAC Weight Floor,60,125,48.0
2026-05-03 04:55:25,Sun,4,RPAC 1st Floor Fitness Balcony,17,55,30.9
2026-05-03 04:55:25,Sun,4,RPAC 2nd Floor Cardio Loft,3,37,8.1
2026-05-03 04:55:25,Sun,4,RPAC Aquatic Center - Class Pool,0,32,0.0
2026-05-03 04:55:25,Sun,4,RPAC Aquatic Center - Comp Pool,0,25,0.0
2026-05-03 04:55:25,Sun,4,RPAC Aquatic Center - Hot Tub,0,15,0.0
2026-05-03 04:55:25,Sun,4,RPAC Aquatic Center - Lap Pool,0,24,0.0
2026-05-03 04:55:25,Sun,4,RPAC Aquatic Center - Leisure Pool,0,40,0.0
2026-05-03 04:55:25,Sun,4,RPAC Cardio Canyon,20,68,29.4
2026-05-03 04:55:25,Sun,4,RPAC North Gym,6,230,2.6
2026-05-03 04:55:25,Sun,4,RPAC South Gym,0,230,0.0
2026-05-03 04:55:25,Sun,4,RPAC TWD Gym Courts 1-2,50,241,20.7
2026-05-03 04:55:25,Sun,4,RPAC TWD Gym Courts 3 - 4,100,241,41.5
2026-05-03 04:55:25,Sun,4,RPAC Upper Gym Courts 1 - 2,8,241,3.3
2026-05-03 04:55:25,Sun,4,RPAC Upper Gym Courts 3 - 4 ,11,241,4.6
2026-05-03 04:55:25,Sun,4,RPAC Weight Floor,60,125,48.0
2026-05-03 05:35:03,Sun,5,RPAC 1st Floor Fitness Balcony,17,55,30.9
2026-05-03 05:35:03,Sun,5,RPAC 2nd Floor Cardio Loft,3,37,8.1
2026-05-03 05:35:03,Sun,5,RPAC Aquatic Center - Class Pool,0,32,0.0
2026-05-03 05:35:03,Sun,5,RPAC Aquatic Center - Comp Pool,0,25,0.0
2026-05-03 05:35:03,Sun,5,RPAC Aquatic Center - Hot Tub,0,15,0.0
2026-05-03 05:35:03,Sun,5,RPAC Aquatic Center - Lap Pool,0,24,0.0
2026-05-03 05:35:03,Sun,5,RPAC Aquatic Center - Leisure Pool,0,40,0.0
2026-05-03 05:35:03,Sun,5,RPAC Cardio Canyon,20,68,29.4
2026-05-03 05:35:03,Sun,5,RPAC North Gym,6,230,2.6
2026-05-03 05:35:03,Sun,5,RPAC South Gym,0,230,0.0
2026-05-03 05:35:03,Sun,5,RPAC TWD Gym Courts 1-2,50,241,20.7
2026-05-03 05:35:03,Sun,5,RPAC TWD Gym Courts 3 - 4,100,241,41.5
2026-05-03 05:35:03,Sun,5,RPAC Upper Gym Courts 1 - 2,8,241,3.3
2026-05-03 05:35:03,Sun,5,RPAC Upper Gym Courts 3 - 4 ,11,241,4.6
2026-05-03 05:35:03,Sun,5,RPAC Weight Floor,60,125,48.0
2026-05-03 06:09:33,Sun,6,RPAC 1st Floor Fitness Balcony,17,55,30.9
2026-05-03 06:09:33,Sun,6,RPAC 2nd Floor Cardio Loft,3,37,8.1
2026-05-03 06:09:33,Sun,6,RPAC Aquatic Center - Class Pool,0,32,0.0
2026-05-03 06:09:33,Sun,6,RPAC Aquatic Center - Comp Pool,0,25,0.0
2026-05-03 06:09:33,Sun,6,RPAC Aquatic Center - Hot Tub,0,15,0.0
2026-05-03 06:09:33,Sun,6,RPAC Aquatic Center - Lap Pool,0,24,0.0
2026-05-03 06:09:33,Sun,6,RPAC Aquatic Center - Leisure Pool,0,40,0.0
2026-05-03 06:09:33,Sun,6,RPAC Cardio Canyon,20,68,29.4
2026-05-03 06:09:33,Sun,6,RPAC North Gym,6,230,2.6
2026-05-03 06:09:33,Sun,6,RPAC South Gym,0,230,0.0
2026-05-03 06:09:33,Sun,6,RPAC TWD Gym Courts 1-2,50,241,20.7
2026-05-03 06:09:33,Sun,6,RPAC TWD Gym Courts 3 - 4,100,241,41.5
2026-05-03 06:09:33,Sun,6,RPAC Upper Gym Courts 1 - 2,8,241,3.3
2026-05-03 06:09:33,Sun,6,RPAC Upper Gym Courts 3 - 4 ,11,241,4.6
2026-05-03 06:09:33,Sun,6,RPAC Weight Floor,60,125,48.0
2026-05-03 06:34:59,Sun,6,RPAC 1st Floor Fitness Balcony,17,55,30.9
2026-05-03 06:34:59,Sun,6,RPAC 2nd Floor Cardio Loft,3,37,8.1
2026-05-03 06:34:59,Sun,6,RPAC Aquatic Center - Class Pool,0,32,0.0
2026-05-03 06:34:59,Sun,6,RPAC Aquatic Center - Comp Pool,0,25,0.0
2026-05-03 06:34:59,Sun,6,RPAC Aquatic Center - Hot Tub,0,15,0.0
2026-05-03 06:34:59,Sun,6,RPAC Aquatic Center - Lap Pool,0,24,0.0
2026-05-03 06:34:59,Sun,6,RPAC Aquatic Center - Leisure Pool,0,40,0.0
2026-05-03 06:34:59,Sun,6,RPAC Cardio Canyon,20,68,29.4
2026-05-03 06:34:59,Sun,6,RPAC North Gym,6,230,2.6
2026-05-03 06:34:59,Sun,6,RPAC South Gym,0,230,0.0
2026-05-03 06:34:59,Sun,6,RPAC TWD Gym Courts 1-2,50,241,20.7
2026-05-03 06:34:59,Sun,6,RPAC TWD Gym Courts 3 - 4,100,241,41.5
2026-05-03 06:34:59,Sun,6,RPAC Upper Gym Courts 1 - 2,8,241,3.3
2026-05-03 06:34:59,Sun,6,RPAC Upper Gym Courts 3 - 4 ,11,241,4.6
2026-05-03 06:34:59,Sun,6,RPAC Weight Floor,60,125,48.0
2026-05-03 07:05:49,Sun,7,RPAC 1st Floor Fitness Balcony,17,55,30.9
2026-05-03 07:05:49,Sun,7,RPAC 2nd Floor Cardio Loft,3,37,8.1
2026-05-03 07:05:49,Sun,7,RPAC Aquatic Center - Class Pool,0,32,0.0
2026-05-03 07:05:49,Sun,7,RPAC Aquatic Center - Comp Pool,0,25,0.0
2026-05-03 07:05:49,Sun,7,RPAC Aquatic Center - Hot Tub,0,15,0.0
2026-05-03 07:05:49,Sun,7,RPAC Aquatic Center - Lap Pool,0,24,0.0
2026-05-03 07:05:49,Sun,7,RPAC Aquatic Center - Leisure Pool,0,40,0.0
2026-05-03 07:05:49,Sun,7,RPAC Cardio Canyon,20,68,29.4
2026-05-03 07:05:49,Sun,7,RPAC North Gym,6,230,2.6
2026-05-03 07:05:49,Sun,7,RPAC South Gym,0,230,0.0
2026-05-03 07:05:49,Sun,7,RPAC TWD Gym Courts 1-2,50,241,20.7
2026-05-03 07:05:49,Sun,7,RPAC TWD Gym Courts 3 - 4,100,241,41.5
2026-05-03 07:05:49,Sun,7,RPAC Upper Gym Courts 1 - 2,8,241,3.3
2026-05-03 07:05:49,Sun,7,RPAC Upper Gym Courts 3 - 4 ,11,241,4.6
2026-05-03 07:05:49,Sun,7,RPAC Weight Floor,60,125,48.0
2026-05-03 07:30:31,Sun,7,RPAC 1st Floor Fitness Balcony,17,55,30.9
2026-05-03 07:30:31,Sun,7,RPAC 2nd Floor Cardio Loft,3,37,8.1
2026-05-03 07:30:31,Sun,7,RPAC Aquatic Center - Class Pool,0,32,0.0
2026-05-03 07:30:31,Sun,7,RPAC Aquatic Center - Comp Pool,0,25,0.0
2026-05-03 07:30:31,Sun,7,RPAC Aquatic Center - Hot Tub,0,15,0.0
2026-05-03 07:30:31,Sun,7,RPAC Aquatic Center - Lap Pool,0,24,0.0
2026-05-03 07:30:31,Sun,7,RPAC Aquatic Center - Leisure Pool,0,40,0.0
2026-05-03 07:30:31,Sun,7,RPAC Cardio Canyon,20,68,29.4
2026-05-03 07:30:31,Sun,7,RPAC North Gym,6,230,2.6
2026-05-03 07:30:31,Sun,7,RPAC South Gym,0,230,0.0
2026-05-03 07:30:31,Sun,7,RPAC TWD Gym Courts 1-2,50,241,20.7
2026-05-03 07:30:31,Sun,7,RPAC TWD Gym Courts 3 - 4,100,241,41.5
2026-05-03 07:30:31,Sun,7,RPAC Upper Gym Courts 1 - 2,8,241,3.3
2026-05-03 07:30:31,Sun,7,RPAC Upper Gym Courts 3 - 4 ,11,241,4.6
2026-05-03 07:30:31,Sun,7,RPAC Weight Floor,60,125,48.0
2026-05-03 08:00:06,Sun,8,RPAC 1st Floor Fitness Balcony,17,55,30.9
2026-05-03 08:00:06,Sun,8,RPAC 2nd Floor Cardio Loft,3,37,8.1
2026-05-03 08:00:06,Sun,8,RPAC Aquatic Center - Class Pool,0,32,0.0
2026-05-03 08:00:06,Sun,8,RPAC Aquatic Center - Comp Pool,0,25,0.0
2026-05-03 08:00:06,Sun,8,RPAC Aquatic Center - Hot Tub,0,15,0.0
2026-05-03 08:00:06,Sun,8,RPAC Aquatic Center - Lap Pool,0,24,0.0
2026-05-03 08:00:06,Sun,8,RPAC Aquatic Center - Leisure Pool,0,40,0.0
2026-05-03 08:00:06,Sun,8,RPAC Cardio Canyon,20,68,29.4
2026-05-03 08:00:06,Sun,8,RPAC North Gym,6,230,2.6
2026-05-03 08:00:06,Sun,8,RPAC South Gym,0,230,0.0
2026-05-03 08:00:06,Sun,8,RPAC TWD Gym Courts 1-2,50,241,20.7
2026-05-03 08:00:06,Sun,8,RPAC TWD Gym Courts 3 - 4,100,241,41.5
2026-05-03 08:00:06,Sun,8,RPAC Upper Gym Courts 1 - 2,8,241,3.3
2026-05-03 08:00:06,Sun,8,RPAC Upper Gym Courts 3 - 4 ,11,241,4.6
2026-05-03 08:00:06,Sun,8,RPAC Weight Floor,60,125,48.0
2026-05-03 08:30:54,Sun,8,RPAC 1st Floor Fitness Balcony,17,55,30.9
2026-05-03 08:30:54,Sun,8,RPAC 2nd Floor Cardio Loft,3,37,8.1
2026-05-03 08:30:54,Sun,8,RPAC Aquatic Center - Class Pool,0,32,0.0
2026-05-03 08:30:54,Sun,8,RPAC Aquatic Center - Comp Pool,0,25,0.0
2026-05-03 08:30:54,Sun,8,RPAC Aquatic Center - Hot Tub,0,15,0.0
2026-05-03 08:30:54,Sun,8,RPAC Aquatic Center - Lap Pool,0,24,0.0
2026-05-03 08:30:54,Sun,8,RPAC Aquatic Center - Leisure Pool,0,40,0.0
2026-05-03 08:30:54,Sun,8,RPAC Cardio Canyon,20,68,29.4
2026-05-03 08:30:54,Sun,8,RPAC North Gym,6,230,2.6
2026-05-03 08:30:54,Sun,8,RPAC South Gym,0,230,0.0
2026-05-03 08:30:54,Sun,8,RPAC TWD Gym Courts 1-2,50,241,20.7
2026-05-03 08:30:54,Sun,8,RPAC TWD Gym Courts 3 - 4,100,241,41.5
2026-05-03 08:30:54,Sun,8,RPAC Upper Gym Courts 1 - 2,8,241,3.3
2026-05-03 08:30:54,Sun,8,RPAC Upper Gym Courts 3 - 4 ,11,241,4.6
2026-05-03 08:30:54,Sun,8,RPAC Weight Floor,60,125,48.0
2026-05-03 09:10:35,Sun,9,RPAC 1st Floor Fitness Balcony,17,55,30.9
2026-05-03 09:10:35,Sun,9,RPAC 2nd Floor Cardio Loft,3,37,8.1
2026-05-03 09:10:35,Sun,9,RPAC Aquatic Center - Class Pool,0,32,0.0
2026-05-03 09:10:35,Sun,9,RPAC Aquatic Center - Comp Pool,0,25,0.0
2026-05-03 09:10:35,Sun,9,RPAC Aquatic Center - Hot Tub,0,15,0.0
2026-05-03 09:10:35,Sun,9,RPAC Aquatic Center - Lap Pool,0,24,0.0
2026-05-03 09:10:35,Sun,9,RPAC Aquatic Center - Leisure Pool,0,40,0.0
2026-05-03 09:10:35,Sun,9,RPAC Cardio Canyon,20,68,29.4
2026-05-03 09:10:35,Sun,9,RPAC North Gym,6,230,2.6
2026-05-03 09:10:35,Sun,9,RPAC South Gym,0,230,0.0
2026-05-03 09:10:35,Sun,9,RPAC TWD Gym Courts 1-2,50,241,20.7
2026-05-03 09:10:35,Sun,9,RPAC TWD Gym Courts 3 - 4,100,241,41.5
2026-05-03 09:10:35,Sun,9,RPAC Upper Gym Courts 1 - 2,8,241,3.3
2026-05-03 09:10:35,Sun,9,RPAC Upper Gym Courts 3 - 4 ,11,241,4.6
2026-05-03 09:10:35,Sun,9,RPAC Weight Floor,60,125,48.0
2026-05-03 09:49:08,Sun,9,RPAC 1st Floor Fitness Balcony,17,55,30.9
2026-05-03 09:49:08,Sun,9,RPAC 2nd Floor Cardio Loft,3,37,8.1
2026-05-03 09:49:08,Sun,9,RPAC Aquatic Center - Class Pool,0,32,0.0
2026-05-03 09:49:08,Sun,9,RPAC Aquatic Center - Comp Pool,0,25,0.0
2026-05-03 09:49:08,Sun,9,RPAC Aquatic Center - Hot Tub,0,15,0.0
2026-05-03 09:49:08,Sun,9,RPAC Aquatic Center - Lap Pool,0,24,0.0
2026-05-03 09:49:08,Sun,9,RPAC Aquatic Center - Leisure Pool,0,40,0.0
2026-05-03 09:49:08,Sun,9,RPAC Cardio Canyon,20,68,29.4
2026-05-03 09:49:08,Sun,9,RPAC North Gym,6,230,2.6
2026-05-03 09:49:08,Sun,9,RPAC South Gym,0,230,0.0
2026-05-03 09:49:08,Sun,9,RPAC TWD Gym Courts 1-2,50,241,20.7
2026-05-03 09:49:08,Sun,9,RPAC TWD Gym Courts 3 - 4,100,241,41.5
2026-05-03 09:49:08,Sun,9,RPAC Upper Gym Courts 1 - 2,8,241,3.3
2026-05-03 09:49:08,Sun,9,RPAC Upper Gym Courts 3 - 4 ,11,241,4.6
2026-05-03 09:49:08,Sun,9,RPAC Weight Floor,60,125,48.0
2026-05-03 10:23:13,Sun,10,RPAC 1st Floor Fitness Balcony,17,55,30.9
2026-05-03 10:23:13,Sun,10,RPAC 2nd Floor Cardio Loft,3,37,8.1
2026-05-03 10:23:13,Sun,10,RPAC Aquatic Center - Class Pool,0,32,0.0
2026-05-03 10:23:13,Sun,10,RPAC Aquatic Center - Comp Pool,0,25,0.0
2026-05-03 10:23:13,Sun,10,RPAC Aquatic Center - Hot Tub,0,15,0.0
2026-05-03 10:23:13,Sun,10,RPAC Aquatic Center - Lap Pool,0,24,0.0
2026-05-03 10:23:13,Sun,10,RPAC Aquatic Center - Leisure Pool,0,40,0.0
2026-05-03 10:23:13,Sun,10,RPAC Cardio Canyon,20,68,29.4
2026-05-03 10:23:13,Sun,10,RPAC North Gym,6,230,2.6
2026-05-03 10:23:13,Sun,10,RPAC South Gym,0,230,0.0
2026-05-03 10:23:13,Sun,10,RPAC TWD Gym Courts 1-2,50,241,20.7
2026-05-03 10:23:13,Sun,10,RPAC TWD Gym Courts 3 - 4,100,241,41.5
2026-05-03 10:23:13,Sun,10,RPAC Upper Gym Courts 1 - 2,8,241,3.3
2026-05-03 10:23:13,Sun,10,RPAC Upper Gym Courts 3 - 4 ,11,241,4.6
2026-05-03 10:23:13,Sun,10,RPAC Weight Floor,60,125,48.0
2026-05-03 10:48:17,Sun,10,RPAC 1st Floor Fitness Balcony,17,55,30.9
2026-05-03 10:48:17,Sun,10,RPAC 2nd Floor Cardio Loft,3,37,8.1
2026-05-03 10:48:17,Sun,10,RPAC Aquatic Center - Class Pool,0,32,0.0
2026-05-03 10:48:17,Sun,10,RPAC Aquatic Center - Comp Pool,0,25,0.0
2026-05-03 10:48:17,Sun,10,RPAC Aquatic Center - Hot Tub,0,15,0.0
2026-05-03 10:48:17,Sun,10,RPAC Aquatic Center - Lap Pool,0,24,0.0
2026-05-03 10:48:17,Sun,10,RPAC Aquatic Center - Leisure Pool,0,40,0.0
2026-05-03 10:48:17,Sun,10,RPAC Cardio Canyon,20,68,29.4
2026-05-03 10:48:17,Sun,10,RPAC North Gym,6,230,2.6
2026-05-03 10:48:17,Sun,10,RPAC South Gym,0,230,0.0
2026-05-03 10:48:17,Sun,10,RPAC TWD Gym Courts 1-2,50,241,20.7
2026-05-03 10:48:17,Sun,10,RPAC TWD Gym Courts 3 - 4,100,241,41.5
2026-05-03 10:48:17,Sun,10,RPAC Upper Gym Courts 1 - 2,8,241,3.3
2026-05-03 10:48:17,Sun,10,RPAC Upper Gym Courts 3 - 4 ,11,241,4.6
2026-05-03 10:48:17,Sun,10,RPAC Weight Floor,60,125,48.0
2026-05-03 11:19:11,Sun,11,RPAC 1st Floor Fitness Balcony,17,55,30.9
2026-05-03 11:19:11,Sun,11,RPAC 2nd Floor Cardio Loft,3,37,8.1
2026-05-03 11:19:11,Sun,11,RPAC Aquatic Center - Class Pool,0,32,0.0
2026-05-03 11:19:11,Sun,11,RPAC Aquatic Center - Comp Pool,0,25,0.0
2026-05-03 11:19:11,Sun,11,RPAC Aquatic Center - Hot Tub,0,15,0.0
2026-05-03 11:19:11,Sun,11,RPAC Aquatic Center - Lap Pool,0,24,0.0
2026-05-03 11:19:11,Sun,11,RPAC Aquatic Center - Leisure Pool,0,40,0.0
2026-05-03 11:19:11,Sun,11,RPAC Cardio Canyon,20,68,29.4
2026-05-03 11:19:11,Sun,11,RPAC North Gym,6,230,2.6
2026-05-03 11:19:11,Sun,11,RPAC South Gym,0,230,0.0
2026-05-03 11:19:11,Sun,11,RPAC TWD Gym Courts 1-2,50,241,20.7
2026-05-03 11:19:11,Sun,11,RPAC TWD Gym Courts 3 - 4,100,241,41.5
2026-05-03 11:19:11,Sun,11,RPAC Upper Gym Courts 1 - 2,8,241,3.3
2026-05-03 11:19:11,Sun,11,RPAC Upper Gym Courts 3 - 4 ,11,241,4.6
2026-05-03 11:19:11,Sun,11,RPAC Weight Floor,60,125,48.0
2026-05-03 11:48:19,Sun,11,RPAC 1st Floor Fitness Balcony,17,55,30.9
2026-05-03 11:48:19,Sun,11,RPAC 2nd Floor Cardio Loft,3,37,8.1
2026-05-03 11:48:19,Sun,11,RPAC Aquatic Center - Class Pool,0,32,0.0
2026-05-03 11:48:19,Sun,11,RPAC Aquatic Center - Comp Pool,0,25,0.0
2026-05-03 11:48:19,Sun,11,RPAC Aquatic Center - Hot Tub,0,15,0.0
2026-05-03 11:48:19,Sun,11,RPAC Aquatic Center - Lap Pool,0,24,0.0
2026-05-03 11:48:19,Sun,11,RPAC Aquatic Center - Leisure Pool,0,40,0.0
2026-05-03 11:48:19,Sun,11,RPAC Cardio Canyon,20,68,29.4
2026-05-03 11:48:19,Sun,11,RPAC North Gym,6,230,2.6
2026-05-03 11:48:19,Sun,11,RPAC South Gym,0,230,0.0
2026-05-03 11:48:19,Sun,11,RPAC TWD Gym Courts 1-2,50,241,20.7
2026-05-03 11:48:19,Sun,11,RPAC TWD Gym Courts 3 - 4,100,241,41.5
2026-05-03 11:48:19,Sun,11,RPAC Upper Gym Courts 1 - 2,8,241,3.3
2026-05-03 11:48:19,Sun,11,RPAC Upper Gym Courts 3 - 4 ,11,241,4.6
2026-05-03 11:48:19,Sun,11,RPAC Weight Floor,60,125,48.0
2026-05-03 12:20:13,Sun,12,RPAC 1st Floor Fitness Balcony,17,55,30.9
2026-05-03 12:20:13,Sun,12,RPAC 2nd Floor Cardio Loft,3,37,8.1
2026-05-03 12:20:13,Sun,12,RPAC Aquatic Center - Class Pool,0,32,0.0
2026-05-03 12:20:13,Sun,12,RPAC Aquatic Center - Comp Pool,0,25,0.0
2026-05-03 12:20:13,Sun,12,RPAC Aquatic Center - Hot Tub,0,15,0.0
2026-05-03 12:20:13,Sun,12,RPAC Aquatic Center - Lap Pool,0,24,0.0
2026-05-03 12:20:13,Sun,12,RPAC Aquatic Center - Leisure Pool,0,40,0.0
2026-05-03 12:20:13,Sun,12,RPAC Cardio Canyon,20,68,29.4
2026-05-03 12:20:13,Sun,12,RPAC North Gym,6,230,2.6
2026-05-03 12:20:13,Sun,12,RPAC South Gym,0,230,0.0
2026-05-03 12:20:13,Sun,12,RPAC TWD Gym Courts 1-2,50,241,20.7
2026-05-03 12:20:13,Sun,12,RPAC TWD Gym Courts 3 - 4,100,241,41.5
2026-05-03 12:20:13,Sun,12,RPAC Upper Gym Courts 1 - 2,8,241,3.3
2026-05-03 12:20:13,Sun,12,RPAC Upper Gym Courts 3 - 4 ,11,241,4.6
2026-05-03 12:20:13,Sun,12,RPAC Weight Floor,60,125,48.0
2026-05-03 12:48:21,Sun,12,RPAC 1st Floor Fitness Balcony,17,55,30.9
2026-05-03 12:48:21,Sun,12,RPAC 2nd Floor Cardio Loft,3,37,8.1
2026-05-03 12:48:21,Sun,12,RPAC Aquatic Center - Class Pool,2,32,6.2
2026-05-03 12:48:21,Sun,12,RPAC Aquatic Center - Comp Pool,0,25,0.0
2026-05-03 12:48:21,Sun,12,RPAC Aquatic Center - Hot Tub,3,15,20.0
2026-05-03 12:48:21,Sun,12,RPAC Aquatic Center - Lap Pool,2,24,8.3
2026-05-03 12:48:21,Sun,12,RPAC Aquatic Center - Leisure Pool,0,40,0.0
2026-05-03 12:48:21,Sun,12,RPAC Cardio Canyon,20,68,29.4
2026-05-03 12:48:21,Sun,12,RPAC North Gym,6,230,2.6
2026-05-03 12:48:21,Sun,12,RPAC South Gym,0,230,0.0
2026-05-03 12:48:21,Sun,12,RPAC TWD Gym Courts 1-2,50,241,20.7
2026-05-03 12:48:21,Sun,12,RPAC TWD Gym Courts 3 - 4,100,241,41.5
2026-05-03 12:48:21,Sun,12,RPAC Upper Gym Courts 1 - 2,8,241,3.3
2026-05-03 12:48:21,Sun,12,RPAC Upper Gym Courts 3 - 4 ,11,241,4.6
2026-05-03 12:48:21,Sun,12,RPAC Weight Floor,60,125,48.0
2026-05-03 13:20:37,Sun,13,RPAC 1st Floor Fitness Balcony,17,55,30.9
2026-05-03 13:20:37,Sun,13,RPAC 2nd Floor Cardio Loft,3,37,8.1
2026-05-03 13:20:37,Sun,13,RPAC Aquatic Center - Class Pool,3,32,9.4
2026-05-03 13:20:37,Sun,13,RPAC Aquatic Center - Comp Pool,0,25,0.0
2026-05-03 13:20:37,Sun,13,RPAC Aquatic Center - Hot Tub,1,15,6.7
2026-05-03 13:20:37,Sun,13,RPAC Aquatic Center - Lap Pool,4,24,16.7
2026-05-03 13:20:37,Sun,13,RPAC Aquatic Center - Leisure Pool,0,40,0.0
2026-05-03 13:20:37,Sun,13,RPAC Cardio Canyon,20,68,29.4
2026-05-03 13:20:37,Sun,13,RPAC North Gym,6,230,2.6
2026-05-03 13:20:37,Sun,13,RPAC South Gym,0,230,0.0
2026-05-03 13:20:37,Sun,13,RPAC TWD Gym Courts 1-2,50,241,20.7
2026-05-03 13:20:37,Sun,13,RPAC TWD Gym Courts 3 - 4,100,241,41.5
2026-05-03 13:20:37,Sun,13,RPAC Upper Gym Courts 1 - 2,8,241,3.3
2026-05-03 13:20:37,Sun,13,RPAC Upper Gym Courts 3 - 4 ,11,241,4.6
2026-05-03 13:20:37,Sun,13,RPAC Weight Floor,60,125,48.0
2026-05-03 13:47:59,Sun,13,RPAC 1st Floor Fitness Balcony,17,55,30.9
2026-05-03 13:47:59,Sun,13,RPAC 2nd Floor Cardio Loft,3,37,8.1
2026-05-03 13:47:59,Sun,13,RPAC Aquatic Center - Class Pool,1,32,3.1
2026-05-03 13:47:59,Sun,13,RPAC Aquatic Center - Comp Pool,0,25,0.0
2026-05-03 13:47:59,Sun,13,RPAC Aquatic Center - Hot Tub,3,15,20.0
2026-05-03 13:47:59,Sun,13,RPAC Aquatic Center - Lap Pool,3,24,12.5
2026-05-03 13:47:59,Sun,13,RPAC Aquatic Center - Leisure Pool,0,40,0.0
2026-05-03 13:47:59,Sun,13,RPAC Cardio Canyon,20,68,29.4
2026-05-03 13:47:59,Sun,13,RPAC North Gym,6,230,2.6
2026-05-03 13:47:59,Sun,13,RPAC South Gym,0,230,0.0
2026-05-03 13:47:59,Sun,13,RPAC TWD Gym Courts 1-2,50,241,20.7
2026-05-03 13:47:59,Sun,13,RPAC TWD Gym Courts 3 - 4,100,241,41.5
2026-05-03 13:47:59,Sun,13,RPAC Upper Gym Courts 1 - 2,8,241,3.3
2026-05-03 13:47:59,Sun,13,RPAC Upper Gym Courts 3 - 4 ,11,241,4.6
2026-05-03 13:47:59,Sun,13,RPAC Weight Floor,60,125,48.0
2026-05-03 14:24:13,Sun,14,RPAC 1st Floor Fitness Balcony,17,55,30.9
2026-05-03 14:24:13,Sun,14,RPAC 2nd Floor Cardio Loft,3,37,8.1
2026-05-03 14:24:13,Sun,14,RPAC Aquatic Center - Class Pool,4,32,12.5
2026-05-03 14:24:13,Sun,14,RPAC Aquatic Center - Comp Pool,0,25,0.0
2026-05-03 14:24:13,Sun,14,RPAC Aquatic Center - Hot Tub,2,15,13.3
2026-05-03 14:24:13,Sun,14,RPAC Aquatic Center - Lap Pool,5,24,20.8
2026-05-03 14:24:13,Sun,14,RPAC Aquatic Center - Leisure Pool,0,40,0.0
2026-05-03 14:24:13,Sun,14,RPAC Cardio Canyon,20,68,29.4
2026-05-03 14:24:13,Sun,14,RPAC North Gym,6,230,2.6
2026-05-03 14:24:13,Sun,14,RPAC South Gym,0,230,0.0
2026-05-03 14:24:13,Sun,14,RPAC TWD Gym Courts 1-2,50,241,20.7
2026-05-03 14:24:13,Sun,14,RPAC TWD Gym Courts 3 - 4,100,241,41.5
2026-05-03 14:24:13,Sun,14,RPAC Upper Gym Courts 1 - 2,8,241,3.3
2026-05-03 14:24:13,Sun,14,RPAC Upper Gym Courts 3 - 4 ,11,241,4.6
2026-05-03 14:24:13,Sun,14,RPAC Weight Floor,60,125,48.0
2026-05-03 14:49:06,Sun,14,RPAC 1st Floor Fitness Balcony,17,55,30.9
2026-05-03 14:49:06,Sun,14,RPAC 2nd Floor Cardio Loft,3,37,8.1
2026-05-03 14:49:06,Sun,14,RPAC Aquatic Center - Class Pool,1,32,3.1
2026-05-03 14:49:06,Sun,14,RPAC Aquatic Center - Comp Pool,0,25,0.0
2026-05-03 14:49:06,Sun,14,RPAC Aquatic Center - Hot Tub,5,15,33.3
2026-05-03 14:49:06,Sun,14,RPAC Aquatic Center - Lap Pool,2,24,8.3
2026-05-03 14:49:06,Sun,14,RPAC Aquatic Center - Leisure Pool,0,40,0.0
2026-05-03 14:49:06,Sun,14,RPAC Cardio Canyon,20,68,29.4
2026-05-03 14:49:06,Sun,14,RPAC North Gym,6,230,2.6
2026-05-03 14:49:06,Sun,14,RPAC South Gym,0,230,0.0
2026-05-03 14:49:06,Sun,14,RPAC TWD Gym Courts 1-2,50,241,20.7
2026-05-03 14:49:06,Sun,14,RPAC TWD Gym Courts 3 - 4,100,241,41.5
2026-05-03 14:49:06,Sun,14,RPAC Upper Gym Courts 1 - 2,8,241,3.3
2026-05-03 14:49:06,Sun,14,RPAC Upper Gym Courts 3 - 4 ,11,241,4.6
2026-05-03 14:49:06,Sun,14,RPAC Weight Floor,60,125,48.0
2026-05-03 15:26:19,Sun,15,RPAC 1st Floor Fitness Balcony,17,55,30.9
2026-05-03 15:26:19,Sun,15,RPAC 2nd Floor Cardio Loft,3,37,8.1
2026-05-03 15:26:19,Sun,15,RPAC Aquatic Center - Class Pool,9,32,28.1
2026-05-03 15:26:19,Sun,15,RPAC Aquatic Center - Comp Pool,0,25,0.0
2026-05-03 15:26:19,Sun,15,RPAC Aquatic Center - Hot Tub,2,15,13.3
2026-05-03 15:26:19,Sun,15,RPAC Aquatic Center - Lap Pool,4,24,16.7
2026-05-03 15:26:19,Sun,15,RPAC Aquatic Center - Leisure Pool,0,40,0.0
2026-05-03 15:26:19,Sun,15,RPAC Cardio Canyon,20,68,29.4
2026-05-03 15:26:19,Sun,15,RPAC North Gym,6,230,2.6
2026-05-03 15:26:19,Sun,15,RPAC South Gym,0,230,0.0
2026-05-03 15:26:19,Sun,15,RPAC TWD Gym Courts 1-2,50,241,20.7
2026-05-03 15:26:19,Sun,15,RPAC TWD Gym Courts 3 - 4,100,241,41.5
2026-05-03 15:26:19,Sun,15,RPAC Upper Gym Courts 1 - 2,8,241,3.3
2026-05-03 15:26:19,Sun,15,RPAC Upper Gym Courts 3 - 4 ,11,241,4.6
2026-05-03 15:26:19,Sun,15,RPAC Weight Floor,60,125,48.0
2026-05-03 16:17:21,Sun,16,RPAC 1st Floor Fitness Balcony,17,55,30.9
2026-05-03 16:17:21,Sun,16,RPAC 2nd Floor Cardio Loft,3,37,8.1
2026-05-03 16:17:21,Sun,16,RPAC Aquatic Center - Class Pool,6,32,18.8
2026-05-03 16:17:21,Sun,16,RPAC Aquatic Center - Comp Pool,0,25,0.0
2026-05-03 16:17:21,Sun,16,RPAC Aquatic Center - Hot Tub,3,15,20.0
2026-05-03 16:17:21,Sun,16,RPAC Aquatic Center - Lap Pool,5,24,20.8
2026-05-03 16:17:21,Sun,16,RPAC Aquatic Center - Leisure Pool,0,40,0.0
2026-05-03 16:17:21,Sun,16,RPAC Cardio Canyon,20,68,29.4
2026-05-03 16:17:21,Sun,16,RPAC North Gym,6,230,2.6
2026-05-03 16:17:21,Sun,16,RPAC South Gym,0,230,0.0
2026-05-03 16:17:21,Sun,16,RPAC TWD Gym Courts 1-2,50,241,20.7
2026-05-03 16:17:21,Sun,16,RPAC TWD Gym Courts 3 - 4,100,241,41.5
2026-05-03 16:17:21,Sun,16,RPAC Upper Gym Courts 1 - 2,8,241,3.3
2026-05-03 16:17:21,Sun,16,RPAC Upper Gym Courts 3 - 4 ,11,241,4.6
2026-05-03 16:17:21,Sun,16,RPAC Weight Floor,60,125,48.0
2026-05-03 16:47:27,Sun,16,RPAC 1st Floor Fitness Balcony,17,55,30.9
2026-05-03 16:47:27,Sun,16,RPAC 2nd Floor Cardio Loft,3,37,8.1
2026-05-03 16:47:27,Sun,16,RPAC Aquatic Center - Class Pool,9,32,28.1
2026-05-03 16:47:27,Sun,16,RPAC Aquatic Center - Comp Pool,0,25,0.0
2026-05-03 16:47:27,Sun,16,RPAC Aquatic Center - Hot Tub,5,15,33.3
2026-05-03 16:47:27,Sun,16,RPAC Aquatic Center - Lap Pool,4,24,16.7
2026-05-03 16:47:27,Sun,16,RPAC Aquatic Center - Leisure Pool,0,40,0.0
2026-05-03 16:47:27,Sun,16,RPAC Cardio Canyon,20,68,29.4
2026-05-03 16:47:27,Sun,16,RPAC North Gym,6,230,2.6
2026-05-03 16:47:27,Sun,16,RPAC South Gym,0,230,0.0
2026-05-03 16:47:27,Sun,16,RPAC TWD Gym Courts 1-2,50,241,20.7
2026-05-03 16:47:27,Sun,16,RPAC TWD Gym Courts 3 - 4,100,241,41.5
2026-05-03 16:47:27,Sun,16,RPAC Upper Gym Courts 1 - 2,8,241,3.3
2026-05-03 16:47:27,Sun,16,RPAC Upper Gym Courts 3 - 4 ,11,241,4.6
2026-05-03 16:47:27,Sun,16,RPAC Weight Floor,60,125,48.0
2026-05-03 17:19:12,Sun,17,RPAC 1st Floor Fitness Balcony,17,55,30.9
2026-05-03 17:19:12,Sun,17,RPAC 2nd Floor Cardio Loft,3,37,8.1
2026-05-03 17:19:12,Sun,17,RPAC Aquatic Center - Class Pool,7,32,21.9
2026-05-03 17:19:12,Sun,17,RPAC Aquatic Center - Comp Pool,0,25,0.0
2026-05-03 17:19:12,Sun,17,RPAC Aquatic Center - Hot Tub,8,15,53.3
2026-05-03 17:19:12,Sun,17,RPAC Aquatic Center - Lap Pool,9,24,37.5
2026-05-03 17:19:12,Sun,17,RPAC Aquatic Center - Leisure Pool,0,40,0.0
2026-05-03 17:19:12,Sun,17,RPAC Cardio Canyon,20,68,29.4
2026-05-03 17:19:12,Sun,17,RPAC North Gym,6,230,2.6
2026-05-03 17:19:12,Sun,17,RPAC South Gym,0,230,0.0
2026-05-03 17:19:12,Sun,17,RPAC TWD Gym Courts 1-2,50,241,20.7
2026-05-03 17:19:12,Sun,17,RPAC TWD Gym Courts 3 - 4,100,241,41.5
2026-05-03 17:19:12,Sun,17,RPAC Upper Gym Courts 1 - 2,8,241,3.3
2026-05-03 17:19:12,Sun,17,RPAC Upper Gym Courts 3 - 4 ,11,241,4.6
2026-05-03 17:19:12,Sun,17,RPAC Weight Floor,60,125,48.0
2026-05-03 17:47:26,Sun,17,RPAC 1st Floor Fitness Balcony,17,55,30.9
2026-05-03 17:47:26,Sun,17,RPAC 2nd Floor Cardio Loft,3,37,8.1
2026-05-03 17:47:26,Sun,17,RPAC Aquatic Center - Class Pool,7,32,21.9
2026-05-03 17:47:26,Sun,17,RPAC Aquatic Center - Comp Pool,0,25,0.0
2026-05-03 17:47:26,Sun,17,RPAC Aquatic Center - Hot Tub,8,15,53.3
2026-05-03 17:47:26,Sun,17,RPAC Aquatic Center - Lap Pool,9,24,37.5
2026-05-03 17:47:26,Sun,17,RPAC Aquatic Center - Leisure Pool,0,40,0.0
2026-05-03 17:47:26,Sun,17,RPAC Cardio Canyon,20,68,29.4
2026-05-03 17:47:26,Sun,17,RPAC North Gym,6,230,2.6
2026-05-03 17:47:26,Sun,17,RPAC South Gym,0,230,0.0
2026-05-03 17:47:26,Sun,17,RPAC TWD Gym Courts 1-2,50,241,20.7
2026-05-03 17:47:26,Sun,17,RPAC TWD Gym Courts 3 - 4,100,241,41.5
2026-05-03 17:47:26,Sun,17,RPAC Upper Gym Courts 1 - 2,8,241,3.3
2026-05-03 17:47:26,Sun,17,RPAC Upper Gym Courts 3 - 4 ,11,241,4.6
2026-05-03 17:47:26,Sun,17,RPAC Weight Floor,60,125,48.0
2026-05-03 18:17:47,Sun,18,RPAC 1st Floor Fitness Balcony,17,55,30.9
2026-05-03 18:17:47,Sun,18,RPAC 2nd Floor Cardio Loft,3,37,8.1
2026-05-03 18:17:47,Sun,18,RPAC Aquatic Center - Class Pool,9,32,28.1
2026-05-03 18:17:47,Sun,18,RPAC Aquatic Center - Comp Pool,0,25,0.0
2026-05-03 18:17:47,Sun,18,RPAC Aquatic Center - Hot Tub,4,15,26.7
2026-05-03 18:17:47,Sun,18,RPAC Aquatic Center - Lap Pool,6,24,25.0
2026-05-03 18:17:47,Sun,18,RPAC Aquatic Center - Leisure Pool,0,40,0.0
2026-05-03 18:17:47,Sun,18,RPAC Cardio Canyon,20,68,29.4
2026-05-03 18:17:47,Sun,18,RPAC North Gym,6,230,2.6
2026-05-03 18:17:47,Sun,18,RPAC South Gym,0,230,0.0
2026-05-03 18:17:47,Sun,18,RPAC TWD Gym Courts 1-2,50,241,20.7
2026-05-03 18:17:47,Sun,18,RPAC TWD Gym Courts 3 - 4,100,241,41.5
2026-05-03 18:17:47,Sun,18,RPAC Upper Gym Courts 1 - 2,8,241,3.3
2026-05-03 18:17:47,Sun,18,RPAC Upper Gym Courts 3 - 4 ,11,241,4.6
2026-05-03 18:17:47,Sun,18,RPAC Weight Floor,60,125,48.0
2026-05-03 18:47:22,Sun,18,RPAC 1st Floor Fitness Balcony,17,55,30.9
2026-05-03 18:47:22,Sun,18,RPAC 2nd Floor Cardio Loft,3,37,8.1
2026-05-03 18:47:22,Sun,18,RPAC Aquatic Center - Class Pool,5,32,15.6
2026-05-03 18:47:22,Sun,18,RPAC Aquatic Center - Comp Pool,0,25,0.0
2026-05-03 18:47:22,Sun,18,RPAC Aquatic Center - Hot Tub,7,15,46.7
2026-05-03 18:47:22,Sun,18,RPAC Aquatic Center - Lap Pool,6,24,25.0
2026-05-03 18:47:22,Sun,18,RPAC Aquatic Center - Leisure Pool,0,40,0.0
2026-05-03 18:47:22,Sun,18,RPAC Cardio Canyon,20,68,29.4
2026-05-03 18:47:22,Sun,18,RPAC North Gym,6,230,2.6
2026-05-03 18:47:22,Sun,18,RPAC South Gym,0,230,0.0
2026-05-03 18:47:22,Sun,18,RPAC TWD Gym Courts 1-2,50,241,20.7
2026-05-03 18:47:22,Sun,18,RPAC TWD Gym Courts 3 - 4,100,241,41.5
2026-05-03 18:47:22,Sun,18,RPAC Upper Gym Courts 1 - 2,8,241,3.3
2026-05-03 18:47:22,Sun,18,RPAC Upper Gym Courts 3 - 4 ,11,241,4.6
2026-05-03 18:47:22,Sun,18,RPAC Weight Floor,60,125,48.0
2026-05-03 19:20:12,Sun,19,RPAC 1st Floor Fitness Balcony,17,55,30.9
2026-05-03 19:20:12,Sun,19,RPAC 2nd Floor Cardio Loft,3,37,8.1
2026-05-03 19:20:12,Sun,19,RPAC Aquatic Center - Class Pool,0,32,0.0
2026-05-03 19:20:12,Sun,19,RPAC Aquatic Center - Comp Pool,0,25,0.0
2026-05-03 19:20:12,Sun,19,RPAC Aquatic Center - Hot Tub,0,15,0.0
2026-05-03 19:20:12,Sun,19,RPAC Aquatic Center - Lap Pool,0,24,0.0
2026-05-03 19:20:12,Sun,19,RPAC Aquatic Center - Leisure Pool,0,40,0.0
2026-05-03 19:20:12,Sun,19,RPAC Cardio Canyon,20,68,29.4
2026-05-03 19:20:12,Sun,19,RPAC North Gym,6,230,2.6
2026-05-03 19:20:12,Sun,19,RPAC South Gym,0,230,0.0
2026-05-03 19:20:12,Sun,19,RPAC TWD Gym Courts 1-2,50,241,20.7
2026-05-03 19:20:12,Sun,19,RPAC TWD Gym Courts 3 - 4,100,241,41.5
2026-05-03 19:20:12,Sun,19,RPAC Upper Gym Courts 1 - 2,8,241,3.3
2026-05-03 19:20:12,Sun,19,RPAC Upper Gym Courts 3 - 4 ,11,241,4.6
2026-05-03 19:20:12,Sun,19,RPAC Weight Floor,60,125,48.0
2026-05-03 19:47:58,Sun,19,RPAC 1st Floor Fitness Balcony,17,55,30.9
2026-05-03 19:47:58,Sun,19,RPAC 2nd Floor Cardio Loft,3,37,8.1
2026-05-03 19:47:58,Sun,19,RPAC Aquatic Center - Class Pool,0,32,0.0
2026-05-03 19:47:58,Sun,19,RPAC Aquatic Center - Comp Pool,0,25,0.0
2026-05-03 19:47:58,Sun,19,RPAC Aquatic Center - Hot Tub,0,15,0.0
2026-05-03 19:47:58,Sun,19,RPAC Aquatic Center - Lap Pool,0,24,0.0
2026-05-03 19:47:58,Sun,19,RPAC Aquatic Center - Leisure Pool,0,40,0.0
2026-05-03 19:47:58,Sun,19,RPAC Cardio Canyon,20,68,29.4
2026-05-03 19:47:58,Sun,19,RPAC North Gym,6,230,2.6
2026-05-03 19:47:58,Sun,19,RPAC South Gym,0,230,0.0
2026-05-03 19:47:58,Sun,19,RPAC TWD Gym Courts 1-2,50,241,20.7
2026-05-03 19:47:58,Sun,19,RPAC TWD Gym Courts 3 - 4,100,241,41.5
2026-05-03 19:47:58,Sun,19,RPAC Upper Gym Courts 1 - 2,8,241,3.3
2026-05-03 19:47:58,Sun,19,RPAC Upper Gym Courts 3 - 4 ,11,241,4.6
2026-05-03 19:47:58,Sun,19,RPAC Weight Floor,60,125,48.0
2026-05-03 20:51:23,Sun,20,RPAC 1st Floor Fitness Balcony,17,55,30.9
2026-05-03 20:51:23,Sun,20,RPAC 2nd Floor Cardio Loft,3,37,8.1
2026-05-03 20:51:23,Sun,20,RPAC Aquatic Center - Class Pool,0,32,0.0
2026-05-03 20:51:23,Sun,20,RPAC Aquatic Center - Comp Pool,0,25,0.0
2026-05-03 20:51:23,Sun,20,RPAC Aquatic Center - Hot Tub,0,15,0.0
2026-05-03 20:51:23,Sun,20,RPAC Aquatic Center - Lap Pool,0,24,0.0
2026-05-03 20:51:23,Sun,20,RPAC Aquatic Center - Leisure Pool,0,40,0.0
2026-05-03 20:51:23,Sun,20,RPAC Cardio Canyon,20,68,29.4
2026-05-03 20:51:23,Sun,20,RPAC North Gym,6,230,2.6
2026-05-03 20:51:23,Sun,20,RPAC South Gym,0,230,0.0
2026-05-03 20:51:23,Sun,20,RPAC TWD Gym Courts 1-2,50,241,20.7
2026-05-03 20:51:23,Sun,20,RPAC TWD Gym Courts 3 - 4,100,241,41.5
2026-05-03 20:51:23,Sun,20,RPAC Upper Gym Courts 1 - 2,8,241,3.3
2026-05-03 20:51:23,Sun,20,RPAC Upper Gym Courts 3 - 4 ,11,241,4.6
2026-05-03 20:51:23,Sun,20,RPAC Weight Floor,60,125,48.0
2026-05-03 21:40:51,Sun,21,RPAC 1st Floor Fitness Balcony,17,55,30.9
2026-05-03 21:40:51,Sun,21,RPAC 2nd Floor Cardio Loft,3,37,8.1
2026-05-03 21:40:51,Sun,21,RPAC Aquatic Center - Class Pool,0,32,0.0
2026-05-03 21:40:51,Sun,21,RPAC Aquatic Center - Comp Pool,0,25,0.0
2026-05-03 21:40:51,Sun,21,RPAC Aquatic Center - Hot Tub,0,15,0.0
2026-05-03 21:40:51,Sun,21,RPAC Aquatic Center - Lap Pool,0,24,0.0
2026-05-03 21:40:51,Sun,21,RPAC Aquatic Center - Leisure Pool,0,40,0.0
2026-05-03 21:40:51,Sun,21,RPAC Cardio Canyon,20,68,29.4
2026-05-03 21:40:51,Sun,21,RPAC North Gym,6,230,2.6
2026-05-03 21:40:51,Sun,21,RPAC South Gym,0,230,0.0
2026-05-03 21:40:51,Sun,21,RPAC TWD Gym Courts 1-2,50,241,20.7
2026-05-03 21:40:51,Sun,21,RPAC TWD Gym Courts 3 - 4,100,241,41.5
2026-05-03 21:40:51,Sun,21,RPAC Upper Gym Courts 1 - 2,8,241,3.3
2026-05-03 21:40:51,Sun,21,RPAC Upper Gym Courts 3 - 4 ,11,241,4.6
2026-05-03 21:40:51,Sun,21,RPAC Weight Floor,60,125,48.0
2026-05-03 22:41:47,Sun,22,RPAC 1st Floor Fitness Balcony,17,55,30.9
2026-05-03 22:41:47,Sun,22,RPAC 2nd Floor Cardio Loft,3,37,8.1
2026-05-03 22:41:47,Sun,22,RPAC Aquatic Center - Class Pool,0,32,0.0
2026-05-03 22:41:47,Sun,22,RPAC Aquatic Center - Comp Pool,0,25,0.0
2026-05-03 22:41:47,Sun,22,RPAC Aquatic Center - Hot Tub,0,15,0.0
2026-05-03 22:41:47,Sun,22,RPAC Aquatic Center - Lap Pool,0,24,0.0
2026-05-03 22:41:47,Sun,22,RPAC Aquatic Center - Leisure Pool,0,40,0.0
2026-05-03 22:41:47,Sun,22,RPAC Cardio Canyon,20,68,29.4
2026-05-03 22:41:47,Sun,22,RPAC North Gym,6,230,2.6
2026-05-03 22:41:47,Sun,22,RPAC South Gym,0,230,0.0
2026-05-03 22:41:47,Sun,22,RPAC TWD Gym Courts 1-2,50,241,20.7
2026-05-03 22:41:47,Sun,22,RPAC TWD Gym Courts 3 - 4,100,241,41.5
2026-05-03 22:41:47,Sun,22,RPAC Upper Gym Courts 1 - 2,8,241,3.3
2026-05-03 22:41:47,Sun,22,RPAC Upper Gym Courts 3 - 4 ,11,241,4.6
2026-05-03 22:41:47,Sun,22,RPAC Weight Floor,60,125,48.0
2026-05-04 00:07:06,Mon,0,RPAC 1st Floor Fitness Balcony,17,55,30.9
2026-05-04 00:07:06,Mon,0,RPAC 2nd Floor Cardio Loft,3,37,8.1
2026-05-04 00:07:06,Mon,0,RPAC Aquatic Center - Class Pool,0,32,0.0
2026-05-04 00:07:06,Mon,0,RPAC Aquatic Center - Comp Pool,0,25,0.0
2026-05-04 00:07:06,Mon,0,RPAC Aquatic Center - Hot Tub,0,15,0.0
2026-05-04 00:07:06,Mon,0,RPAC Aquatic Center - Lap Pool,0,24,0.0
2026-05-04 00:07:06,Mon,0,RPAC Aquatic Center - Leisure Pool,0,40,0.0
2026-05-04 00:07:06,Mon,0,RPAC Cardio Canyon,20,68,29.4
2026-05-04 00:07:06,Mon,0,RPAC North Gym,6,230,2.6
2026-05-04 00:07:06,Mon,0,RPAC South Gym,0,230,0.0
2026-05-04 00:07:06,Mon,0,RPAC TWD Gym Courts 1-2,50,241,20.7
2026-05-04 00:07:06,Mon,0,RPAC TWD Gym Courts 3 - 4,100,241,41.5
2026-05-04 00:07:06,Mon,0,RPAC Upper Gym Courts 1 - 2,8,241,3.3
2026-05-04 00:07:06,Mon,0,RPAC Upper Gym Courts 3 - 4 ,11,241,4.6
2026-05-04 00:07:06,Mon,0,RPAC Weight Floor,60,125,48.0
2026-05-04 01:27:17,Mon,1,RPAC 1st Floor Fitness Balcony,17,55,30.9
2026-05-04 01:27:17,Mon,1,RPAC 2nd Floor Cardio Loft,3,37,8.1
2026-05-04 01:27:17,Mon,1,RPAC Aquatic Center - Class Pool,0,32,0.0
2026-05-04 01:27:17,Mon,1,RPAC Aquatic Center - Comp Pool,0,25,0.0
2026-05-04 01:27:17,Mon,1,RPAC Aquatic Center - Hot Tub,0,15,0.0
2026-05-04 01:27:17,Mon,1,RPAC Aquatic Center - Lap Pool,0,24,0.0
2026-05-04 01:27:17,Mon,1,RPAC Aquatic Center - Leisure Pool,0,40,0.0
2026-05-04 01:27:17,Mon,1,RPAC Cardio Canyon,20,68,29.4
2026-05-04 01:27:17,Mon,1,RPAC North Gym,6,230,2.6
2026-05-04 01:27:17,Mon,1,RPAC South Gym,0,230,0.0
2026-05-04 01:27:17,Mon,1,RPAC TWD Gym Courts 1-2,50,241,20.7
2026-05-04 01:27:17,Mon,1,RPAC TWD Gym Courts 3 - 4,100,241,41.5
2026-05-04 01:27:17,Mon,1,RPAC Upper Gym Courts 1 - 2,8,241,3.3
2026-05-04 01:27:17,Mon,1,RPAC Upper Gym Courts 3 - 4 ,11,241,4.6
2026-05-04 01:27:17,Mon,1,RPAC Weight Floor,60,125,48.0
2026-05-04 02:30:22,Mon,2,RPAC 1st Floor Fitness Balcony,17,55,30.9
2026-05-04 02:30:22,Mon,2,RPAC 2nd Floor Cardio Loft,3,37,8.1
2026-05-04 02:30:22,Mon,2,RPAC Aquatic Center - Class Pool,0,32,0.0
2026-05-04 02:30:22,Mon,2,RPAC Aquatic Center - Comp Pool,0,25,0.0
2026-05-04 02:30:22,Mon,2,RPAC Aquatic Center - Hot Tub,0,15,0.0
2026-05-04 02:30:22,Mon,2,RPAC Aquatic Center - Lap Pool,0,24,0.0
2026-05-04 02:30:22,Mon,2,RPAC Aquatic Center - Leisure Pool,0,40,0.0
2026-05-04 02:30:22,Mon,2,RPAC Cardio Canyon,20,68,29.4
2026-05-04 02:30:22,Mon,2,RPAC North Gym,6,230,2.6
2026-05-04 02:30:22,Mon,2,RPAC South Gym,0,230,0.0
2026-05-04 02:30:22,Mon,2,RPAC TWD Gym Courts 1-2,50,241,20.7
2026-05-04 02:30:22,Mon,2,RPAC TWD Gym Courts 3 - 4,100,241,41.5
2026-05-04 02:30:22,Mon,2,RPAC Upper Gym Courts 1 - 2,8,241,3.3
2026-05-04 02:30:22,Mon,2,RPAC Upper Gym Courts 3 - 4 ,11,241,4.6
2026-05-04 02:30:22,Mon,2,RPAC Weight Floor,60,125,48.0
2026-05-04 03:42:48,Mon,3,RPAC 1st Floor Fitness Balcony,17,55,30.9
2026-05-04 03:42:48,Mon,3,RPAC 2nd Floor Cardio Loft,3,37,8.1
2026-05-04 03:42:48,Mon,3,RPAC Aquatic Center - Class Pool,0,32,0.0
2026-05-04 03:42:48,Mon,3,RPAC Aquatic Center - Comp Pool,0,25,0.0
2026-05-04 03:42:48,Mon,3,RPAC Aquatic Center - Hot Tub,0,15,0.0
2026-05-04 03:42:48,Mon,3,RPAC Aquatic Center - Lap Pool,0,24,0.0
2026-05-04 03:42:48,Mon,3,RPAC Aquatic Center - Leisure Pool,0,40,0.0
2026-05-04 03:42:48,Mon,3,RPAC Cardio Canyon,20,68,29.4
2026-05-04 03:42:48,Mon,3,RPAC North Gym,6,230,2.6
2026-05-04 03:42:48,Mon,3,RPAC South Gym,0,230,0.0
2026-05-04 03:42:48,Mon,3,RPAC TWD Gym Courts 1-2,50,241,20.7
2026-05-04 03:42:48,Mon,3,RPAC TWD Gym Courts 3 - 4,100,241,41.5
2026-05-04 03:42:48,Mon,3,RPAC Upper Gym Courts 1 - 2,8,241,3.3
2026-05-04 03:42:48,Mon,3,RPAC Upper Gym Courts 3 - 4 ,11,241,4.6
2026-05-04 03:42:48,Mon,3,RPAC Weight Floor,60,125,48.0
2026-05-04 04:41:07,Mon,4,RPAC 1st Floor Fitness Balcony,17,55,30.9
2026-05-04 04:41:07,Mon,4,RPAC 2nd Floor Cardio Loft,3,37,8.1
2026-05-04 04:41:07,Mon,4,RPAC Aquatic Center - Class Pool,0,32,0.0
2026-05-04 04:41:07,Mon,4,RPAC Aquatic Center - Comp Pool,0,25,0.0
2026-05-04 04:41:07,Mon,4,RPAC Aquatic Center - Hot Tub,0,15,0.0
2026-05-04 04:41:07,Mon,4,RPAC Aquatic Center - Lap Pool,0,24,0.0
2026-05-04 04:41:07,Mon,4,RPAC Aquatic Center - Leisure Pool,0,40,0.0
2026-05-04 04:41:07,Mon,4,RPAC Cardio Canyon,20,68,29.4
2026-05-04 04:41:07,Mon,4,RPAC North Gym,6,230,2.6
2026-05-04 04:41:07,Mon,4,RPAC South Gym,0,230,0.0
2026-05-04 04:41:07,Mon,4,RPAC TWD Gym Courts 1-2,50,241,20.7
2026-05-04 04:41:07,Mon,4,RPAC TWD Gym Courts 3 - 4,100,241,41.5
2026-05-04 04:41:07,Mon,4,RPAC Upper Gym Courts 1 - 2,8,241,3.3
2026-05-04 04:41:07,Mon,4,RPAC Upper Gym Courts 3 - 4 ,11,241,4.6
2026-05-04 04:41:07,Mon,4,RPAC Weight Floor,60,125,48.0
2026-05-04 05:32:54,Mon,5,RPAC 1st Floor Fitness Balcony,17,55,30.9
2026-05-04 05:32:54,Mon,5,RPAC 2nd Floor Cardio Loft,3,37,8.1
2026-05-04 05:32:54,Mon,5,RPAC Aquatic Center - Class Pool,0,32,0.0
2026-05-04 05:32:54,Mon,5,RPAC Aquatic Center - Comp Pool,0,25,0.0
2026-05-04 05:32:54,Mon,5,RPAC Aquatic Center - Hot Tub,0,15,0.0
2026-05-04 05:32:54,Mon,5,RPAC Aquatic Center - Lap Pool,0,24,0.0
2026-05-04 05:32:54,Mon,5,RPAC Aquatic Center - Leisure Pool,0,40,0.0
2026-05-04 05:32:54,Mon,5,RPAC Cardio Canyon,20,68,29.4
2026-05-04 05:32:54,Mon,5,RPAC North Gym,6,230,2.6
2026-05-04 05:32:54,Mon,5,RPAC South Gym,0,230,0.0
2026-05-04 05:32:54,Mon,5,RPAC TWD Gym Courts 1-2,50,241,20.7
2026-05-04 05:32:54,Mon,5,RPAC TWD Gym Courts 3 - 4,100,241,41.5
2026-05-04 05:32:54,Mon,5,RPAC Upper Gym Courts 1 - 2,8,241,3.3
2026-05-04 05:32:54,Mon,5,RPAC Upper Gym Courts 3 - 4 ,11,241,4.6
2026-05-04 05:32:54,Mon,5,RPAC Weight Floor,60,125,48.0
2026-05-04 06:28:42,Mon,6,RPAC 1st Floor Fitness Balcony,17,55,30.9
2026-05-04 06:28:42,Mon,6,RPAC 2nd Floor Cardio Loft,3,37,8.1
2026-05-04 06:28:42,Mon,6,RPAC Aquatic Center - Class Pool,6,32,18.8
2026-05-04 06:28:42,Mon,6,RPAC Aquatic Center - Comp Pool,0,25,0.0
2026-05-04 06:28:42,Mon,6,RPAC Aquatic Center - Hot Tub,0,15,0.0
2026-05-04 06:28:42,Mon,6,RPAC Aquatic Center - Lap Pool,4,24,16.7
2026-05-04 06:28:42,Mon,6,RPAC Aquatic Center - Leisure Pool,0,40,0.0
2026-05-04 06:28:42,Mon,6,RPAC Cardio Canyon,20,68,29.4
2026-05-04 06:28:42,Mon,6,RPAC North Gym,6,230,2.6
2026-05-04 06:28:42,Mon,6,RPAC South Gym,0,230,0.0
2026-05-04 06:28:42,Mon,6,RPAC TWD Gym Courts 1-2,50,241,20.7
2026-05-04 06:28:42,Mon,6,RPAC TWD Gym Courts 3 - 4,100,241,41.5
2026-05-04 06:28:42,Mon,6,RPAC Upper Gym Courts 1 - 2,8,241,3.3
2026-05-04 06:28:42,Mon,6,RPAC Upper Gym Courts 3 - 4 ,11,241,4.6
2026-05-04 06:28:42,Mon,6,RPAC Weight Floor,60,125,48.0
2026-05-04 07:17:16,Mon,7,RPAC 1st Floor Fitness Balcony,17,55,30.9
2026-05-04 07:17:16,Mon,7,RPAC 2nd Floor Cardio Loft,3,37,8.1
2026-05-04 07:17:16,Mon,7,RPAC Aquatic Center - Class Pool,0,32,0.0
2026-05-04 07:17:16,Mon,7,RPAC Aquatic Center - Comp Pool,0,25,0.0
2026-05-04 07:17:16,Mon,7,RPAC Aquatic Center - Hot Tub,1,15,6.7
2026-05-04 07:17:16,Mon,7,RPAC Aquatic Center - Lap Pool,2,24,8.3
2026-05-04 07:17:16,Mon,7,RPAC Aquatic Center - Leisure Pool,0,40,0.0
2026-05-04 07:17:16,Mon,7,RPAC Cardio Canyon,20,68,29.4
2026-05-04 07:17:16,Mon,7,RPAC North Gym,6,230,2.6
2026-05-04 07:17:16,Mon,7,RPAC South Gym,0,230,0.0
2026-05-04 07:17:16,Mon,7,RPAC TWD Gym Courts 1-2,50,241,20.7
2026-05-04 07:17:16,Mon,7,RPAC TWD Gym Courts 3 - 4,100,241,41.5
2026-05-04 07:17:16,Mon,7,RPAC Upper Gym Courts 1 - 2,8,241,3.3
2026-05-04 07:17:16,Mon,7,RPAC Upper Gym Courts 3 - 4 ,11,241,4.6
2026-05-04 07:17:16,Mon,7,RPAC Weight Floor,60,125,48.0
2026-05-04 08:07:23,Mon,8,RPAC 1st Floor Fitness Balcony,17,55,30.9
2026-05-04 08:07:23,Mon,8,RPAC 2nd Floor Cardio Loft,3,37,8.1
2026-05-04 08:07:23,Mon,8,RPAC Aquatic Center - Class Pool,1,32,3.1
2026-05-04 08:07:23,Mon,8,RPAC Aquatic Center - Comp Pool,0,25,0.0
2026-05-04 08:07:23,Mon,8,RPAC Aquatic Center - Hot Tub,1,15,6.7
2026-05-04 08:07:23,Mon,8,RPAC Aquatic Center - Lap Pool,6,24,25.0
2026-05-04 08:07:23,Mon,8,RPAC Aquatic Center - Leisure Pool,0,40,0.0
2026-05-04 08:07:23,Mon,8,RPAC Cardio Canyon,20,68,29.4
2026-05-04 08:07:23,Mon,8,RPAC North Gym,6,230,2.6
2026-05-04 08:07:23,Mon,8,RPAC South Gym,0,230,0.0
2026-05-04 08:07:23,Mon,8,RPAC TWD Gym Courts 1-2,50,241,20.7
2026-05-04 08:07:23,Mon,8,RPAC TWD Gym Courts 3 - 4,100,241,41.5
2026-05-04 08:07:23,Mon,8,RPAC Upper Gym Courts 1 - 2,8,241,3.3
2026-05-04 08:07:23,Mon,8,RPAC Upper Gym Courts 3 - 4 ,11,241,4.6
2026-05-04 08:07:23,Mon,8,RPAC Weight Floor,60,125,48.0
2026-05-04 08:52:54,Mon,8,RPAC 1st Floor Fitness Balcony,17,55,30.9
2026-05-04 08:52:54,Mon,8,RPAC 2nd Floor Cardio Loft,3,37,8.1
2026-05-04 08:52:54,Mon,8,RPAC Aquatic Center - Class Pool,4,32,12.5
2026-05-04 08:52:54,Mon,8,RPAC Aquatic Center - Comp Pool,0,25,0.0
2026-05-04 08:52:54,Mon,8,RPAC Aquatic Center - Hot Tub,0,15,0.0
2026-05-04 08:52:54,Mon,8,RPAC Aquatic Center - Lap Pool,5,24,20.8
2026-05-04 08:52:54,Mon,8,RPAC Aquatic Center - Leisure Pool,0,40,0.0
2026-05-04 08:52:54,Mon,8,RPAC Cardio Canyon,20,68,29.4
2026-05-04 08:52:54,Mon,8,RPAC North Gym,6,230,2.6
2026-05-04 08:52:54,Mon,8,RPAC South Gym,0,230,0.0
2026-05-04 08:52:54,Mon,8,RPAC TWD Gym Courts 1-2,50,241,20.7
2026-05-04 08:52:54,Mon,8,RPAC TWD Gym Courts 3 - 4,100,241,41.5
2026-05-04 08:52:54,Mon,8,RPAC Upper Gym Courts 1 - 2,8,241,3.3
2026-05-04 08:52:54,Mon,8,RPAC Upper Gym Courts 3 - 4 ,11,241,4.6
2026-05-04 08:52:54,Mon,8,RPAC Weight Floor,60,125,48.0
2026-05-04 09:40:36,Mon,9,RPAC 1st Floor Fitness Balcony,17,55,30.9
2026-05-04 09:40:36,Mon,9,RPAC 2nd Floor Cardio Loft,3,37,8.1
2026-05-04 09:40:36,Mon,9,RPAC Aquatic Center - Class Pool,1,32,3.1
2026-05-04 09:40:36,Mon,9,RPAC Aquatic Center - Comp Pool,0,25,0.0
2026-05-04 09:40:36,Mon,9,RPAC Aquatic Center - Hot Tub,1,15,6.7
2026-05-04 09:40:36,Mon,9,RPAC Aquatic Center - Lap Pool,3,24,12.5
2026-05-04 09:40:36,Mon,9,RPAC Aquatic Center - Leisure Pool,0,40,0.0
2026-05-04 09:40:36,Mon,9,RPAC Cardio Canyon,20,68,29.4
2026-05-04 09:40:36,Mon,9,RPAC North Gym,6,230,2.6
2026-05-04 09:40:36,Mon,9,RPAC South Gym,0,230,0.0
2026-05-04 09:40:36,Mon,9,RPAC TWD Gym Courts 1-2,50,241,20.7
2026-05-04 09:40:36,Mon,9,RPAC TWD Gym Courts 3 - 4,100,241,41.5
2026-05-04 09:40:36,Mon,9,RPAC Upper Gym Courts 1 - 2,8,241,3.3
2026-05-04 09:40:36,Mon,9,RPAC Upper Gym Courts 3 - 4 ,11,241,4.6
2026-05-04 09:40:36,Mon,9,RPAC Weight Floor,60,125,48.0
2026-05-04 10:32:49,Mon,10,RPAC 1st Floor Fitness Balcony,17,55,30.9
2026-05-04 10:32:49,Mon,10,RPAC 2nd Floor Cardio Loft,3,37,8.1
2026-05-04 10:32:49,Mon,10,RPAC Aquatic Center - Class Pool,5,32,15.6
2026-05-04 10:32:49,Mon,10,RPAC Aquatic Center - Comp Pool,0,25,0.0
2026-05-04 10:32:49,Mon,10,RPAC Aquatic Center - Hot Tub,3,15,20.0
2026-05-04 10:32:49,Mon,10,RPAC Aquatic Center - Lap Pool,4,24,16.7
2026-05-04 10:32:49,Mon,10,RPAC Aquatic Center - Leisure Pool,0,40,0.0
2026-05-04 10:32:49,Mon,10,RPAC Cardio Canyon,20,68,29.4
2026-05-04 10:32:49,Mon,10,RPAC North Gym,6,230,2.6
2026-05-04 10:32:49,Mon,10,RPAC South Gym,0,230,0.0
2026-05-04 10:32:49,Mon,10,RPAC TWD Gym Courts 1-2,50,241,20.7
2026-05-04 10:32:49,Mon,10,RPAC TWD Gym Courts 3 - 4,100,241,41.5
2026-05-04 10:32:49,Mon,10,RPAC Upper Gym Courts 1 - 2,8,241,3.3
2026-05-04 10:32:49,Mon,10,RPAC Upper Gym Courts 3 - 4 ,11,241,4.6
2026-05-04 10:32:49,Mon,10,RPAC Weight Floor,60,125,48.0
2026-05-04 11:27:42,Mon,11,RPAC 1st Floor Fitness Balcony,17,55,30.9
2026-05-04 11:27:42,Mon,11,RPAC 2nd Floor Cardio Loft,3,37,8.1
2026-05-04 11:27:42,Mon,11,RPAC Aquatic Center - Class Pool,5,32,15.6
2026-05-04 11:27:42,Mon,11,RPAC Aquatic Center - Comp Pool,0,25,0.0
2026-05-04 11:27:42,Mon,11,RPAC Aquatic Center - Hot Tub,1,15,6.7
2026-05-04 11:27:42,Mon,11,RPAC Aquatic Center - Lap Pool,4,24,16.7
2026-05-04 11:27:42,Mon,11,RPAC Aquatic Center - Leisure Pool,0,40,0.0
2026-05-04 11:27:42,Mon,11,RPAC Cardio Canyon,20,68,29.4
2026-05-04 11:27:42,Mon,11,RPAC North Gym,6,230,2.6
2026-05-04 11:27:42,Mon,11,RPAC South Gym,0,230,0.0
2026-05-04 11:27:42,Mon,11,RPAC TWD Gym Courts 1-2,50,241,20.7
2026-05-04 11:27:42,Mon,11,RPAC TWD Gym Courts 3 - 4,100,241,41.5
2026-05-04 11:27:42,Mon,11,RPAC Upper Gym Courts 1 - 2,8,241,3.3
2026-05-04 11:27:42,Mon,11,RPAC Upper Gym Courts 3 - 4 ,11,241,4.6
2026-05-04 11:27:42,Mon,11,RPAC Weight Floor,60,125,48.0
2026-05-04 12:14:38,Mon,12,RPAC 1st Floor Fitness Balcony,17,55,30.9
2026-05-04 12:14:38,Mon,12,RPAC 2nd Floor Cardio Loft,3,37,8.1
2026-05-04 12:14:38,Mon,12,RPAC Aquatic Center - Class Pool,4,32,12.5
2026-05-04 12:14:38,Mon,12,RPAC Aquatic Center - Comp Pool,0,25,0.0
2026-05-04 12:14:38,Mon,12,RPAC Aquatic Center - Hot Tub,1,15,6.7
2026-05-04 12:14:38,Mon,12,RPAC Aquatic Center - Lap Pool,4,24,16.7
2026-05-04 12:14:38,Mon,12,RPAC Aquatic Center - Leisure Pool,0,40,0.0
2026-05-04 12:14:38,Mon,12,RPAC Cardio Canyon,20,68,29.4
2026-05-04 12:14:38,Mon,12,RPAC North Gym,6,230,2.6
2026-05-04 12:14:38,Mon,12,RPAC South Gym,0,230,0.0
2026-05-04 12:14:38,Mon,12,RPAC TWD Gym Courts 1-2,50,241,20.7
2026-05-04 12:14:38,Mon,12,RPAC TWD Gym Courts 3 - 4,100,241,41.5
2026-05-04 12:14:38,Mon,12,RPAC Upper Gym Courts 1 - 2,8,241,3.3
2026-05-04 12:14:38,Mon,12,RPAC Upper Gym Courts 3 - 4 ,11,241,4.6
2026-05-04 12:14:38,Mon,12,RPAC Weight Floor,60,125,48.0
2026-05-04 12:58:07,Mon,12,RPAC 1st Floor Fitness Balcony,17,55,30.9
2026-05-04 12:58:07,Mon,12,RPAC 2nd Floor Cardio Loft,3,37,8.1
2026-05-04 12:58:07,Mon,12,RPAC Aquatic Center - Class Pool,4,32,12.5
2026-05-04 12:58:07,Mon,12,RPAC Aquatic Center - Comp Pool,0,25,0.0
2026-05-04 12:58:07,Mon,12,RPAC Aquatic Center - Hot Tub,1,15,6.7
2026-05-04 12:58:07,Mon,12,RPAC Aquatic Center - Lap Pool,4,24,16.7
2026-05-04 12:58:07,Mon,12,RPAC Aquatic Center - Leisure Pool,0,40,0.0
2026-05-04 12:58:07,Mon,12,RPAC Cardio Canyon,20,68,29.4
2026-05-04 12:58:07,Mon,12,RPAC North Gym,6,230,2.6
2026-05-04 12:58:07,Mon,12,RPAC South Gym,0,230,0.0
2026-05-04 12:58:07,Mon,12,RPAC TWD Gym Courts 1-2,50,241,20.7
2026-05-04 12:58:07,Mon,12,RPAC TWD Gym Courts 3 - 4,100,241,41.5
2026-05-04 12:58:07,Mon,12,RPAC Upper Gym Courts 1 - 2,8,241,3.3
2026-05-04 12:58:07,Mon,12,RPAC Upper Gym Courts 3 - 4 ,11,241,4.6
2026-05-04 12:58:07,Mon,12,RPAC Weight Floor,60,125,48.0
2026-05-04 13:40:02,Mon,13,RPAC 1st Floor Fitness Balcony,17,55,30.9
2026-05-04 13:40:02,Mon,13,RPAC 2nd Floor Cardio Loft,3,37,8.1
2026-05-04 13:40:02,Mon,13,RPAC Aquatic Center - Class Pool,3,32,9.4
2026-05-04 13:40:02,Mon,13,RPAC Aquatic Center - Comp Pool,0,25,0.0
2026-05-04 13:40:02,Mon,13,RPAC Aquatic Center - Hot Tub,3,15,20.0
2026-05-04 13:40:02,Mon,13,RPAC Aquatic Center - Lap Pool,3,24,12.5
2026-05-04 13:40:02,Mon,13,RPAC Aquatic Center - Leisure Pool,0,40,0.0
2026-05-04 13:40:02,Mon,13,RPAC Cardio Canyon,20,68,29.4
2026-05-04 13:40:02,Mon,13,RPAC North Gym,6,230,2.6
2026-05-04 13:40:02,Mon,13,RPAC South Gym,0,230,0.0
2026-05-04 13:40:02,Mon,13,RPAC TWD Gym Courts 1-2,50,241,20.7
2026-05-04 13:40:02,Mon,13,RPAC TWD Gym Courts 3 - 4,100,241,41.5
2026-05-04 13:40:02,Mon,13,RPAC Upper Gym Courts 1 - 2,8,241,3.3
2026-05-04 13:40:02,Mon,13,RPAC Upper Gym Courts 3 - 4 ,11,241,4.6
2026-05-04 13:40:02,Mon,13,RPAC Weight Floor,60,125,48.0
2026-05-04 14:11:43,Mon,14,RPAC 1st Floor Fitness Balcony,17,55,30.9
2026-05-04 14:11:43,Mon,14,RPAC 2nd Floor Cardio Loft,3,37,8.1
2026-05-04 14:11:43,Mon,14,RPAC Aquatic Center - Class Pool,2,32,6.2
2026-05-04 14:11:43,Mon,14,RPAC Aquatic Center - Comp Pool,0,25,0.0
2026-05-04 14:11:43,Mon,14,RPAC Aquatic Center - Hot Tub,2,15,13.3
2026-05-04 14:11:43,Mon,14,RPAC Aquatic Center - Lap Pool,2,24,8.3
2026-05-04 14:11:43,Mon,14,RPAC Aquatic Center - Leisure Pool,0,40,0.0
2026-05-04 14:11:43,Mon,14,RPAC Cardio Canyon,20,68,29.4
2026-05-04 14:11:43,Mon,14,RPAC North Gym,6,230,2.6
2026-05-04 14:11:43,Mon,14,RPAC South Gym,0,230,0.0
2026-05-04 14:11:43,Mon,14,RPAC TWD Gym Courts 1-2,50,241,20.7
2026-05-04 14:11:43,Mon,14,RPAC TWD Gym Courts 3 - 4,100,241,41.5
2026-05-04 14:11:43,Mon,14,RPAC Upper Gym Courts 1 - 2,8,241,3.3
2026-05-04 14:11:43,Mon,14,RPAC Upper Gym Courts 3 - 4 ,11,241,4.6
2026-05-04 14:11:43,Mon,14,RPAC Weight Floor,60,125,48.0
2026-05-04 14:52:24,Mon,14,RPAC 1st Floor Fitness Balcony,17,55,30.9
2026-05-04 14:52:24,Mon,14,RPAC 2nd Floor Cardio Loft,3,37,8.1
2026-05-04 14:52:24,Mon,14,RPAC Aquatic Center - Class Pool,2,32,6.2
2026-05-04 14:52:24,Mon,14,RPAC Aquatic Center - Comp Pool,0,25,0.0
2026-05-04 14:52:24,Mon,14,RPAC Aquatic Center - Hot Tub,2,15,13.3
2026-05-04 14:52:24,Mon,14,RPAC Aquatic Center - Lap Pool,2,24,8.3
2026-05-04 14:52:24,Mon,14,RPAC Aquatic Center - Leisure Pool,0,40,0.0
2026-05-04 14:52:24,Mon,14,RPAC Cardio Canyon,20,68,29.4
2026-05-04 14:52:24,Mon,14,RPAC North Gym,6,230,2.6
2026-05-04 14:52:24,Mon,14,RPAC South Gym,0,230,0.0
2026-05-04 14:52:24,Mon,14,RPAC TWD Gym Courts 1-2,50,241,20.7
2026-05-04 14:52:24,Mon,14,RPAC TWD Gym Courts 3 - 4,100,241,41.5
2026-05-04 14:52:24,Mon,14,RPAC Upper Gym Courts 1 - 2,8,241,3.3
2026-05-04 14:52:24,Mon,14,RPAC Upper Gym Courts 3 - 4 ,11,241,4.6
2026-05-04 14:52:24,Mon,14,RPAC Weight Floor,60,125,48.0
2026-05-04 15:37:07,Mon,15,RPAC 1st Floor Fitness Balcony,17,55,30.9
2026-05-04 15:37:07,Mon,15,RPAC 2nd Floor Cardio Loft,3,37,8.1
2026-05-04 15:37:07,Mon,15,RPAC Aquatic Center - Class Pool,3,32,9.4
2026-05-04 15:37:07,Mon,15,RPAC Aquatic Center - Comp Pool,0,25,0.0
2026-05-04 15:37:07,Mon,15,RPAC Aquatic Center - Hot Tub,9,15,60.0
2026-05-04 15:37:07,Mon,15,RPAC Aquatic Center - Lap Pool,4,24,16.7
2026-05-04 15:37:07,Mon,15,RPAC Aquatic Center - Leisure Pool,0,40,0.0
2026-05-04 15:37:07,Mon,15,RPAC Cardio Canyon,20,68,29.4
2026-05-04 15:37:07,Mon,15,RPAC North Gym,6,230,2.6
2026-05-04 15:37:07,Mon,15,RPAC South Gym,0,230,0.0
2026-05-04 15:37:07,Mon,15,RPAC TWD Gym Courts 1-2,50,241,20.7
2026-05-04 15:37:07,Mon,15,RPAC TWD Gym Courts 3 - 4,100,241,41.5
2026-05-04 15:37:07,Mon,15,RPAC Upper Gym Courts 1 - 2,8,241,3.3
2026-05-04 15:37:07,Mon,15,RPAC Upper Gym Courts 3 - 4 ,11,241,4.6
2026-05-04 15:37:07,Mon,15,RPAC Weight Floor,60,125,48.0
2026-05-04 16:44:55,Mon,16,RPAC 1st Floor Fitness Balcony,17,55,30.9
2026-05-04 16:44:55,Mon,16,RPAC 2nd Floor Cardio Loft,3,37,8.1
2026-05-04 16:44:55,Mon,16,RPAC Aquatic Center - Class Pool,3,32,9.4
2026-05-04 16:44:55,Mon,16,RPAC Aquatic Center - Comp Pool,0,25,0.0
2026-05-04 16:44:55,Mon,16,RPAC Aquatic Center - Hot Tub,3,15,20.0
2026-05-04 16:44:55,Mon,16,RPAC Aquatic Center - Lap Pool,4,24,16.7
2026-05-04 16:44:55,Mon,16,RPAC Aquatic Center - Leisure Pool,0,40,0.0
2026-05-04 16:44:55,Mon,16,RPAC Cardio Canyon,20,68,29.4
2026-05-04 16:44:55,Mon,16,RPAC North Gym,6,230,2.6
2026-05-04 16:44:55,Mon,16,RPAC South Gym,0,230,0.0
2026-05-04 16:44:55,Mon,16,RPAC TWD Gym Courts 1-2,50,241,20.7
2026-05-04 16:44:55,Mon,16,RPAC TWD Gym Courts 3 - 4,100,241,41.5
2026-05-04 16:44:55,Mon,16,RPAC Upper Gym Courts 1 - 2,8,241,3.3
2026-05-04 16:44:55,Mon,16,RPAC Upper Gym Courts 3 - 4 ,11,241,4.6
2026-05-04 16:44:55,Mon,16,RPAC Weight Floor,60,125,48.0
2026-05-04 17:15:50,Mon,17,RPAC 1st Floor Fitness Balcony,17,55,30.9
2026-05-04 17:15:50,Mon,17,RPAC 2nd Floor Cardio Loft,3,37,8.1
2026-05-04 17:15:50,Mon,17,RPAC Aquatic Center - Class Pool,12,32,37.5
2026-05-04 17:15:50,Mon,17,RPAC Aquatic Center - Comp Pool,0,25,0.0
2026-05-04 17:15:50,Mon,17,RPAC Aquatic Center - Hot Tub,0,15,0.0
2026-05-04 17:15:50,Mon,17,RPAC Aquatic Center - Lap Pool,6,24,25.0
2026-05-04 17:15:50,Mon,17,RPAC Aquatic Center - Leisure Pool,0,40,0.0
2026-05-04 17:15:50,Mon,17,RPAC Cardio Canyon,20,68,29.4
2026-05-04 17:15:50,Mon,17,RPAC North Gym,6,230,2.6
2026-05-04 17:15:50,Mon,17,RPAC South Gym,0,230,0.0
2026-05-04 17:15:50,Mon,17,RPAC TWD Gym Courts 1-2,50,241,20.7
2026-05-04 17:15:50,Mon,17,RPAC TWD Gym Courts 3 - 4,100,241,41.5
2026-05-04 17:15:50,Mon,17,RPAC Upper Gym Courts 1 - 2,8,241,3.3
2026-05-04 17:15:50,Mon,17,RPAC Upper Gym Courts 3 - 4 ,11,241,4.6
2026-05-04 17:15:50,Mon,17,RPAC Weight Floor,60,125,48.0
2026-05-04 17:50:42,Mon,17,RPAC 1st Floor Fitness Balcony,17,55,30.9
2026-05-04 17:50:42,Mon,17,RPAC 2nd Floor Cardio Loft,3,37,8.1
2026-05-04 17:50:42,Mon,17,RPAC Aquatic Center - Class Pool,13,32,40.6
2026-05-04 17:50:42,Mon,17,RPAC Aquatic Center - Comp Pool,0,25,0.0
2026-05-04 17:50:42,Mon,17,RPAC Aquatic Center - Hot Tub,2,15,13.3
2026-05-04 17:50:42,Mon,17,RPAC Aquatic Center - Lap Pool,7,24,29.2
2026-05-04 17:50:42,Mon,17,RPAC Aquatic Center - Leisure Pool,0,40,0.0
2026-05-04 17:50:42,Mon,17,RPAC Cardio Canyon,20,68,29.4
2026-05-04 17:50:42,Mon,17,RPAC North Gym,6,230,2.6
2026-05-04 17:50:42,Mon,17,RPAC South Gym,0,230,0.0
2026-05-04 17:50:42,Mon,17,RPAC TWD Gym Courts 1-2,50,241,20.7
2026-05-04 17:50:42,Mon,17,RPAC TWD Gym Courts 3 - 4,100,241,41.5
2026-05-04 17:50:42,Mon,17,RPAC Upper Gym Courts 1 - 2,8,241,3.3
2026-05-04 17:50:42,Mon,17,RPAC Upper Gym Courts 3 - 4 ,11,241,4.6
2026-05-04 17:50:42,Mon,17,RPAC Weight Floor,60,125,48.0
2026-05-04 18:25:07,Mon,18,RPAC 1st Floor Fitness Balcony,17,55,30.9
2026-05-04 18:25:07,Mon,18,RPAC 2nd Floor Cardio Loft,3,37,8.1
2026-05-04 18:25:07,Mon,18,RPAC Aquatic Center - Class Pool,14,32,43.8
2026-05-04 18:25:07,Mon,18,RPAC Aquatic Center - Comp Pool,0,25,0.0
2026-05-04 18:25:07,Mon,18,RPAC Aquatic Center - Hot Tub,4,15,26.7
2026-05-04 18:25:07,Mon,18,RPAC Aquatic Center - Lap Pool,13,24,54.2
2026-05-04 18:25:07,Mon,18,RPAC Aquatic Center - Leisure Pool,0,40,0.0
2026-05-04 18:25:07,Mon,18,RPAC Cardio Canyon,20,68,29.4
2026-05-04 18:25:07,Mon,18,RPAC North Gym,6,230,2.6
2026-05-04 18:25:07,Mon,18,RPAC South Gym,0,230,0.0
2026-05-04 18:25:07,Mon,18,RPAC TWD Gym Courts 1-2,50,241,20.7
2026-05-04 18:25:07,Mon,18,RPAC TWD Gym Courts 3 - 4,100,241,41.5
2026-05-04 18:25:07,Mon,18,RPAC Upper Gym Courts 1 - 2,8,241,3.3
2026-05-04 18:25:07,Mon,18,RPAC Upper Gym Courts 3 - 4 ,11,241,4.6
2026-05-04 18:25:07,Mon,18,RPAC Weight Floor,60,125,48.0
2026-05-04 18:49:36,Mon,18,RPAC 1st Floor Fitness Balcony,17,55,30.9
2026-05-04 18:49:36,Mon,18,RPAC 2nd Floor Cardio Loft,3,37,8.1
2026-05-04 18:49:36,Mon,18,RPAC Aquatic Center - Class Pool,14,32,43.8
2026-05-04 18:49:36,Mon,18,RPAC Aquatic Center - Comp Pool,0,25,0.0
2026-05-04 18:49:36,Mon,18,RPAC Aquatic Center - Hot Tub,4,15,26.7
2026-05-04 18:49:36,Mon,18,RPAC Aquatic Center - Lap Pool,13,24,54.2
2026-05-04 18:49:36,Mon,18,RPAC Aquatic Center - Leisure Pool,0,40,0.0
2026-05-04 18:49:36,Mon,18,RPAC Cardio Canyon,20,68,29.4
2026-05-04 18:49:36,Mon,18,RPAC North Gym,6,230,2.6
2026-05-04 18:49:36,Mon,18,RPAC South Gym,0,230,0.0
2026-05-04 18:49:36,Mon,18,RPAC TWD Gym Courts 1-2,50,241,20.7
2026-05-04 18:49:36,Mon,18,RPAC TWD Gym Courts 3 - 4,100,241,41.5
2026-05-04 18:49:36,Mon,18,RPAC Upper Gym Courts 1 - 2,8,241,3.3
2026-05-04 18:49:36,Mon,18,RPAC Upper Gym Courts 3 - 4 ,11,241,4.6
2026-05-04 18:49:36,Mon,18,RPAC Weight Floor,60,125,48.0
2026-05-04 19:22:37,Mon,19,RPAC 1st Floor Fitness Balcony,17,55,30.9
2026-05-04 19:22:37,Mon,19,RPAC 2nd Floor Cardio Loft,3,37,8.1
2026-05-04 19:22:37,Mon,19,RPAC Aquatic Center - Class Pool,0,32,0.0
2026-05-04 19:22:37,Mon,19,RPAC Aquatic Center - Comp Pool,0,25,0.0
2026-05-04 19:22:37,Mon,19,RPAC Aquatic Center - Hot Tub,0,15,0.0
2026-05-04 19:22:37,Mon,19,RPAC Aquatic Center - Lap Pool,0,24,0.0
2026-05-04 19:22:37,Mon,19,RPAC Aquatic Center - Leisure Pool,0,40,0.0
2026-05-04 19:22:37,Mon,19,RPAC Cardio Canyon,20,68,29.4
2026-05-04 19:22:37,Mon,19,RPAC North Gym,6,230,2.6
2026-05-04 19:22:37,Mon,19,RPAC South Gym,0,230,0.0
2026-05-04 19:22:37,Mon,19,RPAC TWD Gym Courts 1-2,50,241,20.7
2026-05-04 19:22:37,Mon,19,RPAC TWD Gym Courts 3 - 4,100,241,41.5
2026-05-04 19:22:37,Mon,19,RPAC Upper Gym Courts 1 - 2,8,241,3.3
2026-05-04 19:22:37,Mon,19,RPAC Upper Gym Courts 3 - 4 ,11,241,4.6
2026-05-04 19:22:37,Mon,19,RPAC Weight Floor,60,125,48.0
2026-05-04 19:49:01,Mon,19,RPAC 1st Floor Fitness Balcony,17,55,30.9
2026-05-04 19:49:01,Mon,19,RPAC 2nd Floor Cardio Loft,3,37,8.1
2026-05-04 19:49:01,Mon,19,RPAC Aquatic Center - Class Pool,0,32,0.0
2026-05-04 19:49:01,Mon,19,RPAC Aquatic Center - Comp Pool,0,25,0.0
2026-05-04 19:49:01,Mon,19,RPAC Aquatic Center - Hot Tub,0,15,0.0
2026-05-04 19:49:01,Mon,19,RPAC Aquatic Center - Lap Pool,0,24,0.0
2026-05-04 19:49:01,Mon,19,RPAC Aquatic Center - Leisure Pool,0,40,0.0
2026-05-04 19:49:01,Mon,19,RPAC Cardio Canyon,20,68,29.4
2026-05-04 19:49:01,Mon,19,RPAC North Gym,6,230,2.6
2026-05-04 19:49:01,Mon,19,RPAC South Gym,0,230,0.0
2026-05-04 19:49:01,Mon,19,RPAC TWD Gym Courts 1-2,50,241,20.7
2026-05-04 19:49:01,Mon,19,RPAC TWD Gym Courts 3 - 4,100,241,41.5
2026-05-04 19:49:01,Mon,19,RPAC Upper Gym Courts 1 - 2,8,241,3.3
2026-05-04 19:49:01,Mon,19,RPAC Upper Gym Courts 3 - 4 ,11,241,4.6
2026-05-04 19:49:01,Mon,19,RPAC Weight Floor,60,125,48.0
2026-05-04 20:47:53,Mon,20,RPAC 1st Floor Fitness Balcony,17,55,30.9
2026-05-04 20:47:53,Mon,20,RPAC 2nd Floor Cardio Loft,3,37,8.1
2026-05-04 20:47:53,Mon,20,RPAC Aquatic Center - Class Pool,0,32,0.0
2026-05-04 20:47:53,Mon,20,RPAC Aquatic Center - Comp Pool,0,25,0.0
2026-05-04 20:47:53,Mon,20,RPAC Aquatic Center - Hot Tub,0,15,0.0
2026-05-04 20:47:53,Mon,20,RPAC Aquatic Center - Lap Pool,0,24,0.0
2026-05-04 20:47:53,Mon,20,RPAC Aquatic Center - Leisure Pool,0,40,0.0
2026-05-04 20:47:53,Mon,20,RPAC Cardio Canyon,20,68,29.4
2026-05-04 20:47:53,Mon,20,RPAC North Gym,6,230,2.6
2026-05-04 20:47:53,Mon,20,RPAC South Gym,0,230,0.0
2026-05-04 20:47:53,Mon,20,RPAC TWD Gym Courts 1-2,50,241,20.7
2026-05-04 20:47:53,Mon,20,RPAC TWD Gym Courts 3 - 4,100,241,41.5
2026-05-04 20:47:53,Mon,20,RPAC Upper Gym Courts 1 - 2,8,241,3.3
2026-05-04 20:47:53,Mon,20,RPAC Upper Gym Courts 3 - 4 ,11,241,4.6
2026-05-04 20:47:53,Mon,20,RPAC Weight Floor,60,125,48.0
2026-05-04 21:39:52,Mon,21,RPAC 1st Floor Fitness Balcony,17,55,30.9
2026-05-04 21:39:52,Mon,21,RPAC 2nd Floor Cardio Loft,3,37,8.1
2026-05-04 21:39:52,Mon,21,RPAC Aquatic Center - Class Pool,0,32,0.0
2026-05-04 21:39:52,Mon,21,RPAC Aquatic Center - Comp Pool,0,25,0.0
2026-05-04 21:39:52,Mon,21,RPAC Aquatic Center - Hot Tub,0,15,0.0
2026-05-04 21:39:52,Mon,21,RPAC Aquatic Center - Lap Pool,0,24,0.0
2026-05-04 21:39:52,Mon,21,RPAC Aquatic Center - Leisure Pool,0,40,0.0
2026-05-04 21:39:52,Mon,21,RPAC Cardio Canyon,20,68,29.4
2026-05-04 21:39:52,Mon,21,RPAC North Gym,6,230,2.6
2026-05-04 21:39:52,Mon,21,RPAC South Gym,0,230,0.0
2026-05-04 21:39:52,Mon,21,RPAC TWD Gym Courts 1-2,50,241,20.7
2026-05-04 21:39:52,Mon,21,RPAC TWD Gym Courts 3 - 4,100,241,41.5
2026-05-04 21:39:52,Mon,21,RPAC Upper Gym Courts 1 - 2,8,241,3.3
2026-05-04 21:39:52,Mon,21,RPAC Upper Gym Courts 3 - 4 ,11,241,4.6
2026-05-04 21:39:52,Mon,21,RPAC Weight Floor,60,125,48.0
2026-05-04 22:40:51,Mon,22,RPAC 1st Floor Fitness Balcony,17,55,30.9
2026-05-04 22:40:51,Mon,22,RPAC 2nd Floor Cardio Loft,3,37,8.1
2026-05-04 22:40:51,Mon,22,RPAC Aquatic Center - Class Pool,0,32,0.0
2026-05-04 22:40:51,Mon,22,RPAC Aquatic Center - Comp Pool,0,25,0.0
2026-05-04 22:40:51,Mon,22,RPAC Aquatic Center - Hot Tub,0,15,0.0
2026-05-04 22:40:51,Mon,22,RPAC Aquatic Center - Lap Pool,0,24,0.0
2026-05-04 22:40:51,Mon,22,RPAC Aquatic Center - Leisure Pool,0,40,0.0
2026-05-04 22:40:51,Mon,22,RPAC Cardio Canyon,20,68,29.4
2026-05-04 22:40:51,Mon,22,RPAC North Gym,6,230,2.6
2026-05-04 22:40:51,Mon,22,RPAC South Gym,0,230,0.0
2026-05-04 22:40:51,Mon,22,RPAC TWD Gym Courts 1-2,50,241,20.7
2026-05-04 22:40:51,Mon,22,RPAC TWD Gym Courts 3 - 4,100,241,41.5
2026-05-04 22:40:51,Mon,22,RPAC Upper Gym Courts 1 - 2,8,241,3.3
2026-05-04 22:40:51,Mon,22,RPAC Upper Gym Courts 3 - 4 ,11,241,4.6
2026-05-04 22:40:51,Mon,22,RPAC Weight Floor,60,125,48.0
2026-05-04 23:56:38,Mon,23,RPAC 1st Floor Fitness Balcony,17,55,30.9
2026-05-04 23:56:38,Mon,23,RPAC 2nd Floor Cardio Loft,3,37,8.1
2026-05-04 23:56:38,Mon,23,RPAC Aquatic Center - Class Pool,0,32,0.0
2026-05-04 23:56:38,Mon,23,RPAC Aquatic Center - Comp Pool,0,25,0.0
2026-05-04 23:56:38,Mon,23,RPAC Aquatic Center - Hot Tub,0,15,0.0
2026-05-04 23:56:38,Mon,23,RPAC Aquatic Center - Lap Pool,0,24,0.0
2026-05-04 23:56:38,Mon,23,RPAC Aquatic Center - Leisure Pool,0,40,0.0
2026-05-04 23:56:38,Mon,23,RPAC Cardio Canyon,20,68,29.4
2026-05-04 23:56:38,Mon,23,RPAC North Gym,6,230,2.6
2026-05-04 23:56:38,Mon,23,RPAC South Gym,0,230,0.0
2026-05-04 23:56:38,Mon,23,RPAC TWD Gym Courts 1-2,50,241,20.7
2026-05-04 23:56:38,Mon,23,RPAC TWD Gym Courts 3 - 4,100,241,41.5
2026-05-04 23:56:38,Mon,23,RPAC Upper Gym Courts 1 - 2,8,241,3.3
2026-05-04 23:56:38,Mon,23,RPAC Upper Gym Courts 3 - 4 ,11,241,4.6
2026-05-04 23:56:38,Mon,23,RPAC Weight Floor,60,125,48.0
2026-05-05 01:11:51,Tue,1,RPAC 1st Floor Fitness Balcony,17,55,30.9
2026-05-05 01:11:51,Tue,1,RPAC 2nd Floor Cardio Loft,3,37,8.1
2026-05-05 01:11:51,Tue,1,RPAC Aquatic Center - Class Pool,0,32,0.0
2026-05-05 01:11:51,Tue,1,RPAC Aquatic Center - Comp Pool,0,25,0.0
2026-05-05 01:11:51,Tue,1,RPAC Aquatic Center - Hot Tub,0,15,0.0
2026-05-05 01:11:51,Tue,1,RPAC Aquatic Center - Lap Pool,0,24,0.0
2026-05-05 01:11:51,Tue,1,RPAC Aquatic Center - Leisure Pool,0,40,0.0
2026-05-05 01:11:51,Tue,1,RPAC Cardio Canyon,20,68,29.4
2026-05-05 01:11:51,Tue,1,RPAC North Gym,6,230,2.6
2026-05-05 01:11:51,Tue,1,RPAC South Gym,0,230,0.0
2026-05-05 01:11:51,Tue,1,RPAC TWD Gym Courts 1-2,50,241,20.7
2026-05-05 01:11:51,Tue,1,RPAC TWD Gym Courts 3 - 4,100,241,41.5
2026-05-05 01:11:51,Tue,1,RPAC Upper Gym Courts 1 - 2,8,241,3.3
2026-05-05 01:11:51,Tue,1,RPAC Upper Gym Courts 3 - 4 ,11,241,4.6
2026-05-05 01:11:51,Tue,1,RPAC Weight Floor,60,125,48.0
2026-05-05 02:04:53,Tue,2,RPAC 1st Floor Fitness Balcony,17,55,30.9
2026-05-05 02:04:53,Tue,2,RPAC 2nd Floor Cardio Loft,3,37,8.1
2026-05-05 02:04:53,Tue,2,RPAC Aquatic Center - Class Pool,0,32,0.0
2026-05-05 02:04:53,Tue,2,RPAC Aquatic Center - Comp Pool,0,25,0.0
2026-05-05 02:04:53,Tue,2,RPAC Aquatic Center - Hot Tub,0,15,0.0
2026-05-05 02:04:53,Tue,2,RPAC Aquatic Center - Lap Pool,0,24,0.0
2026-05-05 02:04:53,Tue,2,RPAC Aquatic Center - Leisure Pool,0,40,0.0
2026-05-05 02:04:53,Tue,2,RPAC Cardio Canyon,20,68,29.4
2026-05-05 02:04:53,Tue,2,RPAC North Gym,6,230,2.6
2026-05-05 02:04:53,Tue,2,RPAC South Gym,0,230,0.0
2026-05-05 02:04:53,Tue,2,RPAC TWD Gym Courts 1-2,50,241,20.7
2026-05-05 02:04:53,Tue,2,RPAC TWD Gym Courts 3 - 4,100,241,41.5
2026-05-05 02:04:53,Tue,2,RPAC Upper Gym Courts 1 - 2,8,241,3.3
2026-05-05 02:04:53,Tue,2,RPAC Upper Gym Courts 3 - 4 ,11,241,4.6
2026-05-05 02:04:53,Tue,2,RPAC Weight Floor,60,125,48.0
2026-05-05 03:04:21,Tue,3,RPAC 1st Floor Fitness Balcony,17,55,30.9
2026-05-05 03:04:21,Tue,3,RPAC 2nd Floor Cardio Loft,3,37,8.1
2026-05-05 03:04:21,Tue,3,RPAC Aquatic Center - Class Pool,0,32,0.0
2026-05-05 03:04:21,Tue,3,RPAC Aquatic Center - Comp Pool,0,25,0.0
2026-05-05 03:04:21,Tue,3,RPAC Aquatic Center - Hot Tub,0,15,0.0
2026-05-05 03:04:21,Tue,3,RPAC Aquatic Center - Lap Pool,0,24,0.0
2026-05-05 03:04:21,Tue,3,RPAC Aquatic Center - Leisure Pool,0,40,0.0
2026-05-05 03:04:21,Tue,3,RPAC Cardio Canyon,20,68,29.4
2026-05-05 03:04:21,Tue,3,RPAC North Gym,6,230,2.6
2026-05-05 03:04:21,Tue,3,RPAC South Gym,0,230,0.0
2026-05-05 03:04:21,Tue,3,RPAC TWD Gym Courts 1-2,50,241,20.7
2026-05-05 03:04:21,Tue,3,RPAC TWD Gym Courts 3 - 4,100,241,41.5
2026-05-05 03:04:21,Tue,3,RPAC Upper Gym Courts 1 - 2,8,241,3.3
2026-05-05 03:04:21,Tue,3,RPAC Upper Gym Courts 3 - 4 ,11,241,4.6
2026-05-05 03:04:21,Tue,3,RPAC Weight Floor,60,125,48.0
2026-05-05 03:57:00,Tue,3,RPAC 1st Floor Fitness Balcony,17,55,30.9
2026-05-05 03:57:00,Tue,3,RPAC 2nd Floor Cardio Loft,3,37,8.1
2026-05-05 03:57:00,Tue,3,RPAC Aquatic Center - Class Pool,0,32,0.0
2026-05-05 03:57:00,Tue,3,RPAC Aquatic Center - Comp Pool,0,25,0.0
2026-05-05 03:57:00,Tue,3,RPAC Aquatic Center - Hot Tub,0,15,0.0
2026-05-05 03:57:00,Tue,3,RPAC Aquatic Center - Lap Pool,0,24,0.0
2026-05-05 03:57:00,Tue,3,RPAC Aquatic Center - Leisure Pool,0,40,0.0
2026-05-05 03:57:00,Tue,3,RPAC Cardio Canyon,20,68,29.4
2026-05-05 03:57:00,Tue,3,RPAC North Gym,6,230,2.6
2026-05-05 03:57:00,Tue,3,RPAC South Gym,0,230,0.0
2026-05-05 03:57:00,Tue,3,RPAC TWD Gym Courts 1-2,50,241,20.7
2026-05-05 03:57:00,Tue,3,RPAC TWD Gym Courts 3 - 4,100,241,41.5
2026-05-05 03:57:00,Tue,3,RPAC Upper Gym Courts 1 - 2,8,241,3.3
2026-05-05 03:57:00,Tue,3,RPAC Upper Gym Courts 3 - 4 ,11,241,4.6
2026-05-05 03:57:00,Tue,3,RPAC Weight Floor,60,125,48.0
2026-05-05 04:56:38,Tue,4,RPAC 1st Floor Fitness Balcony,17,55,30.9
2026-05-05 04:56:38,Tue,4,RPAC 2nd Floor Cardio Loft,3,37,8.1
2026-05-05 04:56:38,Tue,4,RPAC Aquatic Center - Class Pool,0,32,0.0
2026-05-05 04:56:38,Tue,4,RPAC Aquatic Center - Comp Pool,0,25,0.0
2026-05-05 04:56:38,Tue,4,RPAC Aquatic Center - Hot Tub,0,15,0.0
2026-05-05 04:56:38,Tue,4,RPAC Aquatic Center - Lap Pool,0,24,0.0
2026-05-05 04:56:38,Tue,4,RPAC Aquatic Center - Leisure Pool,0,40,0.0
2026-05-05 04:56:38,Tue,4,RPAC Cardio Canyon,20,68,29.4
2026-05-05 04:56:38,Tue,4,RPAC North Gym,6,230,2.6
2026-05-05 04:56:38,Tue,4,RPAC South Gym,0,230,0.0
2026-05-05 04:56:38,Tue,4,RPAC TWD Gym Courts 1-2,50,241,20.7
2026-05-05 04:56:38,Tue,4,RPAC TWD Gym Courts 3 - 4,100,241,41.5
2026-05-05 04:56:38,Tue,4,RPAC Upper Gym Courts 1 - 2,8,241,3.3
2026-05-05 04:56:38,Tue,4,RPAC Upper Gym Courts 3 - 4 ,11,241,4.6
2026-05-05 04:56:38,Tue,4,RPAC Weight Floor,60,125,48.0
2026-05-05 05:46:13,Tue,5,RPAC 1st Floor Fitness Balcony,17,55,30.9
2026-05-05 05:46:13,Tue,5,RPAC 2nd Floor Cardio Loft,3,37,8.1
2026-05-05 05:46:13,Tue,5,RPAC Aquatic Center - Class Pool,0,32,0.0
2026-05-05 05:46:13,Tue,5,RPAC Aquatic Center - Comp Pool,0,25,0.0
2026-05-05 05:46:13,Tue,5,RPAC Aquatic Center - Hot Tub,0,15,0.0
2026-05-05 05:46:13,Tue,5,RPAC Aquatic Center - Lap Pool,0,24,0.0
2026-05-05 05:46:13,Tue,5,RPAC Aquatic Center - Leisure Pool,0,40,0.0
2026-05-05 05:46:13,Tue,5,RPAC Cardio Canyon,20,68,29.4
2026-05-05 05:46:13,Tue,5,RPAC North Gym,6,230,2.6
2026-05-05 05:46:13,Tue,5,RPAC South Gym,0,230,0.0
2026-05-05 05:46:13,Tue,5,RPAC TWD Gym Courts 1-2,50,241,20.7
2026-05-05 05:46:13,Tue,5,RPAC TWD Gym Courts 3 - 4,100,241,41.5
2026-05-05 05:46:13,Tue,5,RPAC Upper Gym Courts 1 - 2,8,241,3.3
2026-05-05 05:46:13,Tue,5,RPAC Upper Gym Courts 3 - 4 ,11,241,4.6
2026-05-05 05:46:13,Tue,5,RPAC Weight Floor,60,125,48.0
2026-05-05 06:37:47,Tue,6,RPAC 1st Floor Fitness Balcony,17,55,30.9
2026-05-05 06:37:47,Tue,6,RPAC 2nd Floor Cardio Loft,3,37,8.1
2026-05-05 06:37:47,Tue,6,RPAC Aquatic Center - Class Pool,6,32,18.8
2026-05-05 06:37:47,Tue,6,RPAC Aquatic Center - Comp Pool,0,25,0.0
2026-05-05 06:37:47,Tue,6,RPAC Aquatic Center - Hot Tub,0,15,0.0
2026-05-05 06:37:47,Tue,6,RPAC Aquatic Center - Lap Pool,5,24,20.8
2026-05-05 06:37:47,Tue,6,RPAC Aquatic Center - Leisure Pool,0,40,0.0
2026-05-05 06:37:47,Tue,6,RPAC Cardio Canyon,20,68,29.4
2026-05-05 06:37:47,Tue,6,RPAC North Gym,6,230,2.6
2026-05-05 06:37:47,Tue,6,RPAC South Gym,0,230,0.0
2026-05-05 06:37:47,Tue,6,RPAC TWD Gym Courts 1-2,50,241,20.7
2026-05-05 06:37:47,Tue,6,RPAC TWD Gym Courts 3 - 4,100,241,41.5
2026-05-05 06:37:47,Tue,6,RPAC Upper Gym Courts 1 - 2,8,241,3.3
2026-05-05 06:37:47,Tue,6,RPAC Upper Gym Courts 3 - 4 ,11,241,4.6
2026-05-05 06:37:47,Tue,6,RPAC Weight Floor,60,125,48.0
2026-05-05 07:12:09,Tue,7,RPAC 1st Floor Fitness Balcony,17,55,30.9
2026-05-05 07:12:09,Tue,7,RPAC 2nd Floor Cardio Loft,3,37,8.1
2026-05-05 07:12:09,Tue,7,RPAC Aquatic Center - Class Pool,4,32,12.5
2026-05-05 07:12:09,Tue,7,RPAC Aquatic Center - Comp Pool,0,25,0.0
2026-05-05 07:12:09,Tue,7,RPAC Aquatic Center - Hot Tub,2,15,13.3
2026-05-05 07:12:09,Tue,7,RPAC Aquatic Center - Lap Pool,3,24,12.5
2026-05-05 07:12:09,Tue,7,RPAC Aquatic Center - Leisure Pool,0,40,0.0
2026-05-05 07:12:09,Tue,7,RPAC Cardio Canyon,20,68,29.4
2026-05-05 07:12:09,Tue,7,RPAC North Gym,6,230,2.6
2026-05-05 07:12:09,Tue,7,RPAC South Gym,0,230,0.0
2026-05-05 07:12:09,Tue,7,RPAC TWD Gym Courts 1-2,50,241,20.7
2026-05-05 07:12:09,Tue,7,RPAC TWD Gym Courts 3 - 4,100,241,41.5
2026-05-05 07:12:09,Tue,7,RPAC Upper Gym Courts 1 - 2,8,241,3.3
2026-05-05 07:12:09,Tue,7,RPAC Upper Gym Courts 3 - 4 ,11,241,4.6
2026-05-05 07:12:09,Tue,7,RPAC Weight Floor,60,125,48.0
2026-05-05 07:45:39,Tue,7,RPAC 1st Floor Fitness Balcony,17,55,30.9
2026-05-05 07:45:39,Tue,7,RPAC 2nd Floor Cardio Loft,3,37,8.1
2026-05-05 07:45:39,Tue,7,RPAC Aquatic Center - Class Pool,8,32,25.0
2026-05-05 07:45:39,Tue,7,RPAC Aquatic Center - Comp Pool,0,25,0.0
2026-05-05 07:45:39,Tue,7,RPAC Aquatic Center - Hot Tub,0,15,0.0
2026-05-05 07:45:39,Tue,7,RPAC Aquatic Center - Lap Pool,6,24,25.0
2026-05-05 07:45:39,Tue,7,RPAC Aquatic Center - Leisure Pool,0,40,0.0
2026-05-05 07:45:39,Tue,7,RPAC Cardio Canyon,20,68,29.4
2026-05-05 07:45:39,Tue,7,RPAC North Gym,6,230,2.6
2026-05-05 07:45:39,Tue,7,RPAC South Gym,0,230,0.0
2026-05-05 07:45:39,Tue,7,RPAC TWD Gym Courts 1-2,50,241,20.7
2026-05-05 07:45:39,Tue,7,RPAC TWD Gym Courts 3 - 4,100,241,41.5
2026-05-05 07:45:39,Tue,7,RPAC Upper Gym Courts 1 - 2,8,241,3.3
2026-05-05 07:45:39,Tue,7,RPAC Upper Gym Courts 3 - 4 ,11,241,4.6
2026-05-05 07:45:39,Tue,7,RPAC Weight Floor,60,125,48.0
2026-05-05 08:33:22,Tue,8,RPAC 1st Floor Fitness Balcony,17,55,30.9
2026-05-05 08:33:22,Tue,8,RPAC 2nd Floor Cardio Loft,3,37,8.1
2026-05-05 08:33:22,Tue,8,RPAC Aquatic Center - Class Pool,4,32,12.5
2026-05-05 08:33:22,Tue,8,RPAC Aquatic Center - Comp Pool,0,25,0.0
2026-05-05 08:33:22,Tue,8,RPAC Aquatic Center - Hot Tub,0,15,0.0
2026-05-05 08:33:22,Tue,8,RPAC Aquatic Center - Lap Pool,5,24,20.8
2026-05-05 08:33:22,Tue,8,RPAC Aquatic Center - Leisure Pool,0,40,0.0
2026-05-05 08:33:22,Tue,8,RPAC Cardio Canyon,20,68,29.4
2026-05-05 08:33:22,Tue,8,RPAC North Gym,6,230,2.6
2026-05-05 08:33:22,Tue,8,RPAC South Gym,0,230,0.0
2026-05-05 08:33:22,Tue,8,RPAC TWD Gym Courts 1-2,50,241,20.7
2026-05-05 08:33:22,Tue,8,RPAC TWD Gym Courts 3 - 4,100,241,41.5
2026-05-05 08:33:22,Tue,8,RPAC Upper Gym Courts 1 - 2,8,241,3.3
2026-05-05 08:33:22,Tue,8,RPAC Upper Gym Courts 3 - 4 ,11,241,4.6
2026-05-05 08:33:22,Tue,8,RPAC Weight Floor,60,125,48.0
2026-05-05 09:12:36,Tue,9,RPAC 1st Floor Fitness Balcony,17,55,30.9
2026-05-05 09:12:36,Tue,9,RPAC 2nd Floor Cardio Loft,3,37,8.1
2026-05-05 09:12:36,Tue,9,RPAC Aquatic Center - Class Pool,5,32,15.6
2026-05-05 09:12:36,Tue,9,RPAC Aquatic Center - Comp Pool,0,25,0.0
2026-05-05 09:12:36,Tue,9,RPAC Aquatic Center - Hot Tub,1,15,6.7
2026-05-05 09:12:36,Tue,9,RPAC Aquatic Center - Lap Pool,3,24,12.5
2026-05-05 09:12:36,Tue,9,RPAC Aquatic Center - Leisure Pool,0,40,0.0
2026-05-05 09:12:36,Tue,9,RPAC Cardio Canyon,20,68,29.4
2026-05-05 09:12:36,Tue,9,RPAC North Gym,6,230,2.6
2026-05-05 09:12:36,Tue,9,RPAC South Gym,0,230,0.0
2026-05-05 09:12:36,Tue,9,RPAC TWD Gym Courts 1-2,50,241,20.7
2026-05-05 09:12:36,Tue,9,RPAC TWD Gym Courts 3 - 4,100,241,41.5
2026-05-05 09:12:36,Tue,9,RPAC Upper Gym Courts 1 - 2,8,241,3.3
2026-05-05 09:12:36,Tue,9,RPAC Upper Gym Courts 3 - 4 ,11,241,4.6
2026-05-05 09:12:36,Tue,9,RPAC Weight Floor,60,125,48.0
2026-05-05 09:59:28,Tue,9,RPAC 1st Floor Fitness Balcony,17,55,30.9
2026-05-05 09:59:28,Tue,9,RPAC 2nd Floor Cardio Loft,3,37,8.1
2026-05-05 09:59:28,Tue,9,RPAC Aquatic Center - Class Pool,3,32,9.4
2026-05-05 09:59:28,Tue,9,RPAC Aquatic Center - Comp Pool,0,25,0.0
2026-05-05 09:59:28,Tue,9,RPAC Aquatic Center - Hot Tub,1,15,6.7
2026-05-05 09:59:28,Tue,9,RPAC Aquatic Center - Lap Pool,2,24,8.3
2026-05-05 09:59:28,Tue,9,RPAC Aquatic Center - Leisure Pool,0,40,0.0
2026-05-05 09:59:28,Tue,9,RPAC Cardio Canyon,20,68,29.4
2026-05-05 09:59:28,Tue,9,RPAC North Gym,6,230,2.6
2026-05-05 09:59:28,Tue,9,RPAC South Gym,0,230,0.0
2026-05-05 09:59:28,Tue,9,RPAC TWD Gym Courts 1-2,50,241,20.7
2026-05-05 09:59:28,Tue,9,RPAC TWD Gym Courts 3 - 4,100,241,41.5
2026-05-05 09:59:28,Tue,9,RPAC Upper Gym Courts 1 - 2,8,241,3.3
2026-05-05 09:59:28,Tue,9,RPAC Upper Gym Courts 3 - 4 ,11,241,4.6
2026-05-05 09:59:28,Tue,9,RPAC Weight Floor,60,125,48.0
2026-05-05 11:41:22,Tue,11,RPAC 1st Floor Fitness Balcony,17,55,30.9
2026-05-05 11:41:22,Tue,11,RPAC 2nd Floor Cardio Loft,3,37,8.1
2026-05-05 11:41:22,Tue,11,RPAC Aquatic Center - Class Pool,0,32,0.0
2026-05-05 11:41:22,Tue,11,RPAC Aquatic Center - Comp Pool,0,25,0.0
2026-05-05 11:41:22,Tue,11,RPAC Aquatic Center - Hot Tub,1,15,6.7
2026-05-05 11:41:22,Tue,11,RPAC Aquatic Center - Lap Pool,4,24,16.7
2026-05-05 11:41:22,Tue,11,RPAC Aquatic Center - Leisure Pool,0,40,0.0
2026-05-05 11:41:22,Tue,11,RPAC Cardio Canyon,20,68,29.4
2026-05-05 11:41:22,Tue,11,RPAC North Gym,6,230,2.6
2026-05-05 11:41:22,Tue,11,RPAC South Gym,0,230,0.0
2026-05-05 11:41:22,Tue,11,RPAC TWD Gym Courts 1-2,50,241,20.7
2026-05-05 11:41:22,Tue,11,RPAC TWD Gym Courts 3 - 4,100,241,41.5
2026-05-05 11:41:22,Tue,11,RPAC Upper Gym Courts 1 - 2,8,241,3.3
2026-05-05 11:41:22,Tue,11,RPAC Upper Gym Courts 3 - 4 ,11,241,4.6
2026-05-05 11:41:22,Tue,11,RPAC Weight Floor,60,125,48.0
2026-05-05 12:18:50,Tue,12,RPAC 1st Floor Fitness Balcony,17,55,30.9
2026-05-05 12:18:50,Tue,12,RPAC 2nd Floor Cardio Loft,3,37,8.1
2026-05-05 12:18:50,Tue,12,RPAC Aquatic Center - Class Pool,1,32,3.1
2026-05-05 12:18:50,Tue,12,RPAC Aquatic Center - Comp Pool,0,25,0.0
2026-05-05 12:18:50,Tue,12,RPAC Aquatic Center - Hot Tub,0,15,0.0
2026-05-05 12:18:50,Tue,12,RPAC Aquatic Center - Lap Pool,3,24,12.5
2026-05-05 12:18:50,Tue,12,RPAC Aquatic Center - Leisure Pool,0,40,0.0
2026-05-05 12:18:50,Tue,12,RPAC Cardio Canyon,20,68,29.4
2026-05-05 12:18:50,Tue,12,RPAC North Gym,6,230,2.6
2026-05-05 12:18:50,Tue,12,RPAC South Gym,0,230,0.0
2026-05-05 12:18:50,Tue,12,RPAC TWD Gym Courts 1-2,50,241,20.7
2026-05-05 12:18:50,Tue,12,RPAC TWD Gym Courts 3 - 4,100,241,41.5
2026-05-05 12:18:50,Tue,12,RPAC Upper Gym Courts 1 - 2,8,241,3.3
2026-05-05 12:18:50,Tue,12,RPAC Upper Gym Courts 3 - 4 ,11,241,4.6
2026-05-05 12:18:50,Tue,12,RPAC Weight Floor,60,125,48.0
2026-05-05 13:03:58,Tue,13,RPAC 1st Floor Fitness Balcony,17,55,30.9
2026-05-05 13:03:58,Tue,13,RPAC 2nd Floor Cardio Loft,3,37,8.1
2026-05-05 13:03:58,Tue,13,RPAC Aquatic Center - Class Pool,1,32,3.1
2026-05-05 13:03:58,Tue,13,RPAC Aquatic Center - Comp Pool,0,25,0.0
2026-05-05 13:03:58,Tue,13,RPAC Aquatic Center - Hot Tub,0,15,0.0
2026-05-05 13:03:58,Tue,13,RPAC Aquatic Center - Lap Pool,1,24,4.2
2026-05-05 13:03:58,Tue,13,RPAC Aquatic Center - Leisure Pool,0,40,0.0
2026-05-05 13:03:58,Tue,13,RPAC Cardio Canyon,20,68,29.4
2026-05-05 13:03:58,Tue,13,RPAC North Gym,6,230,2.6
2026-05-05 13:03:58,Tue,13,RPAC South Gym,0,230,0.0
2026-05-05 13:03:58,Tue,13,RPAC TWD Gym Courts 1-2,50,241,20.7
2026-05-05 13:03:58,Tue,13,RPAC TWD Gym Courts 3 - 4,100,241,41.5
2026-05-05 13:03:58,Tue,13,RPAC Upper Gym Courts 1 - 2,8,241,3.3
2026-05-05 13:03:58,Tue,13,RPAC Upper Gym Courts 3 - 4 ,11,241,4.6
2026-05-05 13:03:58,Tue,13,RPAC Weight Floor,60,125,48.0
2026-05-05 13:48:50,Tue,13,RPAC 1st Floor Fitness Balcony,17,55,30.9
2026-05-05 13:48:50,Tue,13,RPAC 2nd Floor Cardio Loft,3,37,8.1
2026-05-05 13:48:50,Tue,13,RPAC Aquatic Center - Class Pool,3,32,9.4
2026-05-05 13:48:50,Tue,13,RPAC Aquatic Center - Comp Pool,0,25,0.0
2026-05-05 13:48:50,Tue,13,RPAC Aquatic Center - Hot Tub,0,15,0.0
2026-05-05 13:48:50,Tue,13,RPAC Aquatic Center - Lap Pool,0,24,0.0
2026-05-05 13:48:50,Tue,13,RPAC Aquatic Center - Leisure Pool,0,40,0.0
2026-05-05 13:48:50,Tue,13,RPAC Cardio Canyon,20,68,29.4
2026-05-05 13:48:50,Tue,13,RPAC North Gym,6,230,2.6
2026-05-05 13:48:50,Tue,13,RPAC South Gym,0,230,0.0
2026-05-05 13:48:50,Tue,13,RPAC TWD Gym Courts 1-2,50,241,20.7
2026-05-05 13:48:50,Tue,13,RPAC TWD Gym Courts 3 - 4,100,241,41.5
2026-05-05 13:48:50,Tue,13,RPAC Upper Gym Courts 1 - 2,8,241,3.3
2026-05-05 13:48:50,Tue,13,RPAC Upper Gym Courts 3 - 4 ,11,241,4.6
2026-05-05 13:48:50,Tue,13,RPAC Weight Floor,60,125,48.0
2026-05-05 15:11:58,Tue,15,RPAC 1st Floor Fitness Balcony,17,55,30.9
2026-05-05 15:11:58,Tue,15,RPAC 2nd Floor Cardio Loft,3,37,8.1
2026-05-05 15:11:58,Tue,15,RPAC Aquatic Center - Class Pool,3,32,9.4
2026-05-05 15:11:58,Tue,15,RPAC Aquatic Center - Comp Pool,0,25,0.0
2026-05-05 15:11:58,Tue,15,RPAC Aquatic Center - Hot Tub,0,15,0.0
2026-05-05 15:11:58,Tue,15,RPAC Aquatic Center - Lap Pool,2,24,8.3
2026-05-05 15:11:58,Tue,15,RPAC Aquatic Center - Leisure Pool,0,40,0.0
2026-05-05 15:11:58,Tue,15,RPAC Cardio Canyon,20,68,29.4
2026-05-05 15:11:58,Tue,15,RPAC North Gym,6,230,2.6
2026-05-05 15:11:58,Tue,15,RPAC South Gym,0,230,0.0
2026-05-05 15:11:58,Tue,15,RPAC TWD Gym Courts 1-2,50,241,20.7
2026-05-05 15:11:58,Tue,15,RPAC TWD Gym Courts 3 - 4,100,241,41.5
2026-05-05 15:11:58,Tue,15,RPAC Upper Gym Courts 1 - 2,8,241,3.3
2026-05-05 15:11:58,Tue,15,RPAC Upper Gym Courts 3 - 4 ,11,241,4.6
2026-05-05 15:11:58,Tue,15,RPAC Weight Floor,60,125,48.0
2026-05-05 15:51:44,Tue,15,RPAC 1st Floor Fitness Balcony,17,55,30.9
2026-05-05 15:51:44,Tue,15,RPAC 2nd Floor Cardio Loft,3,37,8.1
2026-05-05 15:51:44,Tue,15,RPAC Aquatic Center - Class Pool,2,32,6.2
2026-05-05 15:51:44,Tue,15,RPAC Aquatic Center - Comp Pool,0,25,0.0
2026-05-05 15:51:44,Tue,15,RPAC Aquatic Center - Hot Tub,2,15,13.3
2026-05-05 15:51:44,Tue,15,RPAC Aquatic Center - Lap Pool,3,24,12.5
2026-05-05 15:51:44,Tue,15,RPAC Aquatic Center - Leisure Pool,0,40,0.0
2026-05-05 15:51:44,Tue,15,RPAC Cardio Canyon,20,68,29.4
2026-05-05 15:51:44,Tue,15,RPAC North Gym,6,230,2.6
2026-05-05 15:51:44,Tue,15,RPAC South Gym,0,230,0.0
2026-05-05 15:51:44,Tue,15,RPAC TWD Gym Courts 1-2,50,241,20.7
2026-05-05 15:51:44,Tue,15,RPAC TWD Gym Courts 3 - 4,100,241,41.5
2026-05-05 15:51:44,Tue,15,RPAC Upper Gym Courts 1 - 2,8,241,3.3
2026-05-05 15:51:44,Tue,15,RPAC Upper Gym Courts 3 - 4 ,11,241,4.6
2026-05-05 15:51:44,Tue,15,RPAC Weight Floor,60,125,48.0
2026-05-05 16:29:45,Tue,16,RPAC 1st Floor Fitness Balcony,17,55,30.9
2026-05-05 16:29:45,Tue,16,RPAC 2nd Floor Cardio Loft,3,37,8.1
2026-05-05 16:29:45,Tue,16,RPAC Aquatic Center - Class Pool,6,32,18.8
2026-05-05 16:29:45,Tue,16,RPAC Aquatic Center - Comp Pool,0,25,0.0
2026-05-05 16:29:45,Tue,16,RPAC Aquatic Center - Hot Tub,0,15,0.0
2026-05-05 16:29:45,Tue,16,RPAC Aquatic Center - Lap Pool,0,24,0.0
2026-05-05 16:29:45,Tue,16,RPAC Aquatic Center - Leisure Pool,0,40,0.0
2026-05-05 16:29:45,Tue,16,RPAC Cardio Canyon,20,68,29.4
2026-05-05 16:29:45,Tue,16,RPAC North Gym,6,230,2.6
2026-05-05 16:29:45,Tue,16,RPAC South Gym,0,230,0.0
2026-05-05 16:29:45,Tue,16,RPAC TWD Gym Courts 1-2,50,241,20.7
2026-05-05 16:29:45,Tue,16,RPAC TWD Gym Courts 3 - 4,100,241,41.5
2026-05-05 16:29:45,Tue,16,RPAC Upper Gym Courts 1 - 2,8,241,3.3
2026-05-05 16:29:45,Tue,16,RPAC Upper Gym Courts 3 - 4 ,11,241,4.6
2026-05-05 16:29:45,Tue,16,RPAC Weight Floor,60,125,48.0
2026-05-05 16:56:33,Tue,16,RPAC 1st Floor Fitness Balcony,17,55,30.9
2026-05-05 16:56:33,Tue,16,RPAC 2nd Floor Cardio Loft,3,37,8.1
2026-05-05 16:56:33,Tue,16,RPAC Aquatic Center - Class Pool,15,32,46.9
2026-05-05 16:56:33,Tue,16,RPAC Aquatic Center - Comp Pool,0,25,0.0
2026-05-05 16:56:33,Tue,16,RPAC Aquatic Center - Hot Tub,0,15,0.0
2026-05-05 16:56:33,Tue,16,RPAC Aquatic Center - Lap Pool,0,24,0.0
2026-05-05 16:56:33,Tue,16,RPAC Aquatic Center - Leisure Pool,0,40,0.0
2026-05-05 16:56:33,Tue,16,RPAC Cardio Canyon,20,68,29.4
2026-05-05 16:56:33,Tue,16,RPAC North Gym,6,230,2.6
2026-05-05 16:56:33,Tue,16,RPAC South Gym,0,230,0.0
2026-05-05 16:56:33,Tue,16,RPAC TWD Gym Courts 1-2,50,241,20.7
2026-05-05 16:56:33,Tue,16,RPAC TWD Gym Courts 3 - 4,100,241,41.5
2026-05-05 16:56:33,Tue,16,RPAC Upper Gym Courts 1 - 2,8,241,3.3
2026-05-05 16:56:33,Tue,16,RPAC Upper Gym Courts 3 - 4 ,11,241,4.6
2026-05-05 16:56:33,Tue,16,RPAC Weight Floor,60,125,48.0
2026-05-05 17:29:37,Tue,17,RPAC 1st Floor Fitness Balcony,17,55,30.9
2026-05-05 17:29:37,Tue,17,RPAC 2nd Floor Cardio Loft,3,37,8.1
2026-05-05 17:29:37,Tue,17,RPAC Aquatic Center - Class Pool,13,32,40.6
2026-05-05 17:29:37,Tue,17,RPAC Aquatic Center - Comp Pool,0,25,0.0
2026-05-05 17:29:37,Tue,17,RPAC Aquatic Center - Hot Tub,5,15,33.3
2026-05-05 17:29:37,Tue,17,RPAC Aquatic Center - Lap Pool,0,24,0.0
2026-05-05 17:29:37,Tue,17,RPAC Aquatic Center - Leisure Pool,0,40,0.0
2026-05-05 17:29:37,Tue,17,RPAC Cardio Canyon,20,68,29.4
2026-05-05 17:29:37,Tue,17,RPAC North Gym,6,230,2.6
2026-05-05 17:29:37,Tue,17,RPAC South Gym,0,230,0.0
2026-05-05 17:29:37,Tue,17,RPAC TWD Gym Courts 1-2,50,241,20.7
2026-05-05 17:29:37,Tue,17,RPAC TWD Gym Courts 3 - 4,100,241,41.5
2026-05-05 17:29:37,Tue,17,RPAC Upper Gym Courts 1 - 2,8,241,3.3
2026-05-05 17:29:37,Tue,17,RPAC Upper Gym Courts 3 - 4 ,11,241,4.6
2026-05-05 17:29:37,Tue,17,RPAC Weight Floor,60,125,48.0
2026-05-05 17:55:57,Tue,17,RPAC 1st Floor Fitness Balcony,17,55,30.9
2026-05-05 17:55:57,Tue,17,RPAC 2nd Floor Cardio Loft,3,37,8.1
2026-05-05 17:55:57,Tue,17,RPAC Aquatic Center - Class Pool,15,32,46.9
2026-05-05 17:55:57,Tue,17,RPAC Aquatic Center - Comp Pool,0,25,0.0
2026-05-05 17:55:57,Tue,17,RPAC Aquatic Center - Hot Tub,7,15,46.7
2026-05-05 17:55:57,Tue,17,RPAC Aquatic Center - Lap Pool,0,24,0.0
2026-05-05 17:55:57,Tue,17,RPAC Aquatic Center - Leisure Pool,0,40,0.0
2026-05-05 17:55:57,Tue,17,RPAC Cardio Canyon,20,68,29.4
2026-05-05 17:55:57,Tue,17,RPAC North Gym,6,230,2.6
2026-05-05 17:55:57,Tue,17,RPAC South Gym,0,230,0.0
2026-05-05 17:55:57,Tue,17,RPAC TWD Gym Courts 1-2,50,241,20.7
2026-05-05 17:55:57,Tue,17,RPAC TWD Gym Courts 3 - 4,100,241,41.5
2026-05-05 17:55:57,Tue,17,RPAC Upper Gym Courts 1 - 2,8,241,3.3
2026-05-05 17:55:57,Tue,17,RPAC Upper Gym Courts 3 - 4 ,11,241,4.6
2026-05-05 17:55:57,Tue,17,RPAC Weight Floor,60,125,48.0
2026-05-05 18:26:31,Tue,18,RPAC 1st Floor Fitness Balcony,17,55,30.9
2026-05-05 18:26:31,Tue,18,RPAC 2nd Floor Cardio Loft,3,37,8.1
2026-05-05 18:26:31,Tue,18,RPAC Aquatic Center - Class Pool,22,32,68.8
2026-05-05 18:26:31,Tue,18,RPAC Aquatic Center - Comp Pool,0,25,0.0
2026-05-05 18:26:31,Tue,18,RPAC Aquatic Center - Hot Tub,10,15,66.7
2026-05-05 18:26:31,Tue,18,RPAC Aquatic Center - Lap Pool,0,24,0.0
2026-05-05 18:26:31,Tue,18,RPAC Aquatic Center - Leisure Pool,0,40,0.0
2026-05-05 18:26:31,Tue,18,RPAC Cardio Canyon,20,68,29.4
2026-05-05 18:26:31,Tue,18,RPAC North Gym,6,230,2.6
2026-05-05 18:26:31,Tue,18,RPAC South Gym,0,230,0.0
2026-05-05 18:26:31,Tue,18,RPAC TWD Gym Courts 1-2,50,241,20.7
2026-05-05 18:26:31,Tue,18,RPAC TWD Gym Courts 3 - 4,100,241,41.5
2026-05-05 18:26:31,Tue,18,RPAC Upper Gym Courts 1 - 2,8,241,3.3
2026-05-05 18:26:31,Tue,18,RPAC Upper Gym Courts 3 - 4 ,11,241,4.6
2026-05-05 18:26:31,Tue,18,RPAC Weight Floor,60,125,48.0
2026-05-05 18:51:12,Tue,18,RPAC 1st Floor Fitness Balcony,17,55,30.9
2026-05-05 18:51:12,Tue,18,RPAC 2nd Floor Cardio Loft,3,37,8.1
2026-05-05 18:51:12,Tue,18,RPAC Aquatic Center - Class Pool,22,32,68.8
2026-05-05 18:51:12,Tue,18,RPAC Aquatic Center - Comp Pool,0,25,0.0
2026-05-05 18:51:12,Tue,18,RPAC Aquatic Center - Hot Tub,10,15,66.7
2026-05-05 18:51:12,Tue,18,RPAC Aquatic Center - Lap Pool,0,24,0.0
2026-05-05 18:51:12,Tue,18,RPAC Aquatic Center - Leisure Pool,0,40,0.0
2026-05-05 18:51:12,Tue,18,RPAC Cardio Canyon,20,68,29.4
2026-05-05 18:51:12,Tue,18,RPAC North Gym,6,230,2.6
2026-05-05 18:51:12,Tue,18,RPAC South Gym,0,230,0.0
2026-05-05 18:51:12,Tue,18,RPAC TWD Gym Courts 1-2,50,241,20.7
2026-05-05 18:51:12,Tue,18,RPAC TWD Gym Courts 3 - 4,100,241,41.5
2026-05-05 18:51:12,Tue,18,RPAC Upper Gym Courts 1 - 2,8,241,3.3
2026-05-05 18:51:12,Tue,18,RPAC Upper Gym Courts 3 - 4 ,11,241,4.6
2026-05-05 18:51:12,Tue,18,RPAC Weight Floor,60,125,48.0
2026-05-05 19:22:31,Tue,19,RPAC 1st Floor Fitness Balcony,17,55,30.9
2026-05-05 19:22:31,Tue,19,RPAC 2nd Floor Cardio Loft,3,37,8.1
2026-05-05 19:22:31,Tue,19,RPAC Aquatic Center - Class Pool,0,32,0.0
2026-05-05 19:22:31,Tue,19,RPAC Aquatic Center - Comp Pool,0,25,0.0
2026-05-05 19:22:31,Tue,19,RPAC Aquatic Center - Hot Tub,0,15,0.0
2026-05-05 19:22:31,Tue,19,RPAC Aquatic Center - Lap Pool,0,24,0.0
2026-05-05 19:22:31,Tue,19,RPAC Aquatic Center - Leisure Pool,0,40,0.0
2026-05-05 19:22:31,Tue,19,RPAC Cardio Canyon,20,68,29.4
2026-05-05 19:22:31,Tue,19,RPAC North Gym,6,230,2.6
2026-05-05 19:22:31,Tue,19,RPAC South Gym,0,230,0.0
2026-05-05 19:22:31,Tue,19,RPAC TWD Gym Courts 1-2,50,241,20.7
2026-05-05 19:22:31,Tue,19,RPAC TWD Gym Courts 3 - 4,100,241,41.5
2026-05-05 19:22:31,Tue,19,RPAC Upper Gym Courts 1 - 2,8,241,3.3
2026-05-05 19:22:31,Tue,19,RPAC Upper Gym Courts 3 - 4 ,11,241,4.6
2026-05-05 19:22:31,Tue,19,RPAC Weight Floor,60,125,48.0
2026-05-05 19:48:15,Tue,19,RPAC 1st Floor Fitness Balcony,17,55,30.9
2026-05-05 19:48:15,Tue,19,RPAC 2nd Floor Cardio Loft,3,37,8.1
2026-05-05 19:48:15,Tue,19,RPAC Aquatic Center - Class Pool,0,32,0.0
2026-05-05 19:48:15,Tue,19,RPAC Aquatic Center - Comp Pool,0,25,0.0
2026-05-05 19:48:15,Tue,19,RPAC Aquatic Center - Hot Tub,0,15,0.0
2026-05-05 19:48:15,Tue,19,RPAC Aquatic Center - Lap Pool,0,24,0.0
2026-05-05 19:48:15,Tue,19,RPAC Aquatic Center - Leisure Pool,0,40,0.0
2026-05-05 19:48:15,Tue,19,RPAC Cardio Canyon,20,68,29.4
2026-05-05 19:48:15,Tue,19,RPAC North Gym,6,230,2.6
2026-05-05 19:48:15,Tue,19,RPAC South Gym,0,230,0.0
2026-05-05 19:48:15,Tue,19,RPAC TWD Gym Courts 1-2,50,241,20.7
2026-05-05 19:48:15,Tue,19,RPAC TWD Gym Courts 3 - 4,100,241,41.5
2026-05-05 19:48:15,Tue,19,RPAC Upper Gym Courts 1 - 2,8,241,3.3
2026-05-05 19:48:15,Tue,19,RPAC Upper Gym Courts 3 - 4 ,11,241,4.6
2026-05-05 19:48:15,Tue,19,RPAC Weight Floor,60,125,48.0
2026-05-05 20:47:13,Tue,20,RPAC 1st Floor Fitness Balcony,17,55,30.9
2026-05-05 20:47:13,Tue,20,RPAC 2nd Floor Cardio Loft,3,37,8.1
2026-05-05 20:47:13,Tue,20,RPAC Aquatic Center - Class Pool,0,32,0.0
2026-05-05 20:47:13,Tue,20,RPAC Aquatic Center - Comp Pool,0,25,0.0
2026-05-05 20:47:13,Tue,20,RPAC Aquatic Center - Hot Tub,0,15,0.0
2026-05-05 20:47:13,Tue,20,RPAC Aquatic Center - Lap Pool,0,24,0.0
2026-05-05 20:47:13,Tue,20,RPAC Aquatic Center - Leisure Pool,0,40,0.0
2026-05-05 20:47:13,Tue,20,RPAC Cardio Canyon,20,68,29.4
2026-05-05 20:47:13,Tue,20,RPAC North Gym,6,230,2.6
2026-05-05 20:47:13,Tue,20,RPAC South Gym,0,230,0.0
2026-05-05 20:47:13,Tue,20,RPAC TWD Gym Courts 1-2,50,241,20.7
2026-05-05 20:47:13,Tue,20,RPAC TWD Gym Courts 3 - 4,100,241,41.5
2026-05-05 20:47:13,Tue,20,RPAC Upper Gym Courts 1 - 2,8,241,3.3
2026-05-05 20:47:13,Tue,20,RPAC Upper Gym Courts 3 - 4 ,11,241,4.6
2026-05-05 20:47:13,Tue,20,RPAC Weight Floor,60,125,48.0
2026-05-05 21:39:48,Tue,21,RPAC 1st Floor Fitness Balcony,17,55,30.9
2026-05-05 21:39:48,Tue,21,RPAC 2nd Floor Cardio Loft,3,37,8.1
2026-05-05 21:39:48,Tue,21,RPAC Aquatic Center - Class Pool,0,32,0.0
2026-05-05 21:39:48,Tue,21,RPAC Aquatic Center - Comp Pool,0,25,0.0
2026-05-05 21:39:48,Tue,21,RPAC Aquatic Center - Hot Tub,0,15,0.0
2026-05-05 21:39:48,Tue,21,RPAC Aquatic Center - Lap Pool,0,24,0.0
2026-05-05 21:39:48,Tue,21,RPAC Aquatic Center - Leisure Pool,0,40,0.0
2026-05-05 21:39:48,Tue,21,RPAC Cardio Canyon,20,68,29.4
2026-05-05 21:39:48,Tue,21,RPAC North Gym,6,230,2.6
2026-05-05 21:39:48,Tue,21,RPAC South Gym,0,230,0.0
2026-05-05 21:39:48,Tue,21,RPAC TWD Gym Courts 1-2,50,241,20.7
2026-05-05 21:39:48,Tue,21,RPAC TWD Gym Courts 3 - 4,100,241,41.5
2026-05-05 21:39:48,Tue,21,RPAC Upper Gym Courts 1 - 2,8,241,3.3
2026-05-05 21:39:48,Tue,21,RPAC Upper Gym Courts 3 - 4 ,11,241,4.6
2026-05-05 21:39:48,Tue,21,RPAC Weight Floor,60,125,48.0
2026-05-05 22:40:57,Tue,22,RPAC 1st Floor Fitness Balcony,17,55,30.9
2026-05-05 22:40:57,Tue,22,RPAC 2nd Floor Cardio Loft,3,37,8.1
2026-05-05 22:40:57,Tue,22,RPAC Aquatic Center - Class Pool,0,32,0.0
2026-05-05 22:40:57,Tue,22,RPAC Aquatic Center - Comp Pool,0,25,0.0
2026-05-05 22:40:57,Tue,22,RPAC Aquatic Center - Hot Tub,0,15,0.0
2026-05-05 22:40:57,Tue,22,RPAC Aquatic Center - Lap Pool,0,24,0.0
2026-05-05 22:40:57,Tue,22,RPAC Aquatic Center - Leisure Pool,0,40,0.0
2026-05-05 22:40:57,Tue,22,RPAC Cardio Canyon,20,68,29.4
2026-05-05 22:40:57,Tue,22,RPAC North Gym,6,230,2.6
2026-05-05 22:40:57,Tue,22,RPAC South Gym,0,230,0.0
2026-05-05 22:40:57,Tue,22,RPAC TWD Gym Courts 1-2,50,241,20.7
2026-05-05 22:40:57,Tue,22,RPAC TWD Gym Courts 3 - 4,100,241,41.5
2026-05-05 22:40:57,Tue,22,RPAC Upper Gym Courts 1 - 2,8,241,3.3
2026-05-05 22:40:57,Tue,22,RPAC Upper Gym Courts 3 - 4 ,11,241,4.6
2026-05-05 22:40:57,Tue,22,RPAC Weight Floor,60,125,48.0
2026-05-06 00:04:42,Wed,0,RPAC 1st Floor Fitness Balcony,17,55,30.9
2026-05-06 00:04:42,Wed,0,RPAC 2nd Floor Cardio Loft,3,37,8.1
2026-05-06 00:04:42,Wed,0,RPAC Aquatic Center - Class Pool,0,32,0.0
2026-05-06 00:04:42,Wed,0,RPAC Aquatic Center - Comp Pool,0,25,0.0
2026-05-06 00:04:42,Wed,0,RPAC Aquatic Center - Hot Tub,0,15,0.0
2026-05-06 00:04:42,Wed,0,RPAC Aquatic Center - Lap Pool,0,24,0.0
2026-05-06 00:04:42,Wed,0,RPAC Aquatic Center - Leisure Pool,0,40,0.0
2026-05-06 00:04:42,Wed,0,RPAC Cardio Canyon,20,68,29.4
2026-05-06 00:04:42,Wed,0,RPAC North Gym,6,230,2.6
2026-05-06 00:04:42,Wed,0,RPAC South Gym,0,230,0.0
2026-05-06 00:04:42,Wed,0,RPAC TWD Gym Courts 1-2,50,241,20.7
2026-05-06 00:04:42,Wed,0,RPAC TWD Gym Courts 3 - 4,100,241,41.5
2026-05-06 00:04:42,Wed,0,RPAC Upper Gym Courts 1 - 2,8,241,3.3
2026-05-06 00:04:42,Wed,0,RPAC Upper Gym Courts 3 - 4 ,11,241,4.6
2026-05-06 00:04:42,Wed,0,RPAC Weight Floor,60,125,48.0
2026-05-06 01:26:24,Wed,1,RPAC 1st Floor Fitness Balcony,17,55,30.9
2026-05-06 01:26:24,Wed,1,RPAC 2nd Floor Cardio Loft,3,37,8.1
2026-05-06 01:26:24,Wed,1,RPAC Aquatic Center - Class Pool,0,32,0.0
2026-05-06 01:26:24,Wed,1,RPAC Aquatic Center - Comp Pool,0,25,0.0
2026-05-06 01:26:24,Wed,1,RPAC Aquatic Center - Hot Tub,0,15,0.0
2026-05-06 01:26:24,Wed,1,RPAC Aquatic Center - Lap Pool,0,24,0.0
2026-05-06 01:26:24,Wed,1,RPAC Aquatic Center - Leisure Pool,0,40,0.0
2026-05-06 01:26:24,Wed,1,RPAC Cardio Canyon,20,68,29.4
2026-05-06 01:26:24,Wed,1,RPAC North Gym,6,230,2.6
2026-05-06 01:26:24,Wed,1,RPAC South Gym,0,230,0.0
2026-05-06 01:26:24,Wed,1,RPAC TWD Gym Courts 1-2,50,241,20.7
2026-05-06 01:26:24,Wed,1,RPAC TWD Gym Courts 3 - 4,100,241,41.5
2026-05-06 01:26:24,Wed,1,RPAC Upper Gym Courts 1 - 2,8,241,3.3
2026-05-06 01:26:24,Wed,1,RPAC Upper Gym Courts 3 - 4 ,11,241,4.6
2026-05-06 01:26:24,Wed,1,RPAC Weight Floor,60,125,48.0
2026-05-06 02:22:39,Wed,2,RPAC 1st Floor Fitness Balcony,17,55,30.9
2026-05-06 02:22:39,Wed,2,RPAC 2nd Floor Cardio Loft,3,37,8.1
2026-05-06 02:22:39,Wed,2,RPAC Aquatic Center - Class Pool,0,32,0.0
2026-05-06 02:22:39,Wed,2,RPAC Aquatic Center - Comp Pool,0,25,0.0
2026-05-06 02:22:39,Wed,2,RPAC Aquatic Center - Hot Tub,0,15,0.0
2026-05-06 02:22:39,Wed,2,RPAC Aquatic Center - Lap Pool,0,24,0.0
2026-05-06 02:22:39,Wed,2,RPAC Aquatic Center - Leisure Pool,0,40,0.0
2026-05-06 02:22:39,Wed,2,RPAC Cardio Canyon,20,68,29.4
2026-05-06 02:22:39,Wed,2,RPAC North Gym,6,230,2.6
2026-05-06 02:22:39,Wed,2,RPAC South Gym,0,230,0.0
2026-05-06 02:22:39,Wed,2,RPAC TWD Gym Courts 1-2,50,241,20.7
2026-05-06 02:22:39,Wed,2,RPAC TWD Gym Courts 3 - 4,100,241,41.5
2026-05-06 02:22:39,Wed,2,RPAC Upper Gym Courts 1 - 2,8,241,3.3
2026-05-06 02:22:39,Wed,2,RPAC Upper Gym Courts 3 - 4 ,11,241,4.6
2026-05-06 02:22:39,Wed,2,RPAC Weight Floor,60,125,48.0
2026-05-06 03:24:48,Wed,3,RPAC 1st Floor Fitness Balcony,17,55,30.9
2026-05-06 03:24:48,Wed,3,RPAC 2nd Floor Cardio Loft,3,37,8.1
2026-05-06 03:24:48,Wed,3,RPAC Aquatic Center - Class Pool,0,32,0.0
2026-05-06 03:24:48,Wed,3,RPAC Aquatic Center - Comp Pool,0,25,0.0
2026-05-06 03:24:48,Wed,3,RPAC Aquatic Center - Hot Tub,0,15,0.0
2026-05-06 03:24:48,Wed,3,RPAC Aquatic Center - Lap Pool,0,24,0.0
2026-05-06 03:24:48,Wed,3,RPAC Aquatic Center - Leisure Pool,0,40,0.0
2026-05-06 03:24:48,Wed,3,RPAC Cardio Canyon,20,68,29.4
2026-05-06 03:24:48,Wed,3,RPAC North Gym,6,230,2.6
2026-05-06 03:24:48,Wed,3,RPAC South Gym,0,230,0.0
2026-05-06 03:24:48,Wed,3,RPAC TWD Gym Courts 1-2,50,241,20.7
2026-05-06 03:24:48,Wed,3,RPAC TWD Gym Courts 3 - 4,100,241,41.5
2026-05-06 03:24:48,Wed,3,RPAC Upper Gym Courts 1 - 2,8,241,3.3
2026-05-06 03:24:48,Wed,3,RPAC Upper Gym Courts 3 - 4 ,11,241,4.6
2026-05-06 03:24:48,Wed,3,RPAC Weight Floor,60,125,48.0
2026-05-06 05:19:34,Wed,5,RPAC 1st Floor Fitness Balcony,17,55,30.9
2026-05-06 05:19:34,Wed,5,RPAC 2nd Floor Cardio Loft,3,37,8.1
2026-05-06 05:19:34,Wed,5,RPAC Aquatic Center - Class Pool,0,32,0.0
2026-05-06 05:19:34,Wed,5,RPAC Aquatic Center - Comp Pool,0,25,0.0
2026-05-06 05:19:34,Wed,5,RPAC Aquatic Center - Hot Tub,0,15,0.0
2026-05-06 05:19:34,Wed,5,RPAC Aquatic Center - Lap Pool,0,24,0.0
2026-05-06 05:19:34,Wed,5,RPAC Aquatic Center - Leisure Pool,0,40,0.0
2026-05-06 05:19:34,Wed,5,RPAC Cardio Canyon,20,68,29.4
2026-05-06 05:19:34,Wed,5,RPAC North Gym,6,230,2.6
2026-05-06 05:19:34,Wed,5,RPAC South Gym,0,230,0.0
2026-05-06 05:19:34,Wed,5,RPAC TWD Gym Courts 1-2,50,241,20.7
2026-05-06 05:19:34,Wed,5,RPAC TWD Gym Courts 3 - 4,100,241,41.5
2026-05-06 05:19:34,Wed,5,RPAC Upper Gym Courts 1 - 2,8,241,3.3
2026-05-06 05:19:34,Wed,5,RPAC Upper Gym Courts 3 - 4 ,11,241,4.6
2026-05-06 05:19:34,Wed,5,RPAC Weight Floor,60,125,48.0
2026-05-06 06:18:20,Wed,6,RPAC 1st Floor Fitness Balcony,17,55,30.9
2026-05-06 06:18:20,Wed,6,RPAC 2nd Floor Cardio Loft,3,37,8.1
2026-05-06 06:18:20,Wed,6,RPAC Aquatic Center - Class Pool,6,32,18.8
2026-05-06 06:18:20,Wed,6,RPAC Aquatic Center - Comp Pool,0,25,0.0
2026-05-06 06:18:20,Wed,6,RPAC Aquatic Center - Hot Tub,0,15,0.0
2026-05-06 06:18:20,Wed,6,RPAC Aquatic Center - Lap Pool,4,24,16.7
2026-05-06 06:18:20,Wed,6,RPAC Aquatic Center - Leisure Pool,0,40,0.0
2026-05-06 06:18:20,Wed,6,RPAC Cardio Canyon,20,68,29.4
2026-05-06 06:18:20,Wed,6,RPAC North Gym,6,230,2.6
2026-05-06 06:18:20,Wed,6,RPAC South Gym,0,230,0.0
2026-05-06 06:18:20,Wed,6,RPAC TWD Gym Courts 1-2,50,241,20.7
2026-05-06 06:18:20,Wed,6,RPAC TWD Gym Courts 3 - 4,100,241,41.5
2026-05-06 06:18:20,Wed,6,RPAC Upper Gym Courts 1 - 2,8,241,3.3
2026-05-06 06:18:20,Wed,6,RPAC Upper Gym Courts 3 - 4 ,11,241,4.6
2026-05-06 06:18:20,Wed,6,RPAC Weight Floor,60,125,48.0
2026-05-06 07:14:50,Wed,7,RPAC 1st Floor Fitness Balcony,17,55,30.9
2026-05-06 07:14:50,Wed,7,RPAC 2nd Floor Cardio Loft,3,37,8.1
2026-05-06 07:14:50,Wed,7,RPAC Aquatic Center - Class Pool,4,32,12.5
2026-05-06 07:14:50,Wed,7,RPAC Aquatic Center - Comp Pool,0,25,0.0
2026-05-06 07:14:50,Wed,7,RPAC Aquatic Center - Hot Tub,2,15,13.3
2026-05-06 07:14:50,Wed,7,RPAC Aquatic Center - Lap Pool,1,24,4.2
2026-05-06 07:14:50,Wed,7,RPAC Aquatic Center - Leisure Pool,0,40,0.0
2026-05-06 07:14:50,Wed,7,RPAC Cardio Canyon,20,68,29.4
2026-05-06 07:14:50,Wed,7,RPAC North Gym,6,230,2.6
2026-05-06 07:14:50,Wed,7,RPAC South Gym,0,230,0.0
2026-05-06 07:14:50,Wed,7,RPAC TWD Gym Courts 1-2,50,241,20.7
2026-05-06 07:14:50,Wed,7,RPAC TWD Gym Courts 3 - 4,100,241,41.5
2026-05-06 07:14:50,Wed,7,RPAC Upper Gym Courts 1 - 2,8,241,3.3
2026-05-06 07:14:50,Wed,7,RPAC Upper Gym Courts 3 - 4 ,11,241,4.6
2026-05-06 07:14:50,Wed,7,RPAC Weight Floor,60,125,48.0
2026-05-06 07:59:49,Wed,7,RPAC 1st Floor Fitness Balcony,17,55,30.9
2026-05-06 07:59:49,Wed,7,RPAC 2nd Floor Cardio Loft,3,37,8.1
2026-05-06 07:59:49,Wed,7,RPAC Aquatic Center - Class Pool,1,32,3.1
2026-05-06 07:59:49,Wed,7,RPAC Aquatic Center - Comp Pool,0,25,0.0
2026-05-06 07:59:49,Wed,7,RPAC Aquatic Center - Hot Tub,0,15,0.0
2026-05-06 07:59:49,Wed,7,RPAC Aquatic Center - Lap Pool,2,24,8.3
2026-05-06 07:59:49,Wed,7,RPAC Aquatic Center - Leisure Pool,0,40,0.0
2026-05-06 07:59:49,Wed,7,RPAC Cardio Canyon,20,68,29.4
2026-05-06 07:59:49,Wed,7,RPAC North Gym,6,230,2.6
2026-05-06 07:59:49,Wed,7,RPAC South Gym,0,230,0.0
2026-05-06 07:59:49,Wed,7,RPAC TWD Gym Courts 1-2,50,241,20.7
2026-05-06 07:59:49,Wed,7,RPAC TWD Gym Courts 3 - 4,100,241,41.5
2026-05-06 07:59:49,Wed,7,RPAC Upper Gym Courts 1 - 2,8,241,3.3
2026-05-06 07:59:49,Wed,7,RPAC Upper Gym Courts 3 - 4 ,11,241,4.6
2026-05-06 07:59:49,Wed,7,RPAC Weight Floor,60,125,48.0
2026-05-06 08:53:08,Wed,8,RPAC 1st Floor Fitness Balcony,17,55,30.9
2026-05-06 08:53:08,Wed,8,RPAC 2nd Floor Cardio Loft,3,37,8.1
2026-05-06 08:53:08,Wed,8,RPAC Aquatic Center - Class Pool,2,32,6.2
2026-05-06 08:53:08,Wed,8,RPAC Aquatic Center - Comp Pool,0,25,0.0
2026-05-06 08:53:08,Wed,8,RPAC Aquatic Center - Hot Tub,1,15,6.7
2026-05-06 08:53:08,Wed,8,RPAC Aquatic Center - Lap Pool,3,24,12.5
2026-05-06 08:53:08,Wed,8,RPAC Aquatic Center - Leisure Pool,0,40,0.0
2026-05-06 08:53:08,Wed,8,RPAC Cardio Canyon,20,68,29.4
2026-05-06 08:53:08,Wed,8,RPAC North Gym,6,230,2.6
2026-05-06 08:53:08,Wed,8,RPAC South Gym,0,230,0.0
2026-05-06 08:53:08,Wed,8,RPAC TWD Gym Courts 1-2,50,241,20.7
2026-05-06 08:53:08,Wed,8,RPAC TWD Gym Courts 3 - 4,100,241,41.5
2026-05-06 08:53:08,Wed,8,RPAC Upper Gym Courts 1 - 2,8,241,3.3
2026-05-06 08:53:08,Wed,8,RPAC Upper Gym Courts 3 - 4 ,11,241,4.6
2026-05-06 08:53:08,Wed,8,RPAC Weight Floor,60,125,48.0
2026-05-06 09:40:38,Wed,9,RPAC 1st Floor Fitness Balcony,17,55,30.9
2026-05-06 09:40:38,Wed,9,RPAC 2nd Floor Cardio Loft,3,37,8.1
2026-05-06 09:40:38,Wed,9,RPAC Aquatic Center - Class Pool,2,32,6.2
2026-05-06 09:40:38,Wed,9,RPAC Aquatic Center - Comp Pool,0,25,0.0
2026-05-06 09:40:38,Wed,9,RPAC Aquatic Center - Hot Tub,3,15,20.0
2026-05-06 09:40:38,Wed,9,RPAC Aquatic Center - Lap Pool,3,24,12.5
2026-05-06 09:40:38,Wed,9,RPAC Aquatic Center - Leisure Pool,0,40,0.0
2026-05-06 09:40:38,Wed,9,RPAC Cardio Canyon,20,68,29.4
2026-05-06 09:40:38,Wed,9,RPAC North Gym,6,230,2.6
2026-05-06 09:40:38,Wed,9,RPAC South Gym,0,230,0.0
2026-05-06 09:40:38,Wed,9,RPAC TWD Gym Courts 1-2,50,241,20.7
2026-05-06 09:40:38,Wed,9,RPAC TWD Gym Courts 3 - 4,100,241,41.5
2026-05-06 09:40:38,Wed,9,RPAC Upper Gym Courts 1 - 2,8,241,3.3
2026-05-06 09:40:38,Wed,9,RPAC Upper Gym Courts 3 - 4 ,11,241,4.6
2026-05-06 09:40:38,Wed,9,RPAC Weight Floor,60,125,48.0
2026-05-06 10:39:31,Wed,10,RPAC 1st Floor Fitness Balcony,17,55,30.9
2026-05-06 10:39:31,Wed,10,RPAC 2nd Floor Cardio Loft,3,37,8.1
2026-05-06 10:39:31,Wed,10,RPAC Aquatic Center - Class Pool,2,32,6.2
2026-05-06 10:39:31,Wed,10,RPAC Aquatic Center - Comp Pool,0,25,0.0
2026-05-06 10:39:31,Wed,10,RPAC Aquatic Center - Hot Tub,1,15,6.7
2026-05-06 10:39:31,Wed,10,RPAC Aquatic Center - Lap Pool,3,24,12.5
2026-05-06 10:39:31,Wed,10,RPAC Aquatic Center - Leisure Pool,0,40,0.0
2026-05-06 10:39:31,Wed,10,RPAC Cardio Canyon,20,68,29.4
2026-05-06 10:39:31,Wed,10,RPAC North Gym,6,230,2.6
2026-05-06 10:39:31,Wed,10,RPAC South Gym,0,230,0.0
2026-05-06 10:39:31,Wed,10,RPAC TWD Gym Courts 1-2,50,241,20.7
2026-05-06 10:39:31,Wed,10,RPAC TWD Gym Courts 3 - 4,100,241,41.5
2026-05-06 10:39:31,Wed,10,RPAC Upper Gym Courts 1 - 2,8,241,3.3
2026-05-06 10:39:31,Wed,10,RPAC Upper Gym Courts 3 - 4 ,11,241,4.6
2026-05-06 10:39:31,Wed,10,RPAC Weight Floor,60,125,48.0
2026-05-06 11:33:59,Wed,11,RPAC 1st Floor Fitness Balcony,17,55,30.9
2026-05-06 11:33:59,Wed,11,RPAC 2nd Floor Cardio Loft,3,37,8.1
2026-05-06 11:33:59,Wed,11,RPAC Aquatic Center - Class Pool,1,32,3.1
2026-05-06 11:33:59,Wed,11,RPAC Aquatic Center - Comp Pool,0,25,0.0
2026-05-06 11:33:59,Wed,11,RPAC Aquatic Center - Hot Tub,0,15,0.0
2026-05-06 11:33:59,Wed,11,RPAC Aquatic Center - Lap Pool,2,24,8.3
2026-05-06 11:33:59,Wed,11,RPAC Aquatic Center - Leisure Pool,0,40,0.0
2026-05-06 11:33:59,Wed,11,RPAC Cardio Canyon,20,68,29.4
2026-05-06 11:33:59,Wed,11,RPAC North Gym,6,230,2.6
2026-05-06 11:33:59,Wed,11,RPAC South Gym,0,230,0.0
2026-05-06 11:33:59,Wed,11,RPAC TWD Gym Courts 1-2,50,241,20.7
2026-05-06 11:33:59,Wed,11,RPAC TWD Gym Courts 3 - 4,100,241,41.5
2026-05-06 11:33:59,Wed,11,RPAC Upper Gym Courts 1 - 2,8,241,3.3
2026-05-06 11:33:59,Wed,11,RPAC Upper Gym Courts 3 - 4 ,11,241,4.6
2026-05-06 11:33:59,Wed,11,RPAC Weight Floor,60,125,48.0
2026-05-06 12:18:29,Wed,12,RPAC 1st Floor Fitness Balcony,17,55,30.9
2026-05-06 12:18:29,Wed,12,RPAC 2nd Floor Cardio Loft,3,37,8.1
2026-05-06 12:18:29,Wed,12,RPAC Aquatic Center - Class Pool,3,32,9.4
2026-05-06 12:18:29,Wed,12,RPAC Aquatic Center - Comp Pool,0,25,0.0
2026-05-06 12:18:29,Wed,12,RPAC Aquatic Center - Hot Tub,0,15,0.0
2026-05-06 12:18:29,Wed,12,RPAC Aquatic Center - Lap Pool,4,24,16.7
2026-05-06 12:18:29,Wed,12,RPAC Aquatic Center - Leisure Pool,0,40,0.0
2026-05-06 12:18:29,Wed,12,RPAC Cardio Canyon,20,68,29.4
2026-05-06 12:18:29,Wed,12,RPAC North Gym,6,230,2.6
2026-05-06 12:18:29,Wed,12,RPAC South Gym,0,230,0.0
2026-05-06 12:18:29,Wed,12,RPAC TWD Gym Courts 1-2,50,241,20.7
2026-05-06 12:18:29,Wed,12,RPAC TWD Gym Courts 3 - 4,100,241,41.5
2026-05-06 12:18:29,Wed,12,RPAC Upper Gym Courts 1 - 2,8,241,3.3
2026-05-06 12:18:29,Wed,12,RPAC Upper Gym Courts 3 - 4 ,11,241,4.6
2026-05-06 12:18:29,Wed,12,RPAC Weight Floor,60,125,48.0
2026-05-06 13:03:41,Wed,13,RPAC 1st Floor Fitness Balcony,17,55,30.9
2026-05-06 13:03:41,Wed,13,RPAC 2nd Floor Cardio Loft,3,37,8.1
2026-05-06 13:03:41,Wed,13,RPAC Aquatic Center - Class Pool,5,32,15.6
2026-05-06 13:03:41,Wed,13,RPAC Aquatic Center - Comp Pool,0,25,0.0
2026-05-06 13:03:41,Wed,13,RPAC Aquatic Center - Hot Tub,3,15,20.0
2026-05-06 13:03:41,Wed,13,RPAC Aquatic Center - Lap Pool,5,24,20.8
2026-05-06 13:03:41,Wed,13,RPAC Aquatic Center - Leisure Pool,0,40,0.0
2026-05-06 13:03:41,Wed,13,RPAC Cardio Canyon,20,68,29.4
2026-05-06 13:03:41,Wed,13,RPAC North Gym,6,230,2.6
2026-05-06 13:03:41,Wed,13,RPAC South Gym,0,230,0.0
2026-05-06 13:03:41,Wed,13,RPAC TWD Gym Courts 1-2,50,241,20.7
2026-05-06 13:03:41,Wed,13,RPAC TWD Gym Courts 3 - 4,100,241,41.5
2026-05-06 13:03:41,Wed,13,RPAC Upper Gym Courts 1 - 2,8,241,3.3
2026-05-06 13:03:41,Wed,13,RPAC Upper Gym Courts 3 - 4 ,11,241,4.6
2026-05-06 13:03:41,Wed,13,RPAC Weight Floor,60,125,48.0
2026-05-06 13:50:35,Wed,13,RPAC 1st Floor Fitness Balcony,17,55,30.9
2026-05-06 13:50:35,Wed,13,RPAC 2nd Floor Cardio Loft,3,37,8.1
2026-05-06 13:50:35,Wed,13,RPAC Aquatic Center - Class Pool,5,32,15.6
2026-05-06 13:50:35,Wed,13,RPAC Aquatic Center - Comp Pool,0,25,0.0
2026-05-06 13:50:35,Wed,13,RPAC Aquatic Center - Hot Tub,3,15,20.0
2026-05-06 13:50:35,Wed,13,RPAC Aquatic Center - Lap Pool,5,24,20.8
2026-05-06 13:50:35,Wed,13,RPAC Aquatic Center - Leisure Pool,0,40,0.0
2026-05-06 13:50:35,Wed,13,RPAC Cardio Canyon,20,68,29.4
2026-05-06 13:50:35,Wed,13,RPAC North Gym,6,230,2.6
2026-05-06 13:50:35,Wed,13,RPAC South Gym,0,230,0.0
2026-05-06 13:50:35,Wed,13,RPAC TWD Gym Courts 1-2,50,241,20.7
2026-05-06 13:50:35,Wed,13,RPAC TWD Gym Courts 3 - 4,100,241,41.5
2026-05-06 13:50:35,Wed,13,RPAC Upper Gym Courts 1 - 2,8,241,3.3
2026-05-06 13:50:35,Wed,13,RPAC Upper Gym Courts 3 - 4 ,11,241,4.6
2026-05-06 13:50:35,Wed,13,RPAC Weight Floor,60,125,48.0
2026-05-06 15:14:43,Wed,15,RPAC 1st Floor Fitness Balcony,17,55,30.9
2026-05-06 15:14:43,Wed,15,RPAC 2nd Floor Cardio Loft,3,37,8.1
2026-05-06 15:14:43,Wed,15,RPAC Aquatic Center - Class Pool,3,32,9.4
2026-05-06 15:14:43,Wed,15,RPAC Aquatic Center - Comp Pool,0,25,0.0
2026-05-06 15:14:43,Wed,15,RPAC Aquatic Center - Hot Tub,4,15,26.7
2026-05-06 15:14:43,Wed,15,RPAC Aquatic Center - Lap Pool,2,24,8.3
2026-05-06 15:14:43,Wed,15,RPAC Aquatic Center - Leisure Pool,0,40,0.0
2026-05-06 15:14:43,Wed,15,RPAC Cardio Canyon,20,68,29.4
2026-05-06 15:14:43,Wed,15,RPAC North Gym,6,230,2.6
2026-05-06 15:14:43,Wed,15,RPAC South Gym,0,230,0.0
2026-05-06 15:14:43,Wed,15,RPAC TWD Gym Courts 1-2,50,241,20.7
2026-05-06 15:14:43,Wed,15,RPAC TWD Gym Courts 3 - 4,100,241,41.5
2026-05-06 15:14:43,Wed,15,RPAC Upper Gym Courts 1 - 2,8,241,3.3
2026-05-06 15:14:43,Wed,15,RPAC Upper Gym Courts 3 - 4 ,11,241,4.6
2026-05-06 15:14:43,Wed,15,RPAC Weight Floor,60,125,48.0
2026-05-06 15:59:04,Wed,15,RPAC 1st Floor Fitness Balcony,17,55,30.9
2026-05-06 15:59:04,Wed,15,RPAC 2nd Floor Cardio Loft,3,37,8.1
2026-05-06 15:59:04,Wed,15,RPAC Aquatic Center - Class Pool,2,32,6.2
2026-05-06 15:59:04,Wed,15,RPAC Aquatic Center - Comp Pool,0,25,0.0
2026-05-06 15:59:04,Wed,15,RPAC Aquatic Center - Hot Tub,2,15,13.3
2026-05-06 15:59:04,Wed,15,RPAC Aquatic Center - Lap Pool,6,24,25.0
2026-05-06 15:59:04,Wed,15,RPAC Aquatic Center - Leisure Pool,0,40,0.0
2026-05-06 15:59:04,Wed,15,RPAC Cardio Canyon,20,68,29.4
2026-05-06 15:59:04,Wed,15,RPAC North Gym,6,230,2.6
2026-05-06 15:59:04,Wed,15,RPAC South Gym,0,230,0.0
2026-05-06 15:59:04,Wed,15,RPAC TWD Gym Courts 1-2,50,241,20.7
2026-05-06 15:59:04,Wed,15,RPAC TWD Gym Courts 3 - 4,100,241,41.5
2026-05-06 15:59:04,Wed,15,RPAC Upper Gym Courts 1 - 2,8,241,3.3
2026-05-06 15:59:04,Wed,15,RPAC Upper Gym Courts 3 - 4 ,11,241,4.6
2026-05-06 15:59:04,Wed,15,RPAC Weight Floor,60,125,48.0
2026-05-06 16:38:52,Wed,16,RPAC 1st Floor Fitness Balcony,17,55,30.9
2026-05-06 16:38:52,Wed,16,RPAC 2nd Floor Cardio Loft,3,37,8.1
2026-05-06 16:38:52,Wed,16,RPAC Aquatic Center - Class Pool,7,32,21.9
2026-05-06 16:38:52,Wed,16,RPAC Aquatic Center - Comp Pool,0,25,0.0
2026-05-06 16:38:52,Wed,16,RPAC Aquatic Center - Hot Tub,2,15,13.3
2026-05-06 16:38:52,Wed,16,RPAC Aquatic Center - Lap Pool,6,24,25.0
2026-05-06 16:38:52,Wed,16,RPAC Aquatic Center - Leisure Pool,0,40,0.0
2026-05-06 16:38:52,Wed,16,RPAC Cardio Canyon,20,68,29.4
2026-05-06 16:38:52,Wed,16,RPAC North Gym,6,230,2.6
2026-05-06 16:38:52,Wed,16,RPAC South Gym,0,230,0.0
2026-05-06 16:38:52,Wed,16,RPAC TWD Gym Courts 1-2,50,241,20.7
2026-05-06 16:38:52,Wed,16,RPAC TWD Gym Courts 3 - 4,100,241,41.5
2026-05-06 16:38:52,Wed,16,RPAC Upper Gym Courts 1 - 2,8,241,3.3
2026-05-06 16:38:52,Wed,16,RPAC Upper Gym Courts 3 - 4 ,11,241,4.6
2026-05-06 16:38:52,Wed,16,RPAC Weight Floor,60,125,48.0
2026-05-06 17:10:59,Wed,17,RPAC 1st Floor Fitness Balcony,17,55,30.9
2026-05-06 17:10:59,Wed,17,RPAC 2nd Floor Cardio Loft,3,37,8.1
2026-05-06 17:10:59,Wed,17,RPAC Aquatic Center - Class Pool,6,32,18.8
2026-05-06 17:10:59,Wed,17,RPAC Aquatic Center - Comp Pool,0,25,0.0
2026-05-06 17:10:59,Wed,17,RPAC Aquatic Center - Hot Tub,5,15,33.3
2026-05-06 17:10:59,Wed,17,RPAC Aquatic Center - Lap Pool,5,24,20.8
2026-05-06 17:10:59,Wed,17,RPAC Aquatic Center - Leisure Pool,0,40,0.0
2026-05-06 17:10:59,Wed,17,RPAC Cardio Canyon,20,68,29.4
2026-05-06 17:10:59,Wed,17,RPAC North Gym,6,230,2.6
2026-05-06 17:10:59,Wed,17,RPAC South Gym,0,230,0.0
2026-05-06 17:10:59,Wed,17,RPAC TWD Gym Courts 1-2,50,241,20.7
2026-05-06 17:10:59,Wed,17,RPAC TWD Gym Courts 3 - 4,100,241,41.5
2026-05-06 17:10:59,Wed,17,RPAC Upper Gym Courts 1 - 2,8,241,3.3
2026-05-06 17:10:59,Wed,17,RPAC Upper Gym Courts 3 - 4 ,11,241,4.6
2026-05-06 17:10:59,Wed,17,RPAC Weight Floor,60,125,48.0
2026-05-06 17:41:06,Wed,17,RPAC 1st Floor Fitness Balcony,17,55,30.9
2026-05-06 17:41:06,Wed,17,RPAC 2nd Floor Cardio Loft,3,37,8.1
2026-05-06 17:41:06,Wed,17,RPAC Aquatic Center - Class Pool,9,32,28.1
2026-05-06 17:41:06,Wed,17,RPAC Aquatic Center - Comp Pool,0,25,0.0
2026-05-06 17:41:06,Wed,17,RPAC Aquatic Center - Hot Tub,3,15,20.0
2026-05-06 17:41:06,Wed,17,RPAC Aquatic Center - Lap Pool,6,24,25.0
2026-05-06 17:41:06,Wed,17,RPAC Aquatic Center - Leisure Pool,0,40,0.0
2026-05-06 17:41:06,Wed,17,RPAC Cardio Canyon,20,68,29.4
2026-05-06 17:41:06,Wed,17,RPAC North Gym,6,230,2.6
2026-05-06 17:41:06,Wed,17,RPAC South Gym,0,230,0.0
2026-05-06 17:41:06,Wed,17,RPAC TWD Gym Courts 1-2,50,241,20.7
2026-05-06 17:41:06,Wed,17,RPAC TWD Gym Courts 3 - 4,100,241,41.5
2026-05-06 17:41:06,Wed,17,RPAC Upper Gym Courts 1 - 2,8,241,3.3
2026-05-06 17:41:06,Wed,17,RPAC Upper Gym Courts 3 - 4 ,11,241,4.6
2026-05-06 17:41:06,Wed,17,RPAC Weight Floor,60,125,48.0
2026-05-06 18:07:26,Wed,18,RPAC 1st Floor Fitness Balcony,17,55,30.9
2026-05-06 18:07:26,Wed,18,RPAC 2nd Floor Cardio Loft,3,37,8.1
2026-05-06 18:07:26,Wed,18,RPAC Aquatic Center - Class Pool,12,32,37.5
2026-05-06 18:07:26,Wed,18,RPAC Aquatic Center - Comp Pool,0,25,0.0
2026-05-06 18:07:26,Wed,18,RPAC Aquatic Center - Hot Tub,2,15,13.3
2026-05-06 18:07:26,Wed,18,RPAC Aquatic Center - Lap Pool,7,24,29.2
2026-05-06 18:07:26,Wed,18,RPAC Aquatic Center - Leisure Pool,0,40,0.0
2026-05-06 18:07:26,Wed,18,RPAC Cardio Canyon,20,68,29.4
2026-05-06 18:07:26,Wed,18,RPAC North Gym,6,230,2.6
2026-05-06 18:07:26,Wed,18,RPAC South Gym,0,230,0.0
2026-05-06 18:07:26,Wed,18,RPAC TWD Gym Courts 1-2,50,241,20.7
2026-05-06 18:07:26,Wed,18,RPAC TWD Gym Courts 3 - 4,100,241,41.5
2026-05-06 18:07:26,Wed,18,RPAC Upper Gym Courts 1 - 2,8,241,3.3
2026-05-06 18:07:26,Wed,18,RPAC Upper Gym Courts 3 - 4 ,11,241,4.6
2026-05-06 18:07:26,Wed,18,RPAC Weight Floor,60,125,48.0
2026-05-06 18:32:17,Wed,18,RPAC 1st Floor Fitness Balcony,17,55,30.9
2026-05-06 18:32:17,Wed,18,RPAC 2nd Floor Cardio Loft,3,37,8.1
2026-05-06 18:32:17,Wed,18,RPAC Aquatic Center - Class Pool,13,32,40.6
2026-05-06 18:32:17,Wed,18,RPAC Aquatic Center - Comp Pool,0,25,0.0
2026-05-06 18:32:17,Wed,18,RPAC Aquatic Center - Hot Tub,2,15,13.3
2026-05-06 18:32:17,Wed,18,RPAC Aquatic Center - Lap Pool,7,24,29.2
2026-05-06 18:32:17,Wed,18,RPAC Aquatic Center - Leisure Pool,0,40,0.0
2026-05-06 18:32:17,Wed,18,RPAC Cardio Canyon,20,68,29.4
2026-05-06 18:32:17,Wed,18,RPAC North Gym,6,230,2.6
2026-05-06 18:32:17,Wed,18,RPAC South Gym,0,230,0.0
2026-05-06 18:32:17,Wed,18,RPAC TWD Gym Courts 1-2,50,241,20.7
2026-05-06 18:32:17,Wed,18,RPAC TWD Gym Courts 3 - 4,100,241,41.5
2026-05-06 18:32:17,Wed,18,RPAC Upper Gym Courts 1 - 2,8,241,3.3
2026-05-06 18:32:17,Wed,18,RPAC Upper Gym Courts 3 - 4 ,11,241,4.6
2026-05-06 18:32:17,Wed,18,RPAC Weight Floor,60,125,48.0
2026-05-06 19:05:13,Wed,19,RPAC 1st Floor Fitness Balcony,17,55,30.9
2026-05-06 19:05:13,Wed,19,RPAC 2nd Floor Cardio Loft,3,37,8.1
2026-05-06 19:05:13,Wed,19,RPAC Aquatic Center - Class Pool,13,32,40.6
2026-05-06 19:05:13,Wed,19,RPAC Aquatic Center - Comp Pool,0,25,0.0
2026-05-06 19:05:13,Wed,19,RPAC Aquatic Center - Hot Tub,2,15,13.3
2026-05-06 19:05:13,Wed,19,RPAC Aquatic Center - Lap Pool,7,24,29.2
2026-05-06 19:05:13,Wed,19,RPAC Aquatic Center - Leisure Pool,0,40,0.0
2026-05-06 19:05:13,Wed,19,RPAC Cardio Canyon,20,68,29.4
2026-05-06 19:05:13,Wed,19,RPAC North Gym,6,230,2.6
2026-05-06 19:05:13,Wed,19,RPAC South Gym,0,230,0.0
2026-05-06 19:05:13,Wed,19,RPAC TWD Gym Courts 1-2,50,241,20.7
2026-05-06 19:05:13,Wed,19,RPAC TWD Gym Courts 3 - 4,100,241,41.5
2026-05-06 19:05:13,Wed,19,RPAC Upper Gym Courts 1 - 2,8,241,3.3
2026-05-06 19:05:13,Wed,19,RPAC Upper Gym Courts 3 - 4 ,11,241,4.6
2026-05-06 19:05:13,Wed,19,RPAC Weight Floor,60,125,48.0
2026-05-06 19:34:18,Wed,19,RPAC 1st Floor Fitness Balcony,17,55,30.9
2026-05-06 19:34:18,Wed,19,RPAC 2nd Floor Cardio Loft,3,37,8.1
2026-05-06 19:34:18,Wed,19,RPAC Aquatic Center - Class Pool,0,32,0.0
2026-05-06 19:34:18,Wed,19,RPAC Aquatic Center - Comp Pool,0,25,0.0
2026-05-06 19:34:18,Wed,19,RPAC Aquatic Center - Hot Tub,0,15,0.0
2026-05-06 19:34:18,Wed,19,RPAC Aquatic Center - Lap Pool,0,24,0.0
2026-05-06 19:34:18,Wed,19,RPAC Aquatic Center - Leisure Pool,0,40,0.0
2026-05-06 19:34:18,Wed,19,RPAC Cardio Canyon,20,68,29.4
2026-05-06 19:34:18,Wed,19,RPAC North Gym,6,230,2.6
2026-05-06 19:34:18,Wed,19,RPAC South Gym,0,230,0.0
2026-05-06 19:34:18,Wed,19,RPAC TWD Gym Courts 1-2,50,241,20.7
2026-05-06 19:34:18,Wed,19,RPAC TWD Gym Courts 3 - 4,100,241,41.5
2026-05-06 19:34:18,Wed,19,RPAC Upper Gym Courts 1 - 2,8,241,3.3
2026-05-06 19:34:18,Wed,19,RPAC Upper Gym Courts 3 - 4 ,11,241,4.6
2026-05-06 19:34:18,Wed,19,RPAC Weight Floor,60,125,48.0
2026-05-06 21:10:09,Wed,21,RPAC 1st Floor Fitness Balcony,17,55,30.9
2026-05-06 21:10:09,Wed,21,RPAC 2nd Floor Cardio Loft,3,37,8.1
2026-05-06 21:10:09,Wed,21,RPAC Aquatic Center - Class Pool,0,32,0.0
2026-05-06 21:10:09,Wed,21,RPAC Aquatic Center - Comp Pool,0,25,0.0
2026-05-06 21:10:09,Wed,21,RPAC Aquatic Center - Hot Tub,0,15,0.0
2026-05-06 21:10:09,Wed,21,RPAC Aquatic Center - Lap Pool,0,24,0.0
2026-05-06 21:10:09,Wed,21,RPAC Aquatic Center - Leisure Pool,0,40,0.0
2026-05-06 21:10:09,Wed,21,RPAC Cardio Canyon,20,68,29.4
2026-05-06 21:10:09,Wed,21,RPAC North Gym,6,230,2.6
2026-05-06 21:10:09,Wed,21,RPAC South Gym,0,230,0.0
2026-05-06 21:10:09,Wed,21,RPAC TWD Gym Courts 1-2,50,241,20.7
2026-05-06 21:10:09,Wed,21,RPAC TWD Gym Courts 3 - 4,100,241,41.5
2026-05-06 21:10:09,Wed,21,RPAC Upper Gym Courts 1 - 2,8,241,3.3
2026-05-06 21:10:09,Wed,21,RPAC Upper Gym Courts 3 - 4 ,11,241,4.6
2026-05-06 21:10:09,Wed,21,RPAC Weight Floor,60,125,48.0
2026-05-06 21:57:18,Wed,21,RPAC 1st Floor Fitness Balcony,17,55,30.9
2026-05-06 21:57:18,Wed,21,RPAC 2nd Floor Cardio Loft,3,37,8.1
2026-05-06 21:57:18,Wed,21,RPAC Aquatic Center - Class Pool,0,32,0.0
2026-05-06 21:57:18,Wed,21,RPAC Aquatic Center - Comp Pool,0,25,0.0
2026-05-06 21:57:18,Wed,21,RPAC Aquatic Center - Hot Tub,0,15,0.0
2026-05-06 21:57:18,Wed,21,RPAC Aquatic Center - Lap Pool,0,24,0.0
2026-05-06 21:57:18,Wed,21,RPAC Aquatic Center - Leisure Pool,0,40,0.0
2026-05-06 21:57:18,Wed,21,RPAC Cardio Canyon,20,68,29.4
2026-05-06 21:57:18,Wed,21,RPAC North Gym,6,230,2.6
2026-05-06 21:57:18,Wed,21,RPAC South Gym,0,230,0.0
2026-05-06 21:57:18,Wed,21,RPAC TWD Gym Courts 1-2,50,241,20.7
2026-05-06 21:57:18,Wed,21,RPAC TWD Gym Courts 3 - 4,100,241,41.5
2026-05-06 21:57:18,Wed,21,RPAC Upper Gym Courts 1 - 2,8,241,3.3
2026-05-06 21:57:18,Wed,21,RPAC Upper Gym Courts 3 - 4 ,11,241,4.6
2026-05-06 21:57:18,Wed,21,RPAC Weight Floor,60,125,48.0
2026-05-06 23:20:10,Wed,23,RPAC 1st Floor Fitness Balcony,17,55,30.9
2026-05-06 23:20:10,Wed,23,RPAC 2nd Floor Cardio Loft,3,37,8.1
2026-05-06 23:20:10,Wed,23,RPAC Aquatic Center - Class Pool,0,32,0.0
2026-05-06 23:20:10,Wed,23,RPAC Aquatic Center - Comp Pool,0,25,0.0
2026-05-06 23:20:10,Wed,23,RPAC Aquatic Center - Hot Tub,0,15,0.0
2026-05-06 23:20:10,Wed,23,RPAC Aquatic Center - Lap Pool,0,24,0.0
2026-05-06 23:20:10,Wed,23,RPAC Aquatic Center - Leisure Pool,0,40,0.0
2026-05-06 23:20:10,Wed,23,RPAC Cardio Canyon,20,68,29.4
2026-05-06 23:20:10,Wed,23,RPAC North Gym,6,230,2.6
2026-05-06 23:20:10,Wed,23,RPAC South Gym,0,230,0.0
2026-05-06 23:20:10,Wed,23,RPAC TWD Gym Courts 1-2,50,241,20.7
2026-05-06 23:20:10,Wed,23,RPAC TWD Gym Courts 3 - 4,100,241,41.5
2026-05-06 23:20:10,Wed,23,RPAC Upper Gym Courts 1 - 2,8,241,3.3
2026-05-06 23:20:10,Wed,23,RPAC Upper Gym Courts 3 - 4 ,11,241,4.6
2026-05-06 23:20:10,Wed,23,RPAC Weight Floor,60,125,48.0
2026-05-07 00:43:36,Thu,0,RPAC 1st Floor Fitness Balcony,17,55,30.9
2026-05-07 00:43:36,Thu,0,RPAC 2nd Floor Cardio Loft,3,37,8.1
2026-05-07 00:43:36,Thu,0,RPAC Aquatic Center - Class Pool,0,32,0.0
2026-05-07 00:43:36,Thu,0,RPAC Aquatic Center - Comp Pool,0,25,0.0
2026-05-07 00:43:36,Thu,0,RPAC Aquatic Center - Hot Tub,0,15,0.0
2026-05-07 00:43:36,Thu,0,RPAC Aquatic Center - Lap Pool,0,24,0.0
2026-05-07 00:43:36,Thu,0,RPAC Aquatic Center - Leisure Pool,0,40,0.0
2026-05-07 00:43:36,Thu,0,RPAC Cardio Canyon,20,68,29.4
2026-05-07 00:43:36,Thu,0,RPAC North Gym,6,230,2.6
2026-05-07 00:43:36,Thu,0,RPAC South Gym,0,230,0.0
2026-05-07 00:43:36,Thu,0,RPAC TWD Gym Courts 1-2,50,241,20.7
2026-05-07 00:43:36,Thu,0,RPAC TWD Gym Courts 3 - 4,100,241,41.5
2026-05-07 00:43:36,Thu,0,RPAC Upper Gym Courts 1 - 2,8,241,3.3
2026-05-07 00:43:36,Thu,0,RPAC Upper Gym Courts 3 - 4 ,11,241,4.6
2026-05-07 00:43:36,Thu,0,RPAC Weight Floor,60,125,48.0
2026-05-07 01:49:46,Thu,1,RPAC 1st Floor Fitness Balcony,17,55,30.9
2026-05-07 01:49:46,Thu,1,RPAC 2nd Floor Cardio Loft,3,37,8.1
2026-05-07 01:49:46,Thu,1,RPAC Aquatic Center - Class Pool,0,32,0.0
2026-05-07 01:49:46,Thu,1,RPAC Aquatic Center - Comp Pool,0,25,0.0
2026-05-07 01:49:46,Thu,1,RPAC Aquatic Center - Hot Tub,0,15,0.0
2026-05-07 01:49:46,Thu,1,RPAC Aquatic Center - Lap Pool,0,24,0.0
2026-05-07 01:49:46,Thu,1,RPAC Aquatic Center - Leisure Pool,0,40,0.0
2026-05-07 01:49:46,Thu,1,RPAC Cardio Canyon,20,68,29.4
2026-05-07 01:49:46,Thu,1,RPAC North Gym,6,230,2.6
2026-05-07 01:49:46,Thu,1,RPAC South Gym,0,230,0.0
2026-05-07 01:49:46,Thu,1,RPAC TWD Gym Courts 1-2,50,241,20.7
2026-05-07 01:49:46,Thu,1,RPAC TWD Gym Courts 3 - 4,100,241,41.5
2026-05-07 01:49:46,Thu,1,RPAC Upper Gym Courts 1 - 2,8,241,3.3
2026-05-07 01:49:46,Thu,1,RPAC Upper Gym Courts 3 - 4 ,11,241,4.6
2026-05-07 01:49:46,Thu,1,RPAC Weight Floor,60,125,48.0
2026-05-07 03:08:26,Thu,3,RPAC 1st Floor Fitness Balcony,17,55,30.9
2026-05-07 03:08:26,Thu,3,RPAC 2nd Floor Cardio Loft,3,37,8.1
2026-05-07 03:08:26,Thu,3,RPAC Aquatic Center - Class Pool,0,32,0.0
2026-05-07 03:08:26,Thu,3,RPAC Aquatic Center - Comp Pool,0,25,0.0
2026-05-07 03:08:26,Thu,3,RPAC Aquatic Center - Hot Tub,0,15,0.0
2026-05-07 03:08:26,Thu,3,RPAC Aquatic Center - Lap Pool,0,24,0.0
2026-05-07 03:08:26,Thu,3,RPAC Aquatic Center - Leisure Pool,0,40,0.0
2026-05-07 03:08:26,Thu,3,RPAC Cardio Canyon,20,68,29.4
2026-05-07 03:08:26,Thu,3,RPAC North Gym,6,230,2.6
2026-05-07 03:08:26,Thu,3,RPAC South Gym,0,230,0.0
2026-05-07 03:08:26,Thu,3,RPAC TWD Gym Courts 1-2,50,241,20.7
2026-05-07 03:08:26,Thu,3,RPAC TWD Gym Courts 3 - 4,100,241,41.5
2026-05-07 03:08:26,Thu,3,RPAC Upper Gym Courts 1 - 2,8,241,3.3
2026-05-07 03:08:26,Thu,3,RPAC Upper Gym Courts 3 - 4 ,11,241,4.6
2026-05-07 03:08:26,Thu,3,RPAC Weight Floor,60,125,48.0
2026-05-07 04:05:28,Thu,4,RPAC 1st Floor Fitness Balcony,17,55,30.9
2026-05-07 04:05:28,Thu,4,RPAC 2nd Floor Cardio Loft,3,37,8.1
2026-05-07 04:05:28,Thu,4,RPAC Aquatic Center - Class Pool,0,32,0.0
2026-05-07 04:05:28,Thu,4,RPAC Aquatic Center - Comp Pool,0,25,0.0
2026-05-07 04:05:28,Thu,4,RPAC Aquatic Center - Hot Tub,0,15,0.0
2026-05-07 04:05:28,Thu,4,RPAC Aquatic Center - Lap Pool,0,24,0.0
2026-05-07 04:05:28,Thu,4,RPAC Aquatic Center - Leisure Pool,0,40,0.0
2026-05-07 04:05:28,Thu,4,RPAC Cardio Canyon,20,68,29.4
2026-05-07 04:05:28,Thu,4,RPAC North Gym,6,230,2.6
2026-05-07 04:05:28,Thu,4,RPAC South Gym,0,230,0.0
2026-05-07 04:05:28,Thu,4,RPAC TWD Gym Courts 1-2,50,241,20.7
2026-05-07 04:05:28,Thu,4,RPAC TWD Gym Courts 3 - 4,100,241,41.5
2026-05-07 04:05:28,Thu,4,RPAC Upper Gym Courts 1 - 2,8,241,3.3
2026-05-07 04:05:28,Thu,4,RPAC Upper Gym Courts 3 - 4 ,11,241,4.6
2026-05-07 04:05:28,Thu,4,RPAC Weight Floor,60,125,48.0
2026-05-07 05:11:07,Thu,5,RPAC 1st Floor Fitness Balcony,17,55,30.9
2026-05-07 05:11:07,Thu,5,RPAC 2nd Floor Cardio Loft,3,37,8.1
2026-05-07 05:11:07,Thu,5,RPAC Aquatic Center - Class Pool,0,32,0.0
2026-05-07 05:11:07,Thu,5,RPAC Aquatic Center - Comp Pool,0,25,0.0
2026-05-07 05:11:07,Thu,5,RPAC Aquatic Center - Hot Tub,0,15,0.0
2026-05-07 05:11:07,Thu,5,RPAC Aquatic Center - Lap Pool,0,24,0.0
2026-05-07 05:11:07,Thu,5,RPAC Aquatic Center - Leisure Pool,0,40,0.0
2026-05-07 05:11:07,Thu,5,RPAC Cardio Canyon,20,68,29.4
2026-05-07 05:11:07,Thu,5,RPAC North Gym,6,230,2.6
2026-05-07 05:11:07,Thu,5,RPAC South Gym,0,230,0.0
2026-05-07 05:11:07,Thu,5,RPAC TWD Gym Courts 1-2,50,241,20.7
2026-05-07 05:11:07,Thu,5,RPAC TWD Gym Courts 3 - 4,100,241,41.5
2026-05-07 05:11:07,Thu,5,RPAC Upper Gym Courts 1 - 2,8,241,3.3
2026-05-07 05:11:07,Thu,5,RPAC Upper Gym Courts 3 - 4 ,11,241,4.6
2026-05-07 05:11:07,Thu,5,RPAC Weight Floor,60,125,48.0
2026-05-07 06:06:24,Thu,6,RPAC 1st Floor Fitness Balcony,17,55,30.9
2026-05-07 06:06:24,Thu,6,RPAC 2nd Floor Cardio Loft,3,37,8.1
2026-05-07 06:06:24,Thu,6,RPAC Aquatic Center - Class Pool,3,32,9.4
2026-05-07 06:06:24,Thu,6,RPAC Aquatic Center - Comp Pool,0,25,0.0
2026-05-07 06:06:24,Thu,6,RPAC Aquatic Center - Hot Tub,0,15,0.0
2026-05-07 06:06:24,Thu,6,RPAC Aquatic Center - Lap Pool,1,24,4.2
2026-05-07 06:06:24,Thu,6,RPAC Aquatic Center - Leisure Pool,0,40,0.0
2026-05-07 06:06:24,Thu,6,RPAC Cardio Canyon,20,68,29.4
2026-05-07 06:06:24,Thu,6,RPAC North Gym,6,230,2.6
2026-05-07 06:06:24,Thu,6,RPAC South Gym,0,230,0.0
2026-05-07 06:06:24,Thu,6,RPAC TWD Gym Courts 1-2,50,241,20.7
2026-05-07 06:06:24,Thu,6,RPAC TWD Gym Courts 3 - 4,100,241,41.5
2026-05-07 06:06:24,Thu,6,RPAC Upper Gym Courts 1 - 2,8,241,3.3
2026-05-07 06:06:24,Thu,6,RPAC Upper Gym Courts 3 - 4 ,11,241,4.6
2026-05-07 06:06:24,Thu,6,RPAC Weight Floor,60,125,48.0
2026-05-07 06:58:06,Thu,6,RPAC 1st Floor Fitness Balcony,17,55,30.9
2026-05-07 06:58:06,Thu,6,RPAC 2nd Floor Cardio Loft,3,37,8.1
2026-05-07 06:58:06,Thu,6,RPAC Aquatic Center - Class Pool,2,32,6.2
2026-05-07 06:58:06,Thu,6,RPAC Aquatic Center - Comp Pool,0,25,0.0
2026-05-07 06:58:06,Thu,6,RPAC Aquatic Center - Hot Tub,0,15,0.0
2026-05-07 06:58:06,Thu,6,RPAC Aquatic Center - Lap Pool,1,24,4.2
2026-05-07 06:58:06,Thu,6,RPAC Aquatic Center - Leisure Pool,0,40,0.0
2026-05-07 06:58:06,Thu,6,RPAC Cardio Canyon,20,68,29.4
2026-05-07 06:58:06,Thu,6,RPAC North Gym,6,230,2.6
2026-05-07 06:58:06,Thu,6,RPAC South Gym,0,230,0.0
2026-05-07 06:58:06,Thu,6,RPAC TWD Gym Courts 1-2,50,241,20.7
2026-05-07 06:58:06,Thu,6,RPAC TWD Gym Courts 3 - 4,100,241,41.5
2026-05-07 06:58:06,Thu,6,RPAC Upper Gym Courts 1 - 2,8,241,3.3
2026-05-07 06:58:06,Thu,6,RPAC Upper Gym Courts 3 - 4 ,11,241,4.6
2026-05-07 06:58:06,Thu,6,RPAC Weight Floor,60,125,48.0
2026-05-07 07:40:43,Thu,7,RPAC 1st Floor Fitness Balcony,17,55,30.9
2026-05-07 07:40:43,Thu,7,RPAC 2nd Floor Cardio Loft,3,37,8.1
2026-05-07 07:40:43,Thu,7,RPAC Aquatic Center - Class Pool,2,32,6.2
2026-05-07 07:40:43,Thu,7,RPAC Aquatic Center - Comp Pool,0,25,0.0
2026-05-07 07:40:43,Thu,7,RPAC Aquatic Center - Hot Tub,0,15,0.0
2026-05-07 07:40:43,Thu,7,RPAC Aquatic Center - Lap Pool,4,24,16.7
2026-05-07 07:40:43,Thu,7,RPAC Aquatic Center - Leisure Pool,0,40,0.0
2026-05-07 07:40:43,Thu,7,RPAC Cardio Canyon,20,68,29.4
2026-05-07 07:40:43,Thu,7,RPAC North Gym,6,230,2.6
2026-05-07 07:40:43,Thu,7,RPAC South Gym,0,230,0.0
2026-05-07 07:40:43,Thu,7,RPAC TWD Gym Courts 1-2,50,241,20.7
2026-05-07 07:40:43,Thu,7,RPAC TWD Gym Courts 3 - 4,100,241,41.5
2026-05-07 07:40:43,Thu,7,RPAC Upper Gym Courts 1 - 2,8,241,3.3
2026-05-07 07:40:43,Thu,7,RPAC Upper Gym Courts 3 - 4 ,11,241,4.6
2026-05-07 07:40:43,Thu,7,RPAC Weight Floor,60,125,48.0
2026-05-07 08:20:54,Thu,8,RPAC 1st Floor Fitness Balcony,17,55,30.9
2026-05-07 08:20:54,Thu,8,RPAC 2nd Floor Cardio Loft,3,37,8.1
2026-05-07 08:20:54,Thu,8,RPAC Aquatic Center - Class Pool,2,32,6.2
2026-05-07 08:20:54,Thu,8,RPAC Aquatic Center - Comp Pool,0,25,0.0
2026-05-07 08:20:54,Thu,8,RPAC Aquatic Center - Hot Tub,2,15,13.3
2026-05-07 08:20:54,Thu,8,RPAC Aquatic Center - Lap Pool,3,24,12.5
2026-05-07 08:20:54,Thu,8,RPAC Aquatic Center - Leisure Pool,0,40,0.0
2026-05-07 08:20:54,Thu,8,RPAC Cardio Canyon,20,68,29.4
2026-05-07 08:20:54,Thu,8,RPAC North Gym,6,230,2.6
2026-05-07 08:20:54,Thu,8,RPAC South Gym,0,230,0.0
2026-05-07 08:20:54,Thu,8,RPAC TWD Gym Courts 1-2,50,241,20.7
2026-05-07 08:20:54,Thu,8,RPAC TWD Gym Courts 3 - 4,100,241,41.5
2026-05-07 08:20:54,Thu,8,RPAC Upper Gym Courts 1 - 2,8,241,3.3
2026-05-07 08:20:54,Thu,8,RPAC Upper Gym Courts 3 - 4 ,11,241,4.6
2026-05-07 08:20:54,Thu,8,RPAC Weight Floor,60,125,48.0
2026-05-07 09:08:53,Thu,9,RPAC 1st Floor Fitness Balcony,17,55,30.9
2026-05-07 09:08:53,Thu,9,RPAC 2nd Floor Cardio Loft,3,37,8.1
2026-05-07 09:08:53,Thu,9,RPAC Aquatic Center - Class Pool,5,32,15.6
2026-05-07 09:08:53,Thu,9,RPAC Aquatic Center - Comp Pool,0,25,0.0
2026-05-07 09:08:53,Thu,9,RPAC Aquatic Center - Hot Tub,0,15,0.0
2026-05-07 09:08:53,Thu,9,RPAC Aquatic Center - Lap Pool,2,24,8.3
2026-05-07 09:08:53,Thu,9,RPAC Aquatic Center - Leisure Pool,0,40,0.0
2026-05-07 09:08:53,Thu,9,RPAC Cardio Canyon,20,68,29.4
2026-05-07 09:08:53,Thu,9,RPAC North Gym,6,230,2.6
2026-05-07 09:08:53,Thu,9,RPAC South Gym,0,230,0.0
2026-05-07 09:08:53,Thu,9,RPAC TWD Gym Courts 1-2,50,241,20.7
2026-05-07 09:08:53,Thu,9,RPAC TWD Gym Courts 3 - 4,100,241,41.5
2026-05-07 09:08:53,Thu,9,RPAC Upper Gym Courts 1 - 2,8,241,3.3
2026-05-07 09:08:53,Thu,9,RPAC Upper Gym Courts 3 - 4 ,11,241,4.6
2026-05-07 09:08:53,Thu,9,RPAC Weight Floor,60,125,48.0
2026-05-07 09:56:46,Thu,9,RPAC 1st Floor Fitness Balcony,17,55,30.9
2026-05-07 09:56:46,Thu,9,RPAC 2nd Floor Cardio Loft,3,37,8.1
2026-05-07 09:56:46,Thu,9,RPAC Aquatic Center - Class Pool,3,32,9.4
2026-05-07 09:56:46,Thu,9,RPAC Aquatic Center - Comp Pool,0,25,0.0
2026-05-07 09:56:46,Thu,9,RPAC Aquatic Center - Hot Tub,0,15,0.0
2026-05-07 09:56:46,Thu,9,RPAC Aquatic Center - Lap Pool,4,24,16.7
2026-05-07 09:56:46,Thu,9,RPAC Aquatic Center - Leisure Pool,0,40,0.0
2026-05-07 09:56:46,Thu,9,RPAC Cardio Canyon,20,68,29.4
2026-05-07 09:56:46,Thu,9,RPAC North Gym,6,230,2.6
2026-05-07 09:56:46,Thu,9,RPAC South Gym,0,230,0.0
2026-05-07 09:56:46,Thu,9,RPAC TWD Gym Courts 1-2,50,241,20.7
2026-05-07 09:56:46,Thu,9,RPAC TWD Gym Courts 3 - 4,100,241,41.5
2026-05-07 09:56:46,Thu,9,RPAC Upper Gym Courts 1 - 2,8,241,3.3
2026-05-07 09:56:46,Thu,9,RPAC Upper Gym Courts 3 - 4 ,11,241,4.6
2026-05-07 09:56:46,Thu,9,RPAC Weight Floor,60,125,48.0
2026-05-07 11:04:23,Thu,11,RPAC 1st Floor Fitness Balcony,17,55,30.9
2026-05-07 11:04:23,Thu,11,RPAC 2nd Floor Cardio Loft,3,37,8.1
2026-05-07 11:04:23,Thu,11,RPAC Aquatic Center - Class Pool,3,32,9.4
2026-05-07 11:04:23,Thu,11,RPAC Aquatic Center - Comp Pool,0,25,0.0
2026-05-07 11:04:23,Thu,11,RPAC Aquatic Center - Hot Tub,2,15,13.3
2026-05-07 11:04:23,Thu,11,RPAC Aquatic Center - Lap Pool,3,24,12.5
2026-05-07 11:04:23,Thu,11,RPAC Aquatic Center - Leisure Pool,0,40,0.0
2026-05-07 11:04:23,Thu,11,RPAC Cardio Canyon,20,68,29.4
2026-05-07 11:04:23,Thu,11,RPAC North Gym,6,230,2.6
2026-05-07 11:04:23,Thu,11,RPAC South Gym,0,230,0.0
2026-05-07 11:04:23,Thu,11,RPAC TWD Gym Courts 1-2,50,241,20.7
2026-05-07 11:04:23,Thu,11,RPAC TWD Gym Courts 3 - 4,100,241,41.5
2026-05-07 11:04:23,Thu,11,RPAC Upper Gym Courts 1 - 2,8,241,3.3
2026-05-07 11:04:23,Thu,11,RPAC Upper Gym Courts 3 - 4 ,11,241,4.6
2026-05-07 11:04:23,Thu,11,RPAC Weight Floor,60,125,48.0
2026-05-07 11:58:14,Thu,11,RPAC 1st Floor Fitness Balcony,17,55,30.9
2026-05-07 11:58:14,Thu,11,RPAC 2nd Floor Cardio Loft,3,37,8.1
2026-05-07 11:58:14,Thu,11,RPAC Aquatic Center - Class Pool,4,32,12.5
2026-05-07 11:58:14,Thu,11,RPAC Aquatic Center - Comp Pool,0,25,0.0
2026-05-07 11:58:14,Thu,11,RPAC Aquatic Center - Hot Tub,0,15,0.0
2026-05-07 11:58:14,Thu,11,RPAC Aquatic Center - Lap Pool,7,24,29.2
2026-05-07 11:58:14,Thu,11,RPAC Aquatic Center - Leisure Pool,0,40,0.0
2026-05-07 11:58:14,Thu,11,RPAC Cardio Canyon,20,68,29.4
2026-05-07 11:58:14,Thu,11,RPAC North Gym,6,230,2.6
2026-05-07 11:58:14,Thu,11,RPAC South Gym,0,230,0.0
2026-05-07 11:58:14,Thu,11,RPAC TWD Gym Courts 1-2,50,241,20.7
2026-05-07 11:58:14,Thu,11,RPAC TWD Gym Courts 3 - 4,100,241,41.5
2026-05-07 11:58:14,Thu,11,RPAC Upper Gym Courts 1 - 2,8,241,3.3
2026-05-07 11:58:14,Thu,11,RPAC Upper Gym Courts 3 - 4 ,11,241,4.6
2026-05-07 11:58:14,Thu,11,RPAC Weight Floor,60,125,48.0
2026-05-07 12:42:50,Thu,12,RPAC 1st Floor Fitness Balcony,17,55,30.9
2026-05-07 12:42:50,Thu,12,RPAC 2nd Floor Cardio Loft,3,37,8.1
2026-05-07 12:42:50,Thu,12,RPAC Aquatic Center - Class Pool,1,32,3.1
2026-05-07 12:42:50,Thu,12,RPAC Aquatic Center - Comp Pool,0,25,0.0
2026-05-07 12:42:50,Thu,12,RPAC Aquatic Center - Hot Tub,4,15,26.7
2026-05-07 12:42:50,Thu,12,RPAC Aquatic Center - Lap Pool,3,24,12.5
2026-05-07 12:42:50,Thu,12,RPAC Aquatic Center - Leisure Pool,0,40,0.0
2026-05-07 12:42:50,Thu,12,RPAC Cardio Canyon,20,68,29.4
2026-05-07 12:42:50,Thu,12,RPAC North Gym,6,230,2.6
2026-05-07 12:42:50,Thu,12,RPAC South Gym,0,230,0.0
2026-05-07 12:42:50,Thu,12,RPAC TWD Gym Courts 1-2,50,241,20.7
2026-05-07 12:42:50,Thu,12,RPAC TWD Gym Courts 3 - 4,100,241,41.5
2026-05-07 12:42:50,Thu,12,RPAC Upper Gym Courts 1 - 2,8,241,3.3
2026-05-07 12:42:50,Thu,12,RPAC Upper Gym Courts 3 - 4 ,11,241,4.6
2026-05-07 12:42:50,Thu,12,RPAC Weight Floor,60,125,48.0
2026-05-07 13:23:55,Thu,13,RPAC 1st Floor Fitness Balcony,17,55,30.9
2026-05-07 13:23:55,Thu,13,RPAC 2nd Floor Cardio Loft,3,37,8.1
2026-05-07 13:23:55,Thu,13,RPAC Aquatic Center - Class Pool,2,32,6.2
2026-05-07 13:23:55,Thu,13,RPAC Aquatic Center - Comp Pool,0,25,0.0
2026-05-07 13:23:55,Thu,13,RPAC Aquatic Center - Hot Tub,0,15,0.0
2026-05-07 13:23:55,Thu,13,RPAC Aquatic Center - Lap Pool,3,24,12.5
2026-05-07 13:23:55,Thu,13,RPAC Aquatic Center - Leisure Pool,0,40,0.0
2026-05-07 13:23:55,Thu,13,RPAC Cardio Canyon,20,68,29.4
2026-05-07 13:23:55,Thu,13,RPAC North Gym,6,230,2.6
2026-05-07 13:23:55,Thu,13,RPAC South Gym,0,230,0.0
2026-05-07 13:23:55,Thu,13,RPAC TWD Gym Courts 1-2,50,241,20.7
2026-05-07 13:23:55,Thu,13,RPAC TWD Gym Courts 3 - 4,100,241,41.5
2026-05-07 13:23:55,Thu,13,RPAC Upper Gym Courts 1 - 2,8,241,3.3
2026-05-07 13:23:55,Thu,13,RPAC Upper Gym Courts 3 - 4 ,11,241,4.6
2026-05-07 13:23:55,Thu,13,RPAC Weight Floor,60,125,48.0
2026-05-07 14:04:26,Thu,14,RPAC 1st Floor Fitness Balcony,17,55,30.9
2026-05-07 14:04:26,Thu,14,RPAC 2nd Floor Cardio Loft,3,37,8.1
2026-05-07 14:04:26,Thu,14,RPAC Aquatic Center - Class Pool,2,32,6.2
2026-05-07 14:04:26,Thu,14,RPAC Aquatic Center - Comp Pool,0,25,0.0
2026-05-07 14:04:26,Thu,14,RPAC Aquatic Center - Hot Tub,3,15,20.0
2026-05-07 14:04:26,Thu,14,RPAC Aquatic Center - Lap Pool,3,24,12.5
2026-05-07 14:04:26,Thu,14,RPAC Aquatic Center - Leisure Pool,0,40,0.0
2026-05-07 14:04:26,Thu,14,RPAC Cardio Canyon,20,68,29.4
2026-05-07 14:04:26,Thu,14,RPAC North Gym,6,230,2.6
2026-05-07 14:04:26,Thu,14,RPAC South Gym,0,230,0.0
2026-05-07 14:04:26,Thu,14,RPAC TWD Gym Courts 1-2,50,241,20.7
2026-05-07 14:04:26,Thu,14,RPAC TWD Gym Courts 3 - 4,100,241,41.5
2026-05-07 14:04:26,Thu,14,RPAC Upper Gym Courts 1 - 2,8,241,3.3
2026-05-07 14:04:26,Thu,14,RPAC Upper Gym Courts 3 - 4 ,11,241,4.6
2026-05-07 14:04:26,Thu,14,RPAC Weight Floor,60,125,48.0
2026-05-07 14:53:05,Thu,14,RPAC 1st Floor Fitness Balcony,17,55,30.9
2026-05-07 14:53:05,Thu,14,RPAC 2nd Floor Cardio Loft,3,37,8.1
2026-05-07 14:53:05,Thu,14,RPAC Aquatic Center - Class Pool,1,32,3.1
2026-05-07 14:53:05,Thu,14,RPAC Aquatic Center - Comp Pool,0,25,0.0
2026-05-07 14:53:05,Thu,14,RPAC Aquatic Center - Hot Tub,2,15,13.3
2026-05-07 14:53:05,Thu,14,RPAC Aquatic Center - Lap Pool,5,24,20.8
2026-05-07 14:53:05,Thu,14,RPAC Aquatic Center - Leisure Pool,0,40,0.0
2026-05-07 14:53:05,Thu,14,RPAC Cardio Canyon,20,68,29.4
2026-05-07 14:53:05,Thu,14,RPAC North Gym,6,230,2.6
2026-05-07 14:53:05,Thu,14,RPAC South Gym,0,230,0.0
2026-05-07 14:53:05,Thu,14,RPAC TWD Gym Courts 1-2,50,241,20.7
2026-05-07 14:53:05,Thu,14,RPAC TWD Gym Courts 3 - 4,100,241,41.5
2026-05-07 14:53:05,Thu,14,RPAC Upper Gym Courts 1 - 2,8,241,3.3
2026-05-07 14:53:05,Thu,14,RPAC Upper Gym Courts 3 - 4 ,11,241,4.6
2026-05-07 14:53:05,Thu,14,RPAC Weight Floor,60,125,48.0
2026-05-07 15:36:00,Thu,15,RPAC 1st Floor Fitness Balcony,17,55,30.9
2026-05-07 15:36:00,Thu,15,RPAC 2nd Floor Cardio Loft,3,37,8.1
2026-05-07 15:36:00,Thu,15,RPAC Aquatic Center - Class Pool,7,32,21.9
2026-05-07 15:36:00,Thu,15,RPAC Aquatic Center - Comp Pool,0,25,0.0
2026-05-07 15:36:00,Thu,15,RPAC Aquatic Center - Hot Tub,1,15,6.7
2026-05-07 15:36:00,Thu,15,RPAC Aquatic Center - Lap Pool,3,24,12.5
2026-05-07 15:36:00,Thu,15,RPAC Aquatic Center - Leisure Pool,0,40,0.0
2026-05-07 15:36:00,Thu,15,RPAC Cardio Canyon,20,68,29.4
2026-05-07 15:36:00,Thu,15,RPAC North Gym,6,230,2.6
2026-05-07 15:36:00,Thu,15,RPAC South Gym,0,230,0.0
2026-05-07 15:36:00,Thu,15,RPAC TWD Gym Courts 1-2,50,241,20.7
2026-05-07 15:36:00,Thu,15,RPAC TWD Gym Courts 3 - 4,100,241,41.5
2026-05-07 15:36:00,Thu,15,RPAC Upper Gym Courts 1 - 2,8,241,3.3
2026-05-07 15:36:00,Thu,15,RPAC Upper Gym Courts 3 - 4 ,11,241,4.6
2026-05-07 15:36:00,Thu,15,RPAC Weight Floor,60,125,48.0
2026-05-07 16:11:35,Thu,16,RPAC 1st Floor Fitness Balcony,17,55,30.9
2026-05-07 16:11:35,Thu,16,RPAC 2nd Floor Cardio Loft,3,37,8.1
2026-05-07 16:11:35,Thu,16,RPAC Aquatic Center - Class Pool,0,32,0.0
2026-05-07 16:11:35,Thu,16,RPAC Aquatic Center - Comp Pool,0,25,0.0
2026-05-07 16:11:35,Thu,16,RPAC Aquatic Center - Hot Tub,8,15,53.3
2026-05-07 16:11:35,Thu,16,RPAC Aquatic Center - Lap Pool,1,24,4.2
2026-05-07 16:11:35,Thu,16,RPAC Aquatic Center - Leisure Pool,0,40,0.0
2026-05-07 16:11:35,Thu,16,RPAC Cardio Canyon,20,68,29.4
2026-05-07 16:11:35,Thu,16,RPAC North Gym,6,230,2.6
2026-05-07 16:11:35,Thu,16,RPAC South Gym,0,230,0.0
2026-05-07 16:11:35,Thu,16,RPAC TWD Gym Courts 1-2,50,241,20.7
2026-05-07 16:11:35,Thu,16,RPAC TWD Gym Courts 3 - 4,100,241,41.5
2026-05-07 16:11:35,Thu,16,RPAC Upper Gym Courts 1 - 2,8,241,3.3
2026-05-07 16:11:35,Thu,16,RPAC Upper Gym Courts 3 - 4 ,11,241,4.6
2026-05-07 16:11:35,Thu,16,RPAC Weight Floor,60,125,48.0
2026-05-07 16:44:48,Thu,16,RPAC 1st Floor Fitness Balcony,17,55,30.9
2026-05-07 16:44:48,Thu,16,RPAC 2nd Floor Cardio Loft,3,37,8.1
2026-05-07 16:44:48,Thu,16,RPAC Aquatic Center - Class Pool,5,32,15.6
2026-05-07 16:44:48,Thu,16,RPAC Aquatic Center - Comp Pool,0,25,0.0
2026-05-07 16:44:48,Thu,16,RPAC Aquatic Center - Hot Tub,2,15,13.3
2026-05-07 16:44:48,Thu,16,RPAC Aquatic Center - Lap Pool,3,24,12.5
2026-05-07 16:44:48,Thu,16,RPAC Aquatic Center - Leisure Pool,0,40,0.0
2026-05-07 16:44:48,Thu,16,RPAC Cardio Canyon,20,68,29.4
2026-05-07 16:44:48,Thu,16,RPAC North Gym,6,230,2.6
2026-05-07 16:44:48,Thu,16,RPAC South Gym,0,230,0.0
2026-05-07 16:44:48,Thu,16,RPAC TWD Gym Courts 1-2,50,241,20.7
2026-05-07 16:44:48,Thu,16,RPAC TWD Gym Courts 3 - 4,100,241,41.5
2026-05-07 16:44:48,Thu,16,RPAC Upper Gym Courts 1 - 2,8,241,3.3
2026-05-07 16:44:48,Thu,16,RPAC Upper Gym Courts 3 - 4 ,11,241,4.6
2026-05-07 16:44:48,Thu,16,RPAC Weight Floor,60,125,48.0
2026-05-07 17:13:06,Thu,17,RPAC 1st Floor Fitness Balcony,17,55,30.9
2026-05-07 17:13:06,Thu,17,RPAC 2nd Floor Cardio Loft,3,37,8.1
2026-05-07 17:13:06,Thu,17,RPAC Aquatic Center - Class Pool,4,32,12.5
2026-05-07 17:13:06,Thu,17,RPAC Aquatic Center - Comp Pool,0,25,0.0
2026-05-07 17:13:06,Thu,17,RPAC Aquatic Center - Hot Tub,3,15,20.0
2026-05-07 17:13:06,Thu,17,RPAC Aquatic Center - Lap Pool,4,24,16.7
2026-05-07 17:13:06,Thu,17,RPAC Aquatic Center - Leisure Pool,0,40,0.0
2026-05-07 17:13:06,Thu,17,RPAC Cardio Canyon,20,68,29.4
2026-05-07 17:13:06,Thu,17,RPAC North Gym,6,230,2.6
2026-05-07 17:13:06,Thu,17,RPAC South Gym,0,230,0.0
2026-05-07 17:13:06,Thu,17,RPAC TWD Gym Courts 1-2,50,241,20.7
2026-05-07 17:13:06,Thu,17,RPAC TWD Gym Courts 3 - 4,100,241,41.5
2026-05-07 17:13:06,Thu,17,RPAC Upper Gym Courts 1 - 2,8,241,3.3
2026-05-07 17:13:06,Thu,17,RPAC Upper Gym Courts 3 - 4 ,11,241,4.6
2026-05-07 17:13:06,Thu,17,RPAC Weight Floor,60,125,48.0
2026-05-07 17:38:23,Thu,17,RPAC 1st Floor Fitness Balcony,17,55,30.9
2026-05-07 17:38:23,Thu,17,RPAC 2nd Floor Cardio Loft,3,37,8.1
2026-05-07 17:38:23,Thu,17,RPAC Aquatic Center - Class Pool,4,32,12.5
2026-05-07 17:38:23,Thu,17,RPAC Aquatic Center - Comp Pool,0,25,0.0
2026-05-07 17:38:23,Thu,17,RPAC Aquatic Center - Hot Tub,3,15,20.0
2026-05-07 17:38:23,Thu,17,RPAC Aquatic Center - Lap Pool,4,24,16.7
2026-05-07 17:38:23,Thu,17,RPAC Aquatic Center - Leisure Pool,0,40,0.0
2026-05-07 17:38:23,Thu,17,RPAC Cardio Canyon,20,68,29.4
2026-05-07 17:38:23,Thu,17,RPAC North Gym,6,230,2.6
2026-05-07 17:38:23,Thu,17,RPAC South Gym,0,230,0.0
2026-05-07 17:38:23,Thu,17,RPAC TWD Gym Courts 1-2,50,241,20.7
2026-05-07 17:38:23,Thu,17,RPAC TWD Gym Courts 3 - 4,100,241,41.5
2026-05-07 17:38:23,Thu,17,RPAC Upper Gym Courts 1 - 2,8,241,3.3
2026-05-07 17:38:23,Thu,17,RPAC Upper Gym Courts 3 - 4 ,11,241,4.6
2026-05-07 17:38:23,Thu,17,RPAC Weight Floor,60,125,48.0
2026-05-07 18:09:30,Thu,18,RPAC 1st Floor Fitness Balcony,17,55,30.9
2026-05-07 18:09:30,Thu,18,RPAC 2nd Floor Cardio Loft,3,37,8.1
2026-05-07 18:09:30,Thu,18,RPAC Aquatic Center - Class Pool,4,32,12.5
2026-05-07 18:09:30,Thu,18,RPAC Aquatic Center - Comp Pool,0,25,0.0
2026-05-07 18:09:30,Thu,18,RPAC Aquatic Center - Hot Tub,3,15,20.0
2026-05-07 18:09:30,Thu,18,RPAC Aquatic Center - Lap Pool,4,24,16.7
2026-05-07 18:09:30,Thu,18,RPAC Aquatic Center - Leisure Pool,0,40,0.0
2026-05-07 18:09:30,Thu,18,RPAC Cardio Canyon,20,68,29.4
2026-05-07 18:09:30,Thu,18,RPAC North Gym,6,230,2.6
2026-05-07 18:09:30,Thu,18,RPAC South Gym,0,230,0.0
2026-05-07 18:09:30,Thu,18,RPAC TWD Gym Courts 1-2,50,241,20.7
2026-05-07 18:09:30,Thu,18,RPAC TWD Gym Courts 3 - 4,100,241,41.5
2026-05-07 18:09:30,Thu,18,RPAC Upper Gym Courts 1 - 2,8,241,3.3
2026-05-07 18:09:30,Thu,18,RPAC Upper Gym Courts 3 - 4 ,11,241,4.6
2026-05-07 18:09:30,Thu,18,RPAC Weight Floor,60,125,48.0
2026-05-07 18:38:04,Thu,18,RPAC 1st Floor Fitness Balcony,17,55,30.9
2026-05-07 18:38:04,Thu,18,RPAC 2nd Floor Cardio Loft,3,37,8.1
2026-05-07 18:38:04,Thu,18,RPAC Aquatic Center - Class Pool,4,32,12.5
2026-05-07 18:38:04,Thu,18,RPAC Aquatic Center - Comp Pool,0,25,0.0
2026-05-07 18:38:04,Thu,18,RPAC Aquatic Center - Hot Tub,3,15,20.0
2026-05-07 18:38:04,Thu,18,RPAC Aquatic Center - Lap Pool,4,24,16.7
2026-05-07 18:38:04,Thu,18,RPAC Aquatic Center - Leisure Pool,0,40,0.0
2026-05-07 18:38:04,Thu,18,RPAC Cardio Canyon,20,68,29.4
2026-05-07 18:38:04,Thu,18,RPAC North Gym,6,230,2.6
2026-05-07 18:38:04,Thu,18,RPAC South Gym,0,230,0.0
2026-05-07 18:38:04,Thu,18,RPAC TWD Gym Courts 1-2,50,241,20.7
2026-05-07 18:38:04,Thu,18,RPAC TWD Gym Courts 3 - 4,100,241,41.5
2026-05-07 18:38:04,Thu,18,RPAC Upper Gym Courts 1 - 2,8,241,3.3
2026-05-07 18:38:04,Thu,18,RPAC Upper Gym Courts 3 - 4 ,11,241,4.6
2026-05-07 18:38:04,Thu,18,RPAC Weight Floor,60,125,48.0
2026-05-07 19:07:53,Thu,19,RPAC 1st Floor Fitness Balcony,17,55,30.9
2026-05-07 19:07:53,Thu,19,RPAC 2nd Floor Cardio Loft,3,37,8.1
2026-05-07 19:07:53,Thu,19,RPAC Aquatic Center - Class Pool,0,32,0.0
2026-05-07 19:07:53,Thu,19,RPAC Aquatic Center - Comp Pool,0,25,0.0
2026-05-07 19:07:53,Thu,19,RPAC Aquatic Center - Hot Tub,0,15,0.0
2026-05-07 19:07:53,Thu,19,RPAC Aquatic Center - Lap Pool,0,24,0.0
2026-05-07 19:07:53,Thu,19,RPAC Aquatic Center - Leisure Pool,0,40,0.0
2026-05-07 19:07:53,Thu,19,RPAC Cardio Canyon,20,68,29.4
2026-05-07 19:07:53,Thu,19,RPAC North Gym,6,230,2.6
2026-05-07 19:07:53,Thu,19,RPAC South Gym,0,230,0.0
2026-05-07 19:07:53,Thu,19,RPAC TWD Gym Courts 1-2,50,241,20.7
2026-05-07 19:07:53,Thu,19,RPAC TWD Gym Courts 3 - 4,100,241,41.5
2026-05-07 19:07:53,Thu,19,RPAC Upper Gym Courts 1 - 2,8,241,3.3
2026-05-07 19:07:53,Thu,19,RPAC Upper Gym Courts 3 - 4 ,11,241,4.6
2026-05-07 19:07:53,Thu,19,RPAC Weight Floor,60,125,48.0
2026-05-07 19:34:09,Thu,19,RPAC 1st Floor Fitness Balcony,17,55,30.9
2026-05-07 19:34:09,Thu,19,RPAC 2nd Floor Cardio Loft,3,37,8.1
2026-05-07 19:34:09,Thu,19,RPAC Aquatic Center - Class Pool,0,32,0.0
2026-05-07 19:34:09,Thu,19,RPAC Aquatic Center - Comp Pool,0,25,0.0
2026-05-07 19:34:09,Thu,19,RPAC Aquatic Center - Hot Tub,0,15,0.0
2026-05-07 19:34:09,Thu,19,RPAC Aquatic Center - Lap Pool,0,24,0.0
2026-05-07 19:34:09,Thu,19,RPAC Aquatic Center - Leisure Pool,0,40,0.0
2026-05-07 19:34:09,Thu,19,RPAC Cardio Canyon,20,68,29.4
2026-05-07 19:34:09,Thu,19,RPAC North Gym,6,230,2.6
2026-05-07 19:34:09,Thu,19,RPAC South Gym,0,230,0.0
2026-05-07 19:34:09,Thu,19,RPAC TWD Gym Courts 1-2,50,241,20.7
2026-05-07 19:34:09,Thu,19,RPAC TWD Gym Courts 3 - 4,100,241,41.5
2026-05-07 19:34:09,Thu,19,RPAC Upper Gym Courts 1 - 2,8,241,3.3
2026-05-07 19:34:09,Thu,19,RPAC Upper Gym Courts 3 - 4 ,11,241,4.6
2026-05-07 19:34:09,Thu,19,RPAC Weight Floor,60,125,48.0
2026-05-07 20:04:58,Thu,20,RPAC 1st Floor Fitness Balcony,17,55,30.9
2026-05-07 20:04:58,Thu,20,RPAC 2nd Floor Cardio Loft,3,37,8.1
2026-05-07 20:04:58,Thu,20,RPAC Aquatic Center - Class Pool,0,32,0.0
2026-05-07 20:04:58,Thu,20,RPAC Aquatic Center - Comp Pool,0,25,0.0
2026-05-07 20:04:58,Thu,20,RPAC Aquatic Center - Hot Tub,0,15,0.0
2026-05-07 20:04:58,Thu,20,RPAC Aquatic Center - Lap Pool,0,24,0.0
2026-05-07 20:04:58,Thu,20,RPAC Aquatic Center - Leisure Pool,0,40,0.0
2026-05-07 20:04:58,Thu,20,RPAC Cardio Canyon,20,68,29.4
2026-05-07 20:04:58,Thu,20,RPAC North Gym,6,230,2.6
2026-05-07 20:04:58,Thu,20,RPAC South Gym,0,230,0.0
2026-05-07 20:04:58,Thu,20,RPAC TWD Gym Courts 1-2,50,241,20.7
2026-05-07 20:04:58,Thu,20,RPAC TWD Gym Courts 3 - 4,100,241,41.5
2026-05-07 20:04:58,Thu,20,RPAC Upper Gym Courts 1 - 2,8,241,3.3
2026-05-07 20:04:58,Thu,20,RPAC Upper Gym Courts 3 - 4 ,11,241,4.6
2026-05-07 20:04:58,Thu,20,RPAC Weight Floor,60,125,48.0
2026-05-07 21:10:23,Thu,21,RPAC 1st Floor Fitness Balcony,17,55,30.9
2026-05-07 21:10:23,Thu,21,RPAC 2nd Floor Cardio Loft,3,37,8.1
2026-05-07 21:10:23,Thu,21,RPAC Aquatic Center - Class Pool,0,32,0.0
2026-05-07 21:10:23,Thu,21,RPAC Aquatic Center - Comp Pool,0,25,0.0
2026-05-07 21:10:23,Thu,21,RPAC Aquatic Center - Hot Tub,0,15,0.0
2026-05-07 21:10:23,Thu,21,RPAC Aquatic Center - Lap Pool,0,24,0.0
2026-05-07 21:10:23,Thu,21,RPAC Aquatic Center - Leisure Pool,0,40,0.0
2026-05-07 21:10:23,Thu,21,RPAC Cardio Canyon,20,68,29.4
2026-05-07 21:10:23,Thu,21,RPAC North Gym,6,230,2.6
2026-05-07 21:10:23,Thu,21,RPAC South Gym,0,230,0.0
2026-05-07 21:10:23,Thu,21,RPAC TWD Gym Courts 1-2,50,241,20.7
2026-05-07 21:10:23,Thu,21,RPAC TWD Gym Courts 3 - 4,100,241,41.5
2026-05-07 21:10:23,Thu,21,RPAC Upper Gym Courts 1 - 2,8,241,3.3
2026-05-07 21:10:23,Thu,21,RPAC Upper Gym Courts 3 - 4 ,11,241,4.6
2026-05-07 21:10:23,Thu,21,RPAC Weight Floor,60,125,48.0
2026-05-07 21:58:02,Thu,21,RPAC 1st Floor Fitness Balcony,17,55,30.9
2026-05-07 21:58:02,Thu,21,RPAC 2nd Floor Cardio Loft,3,37,8.1
2026-05-07 21:58:02,Thu,21,RPAC Aquatic Center - Class Pool,0,32,0.0
2026-05-07 21:58:02,Thu,21,RPAC Aquatic Center - Comp Pool,0,25,0.0
2026-05-07 21:58:02,Thu,21,RPAC Aquatic Center - Hot Tub,0,15,0.0
2026-05-07 21:58:02,Thu,21,RPAC Aquatic Center - Lap Pool,0,24,0.0
2026-05-07 21:58:02,Thu,21,RPAC Aquatic Center - Leisure Pool,0,40,0.0
2026-05-07 21:58:02,Thu,21,RPAC Cardio Canyon,20,68,29.4
2026-05-07 21:58:02,Thu,21,RPAC North Gym,6,230,2.6
2026-05-07 21:58:02,Thu,21,RPAC South Gym,0,230,0.0
2026-05-07 21:58:02,Thu,21,RPAC TWD Gym Courts 1-2,50,241,20.7
2026-05-07 21:58:02,Thu,21,RPAC TWD Gym Courts 3 - 4,100,241,41.5
2026-05-07 21:58:02,Thu,21,RPAC Upper Gym Courts 1 - 2,8,241,3.3
2026-05-07 21:58:02,Thu,21,RPAC Upper Gym Courts 3 - 4 ,11,241,4.6
2026-05-07 21:58:02,Thu,21,RPAC Weight Floor,60,125,48.0
2026-05-07 23:16:53,Thu,23,RPAC 1st Floor Fitness Balcony,17,55,30.9
2026-05-07 23:16:53,Thu,23,RPAC 2nd Floor Cardio Loft,3,37,8.1
2026-05-07 23:16:53,Thu,23,RPAC Aquatic Center - Class Pool,0,32,0.0
2026-05-07 23:16:53,Thu,23,RPAC Aquatic Center - Comp Pool,0,25,0.0
2026-05-07 23:16:53,Thu,23,RPAC Aquatic Center - Hot Tub,0,15,0.0
2026-05-07 23:16:53,Thu,23,RPAC Aquatic Center - Lap Pool,0,24,0.0
2026-05-07 23:16:53,Thu,23,RPAC Aquatic Center - Leisure Pool,0,40,0.0
2026-05-07 23:16:53,Thu,23,RPAC Cardio Canyon,20,68,29.4
2026-05-07 23:16:53,Thu,23,RPAC North Gym,6,230,2.6
2026-05-07 23:16:53,Thu,23,RPAC South Gym,0,230,0.0
2026-05-07 23:16:53,Thu,23,RPAC TWD Gym Courts 1-2,50,241,20.7
2026-05-07 23:16:53,Thu,23,RPAC TWD Gym Courts 3 - 4,100,241,41.5
2026-05-07 23:16:53,Thu,23,RPAC Upper Gym Courts 1 - 2,8,241,3.3
2026-05-07 23:16:53,Thu,23,RPAC Upper Gym Courts 3 - 4 ,11,241,4.6
2026-05-07 23:16:53,Thu,23,RPAC Weight Floor,60,125,48.0
2026-05-08 00:33:46,Fri,0,RPAC 1st Floor Fitness Balcony,17,55,30.9
2026-05-08 00:33:46,Fri,0,RPAC 2nd Floor Cardio Loft,3,37,8.1
2026-05-08 00:33:46,Fri,0,RPAC Aquatic Center - Class Pool,0,32,0.0
2026-05-08 00:33:46,Fri,0,RPAC Aquatic Center - Comp Pool,0,25,0.0
2026-05-08 00:33:46,Fri,0,RPAC Aquatic Center - Hot Tub,0,15,0.0
2026-05-08 00:33:46,Fri,0,RPAC Aquatic Center - Lap Pool,0,24,0.0
2026-05-08 00:33:46,Fri,0,RPAC Aquatic Center - Leisure Pool,0,40,0.0
2026-05-08 00:33:46,Fri,0,RPAC Cardio Canyon,20,68,29.4
2026-05-08 00:33:46,Fri,0,RPAC North Gym,6,230,2.6
2026-05-08 00:33:46,Fri,0,RPAC South Gym,0,230,0.0
2026-05-08 00:33:46,Fri,0,RPAC TWD Gym Courts 1-2,50,241,20.7
2026-05-08 00:33:46,Fri,0,RPAC TWD Gym Courts 3 - 4,100,241,41.5
2026-05-08 00:33:46,Fri,0,RPAC Upper Gym Courts 1 - 2,8,241,3.3
2026-05-08 00:33:46,Fri,0,RPAC Upper Gym Courts 3 - 4 ,11,241,4.6
2026-05-08 00:33:46,Fri,0,RPAC Weight Floor,60,125,48.0
2026-05-08 01:34:46,Fri,1,RPAC 1st Floor Fitness Balcony,17,55,30.9
2026-05-08 01:34:46,Fri,1,RPAC 2nd Floor Cardio Loft,3,37,8.1
2026-05-08 01:34:46,Fri,1,RPAC Aquatic Center - Class Pool,0,32,0.0
2026-05-08 01:34:46,Fri,1,RPAC Aquatic Center - Comp Pool,0,25,0.0
2026-05-08 01:34:46,Fri,1,RPAC Aquatic Center - Hot Tub,0,15,0.0
2026-05-08 01:34:46,Fri,1,RPAC Aquatic Center - Lap Pool,0,24,0.0
2026-05-08 01:34:46,Fri,1,RPAC Aquatic Center - Leisure Pool,0,40,0.0
2026-05-08 01:34:46,Fri,1,RPAC Cardio Canyon,20,68,29.4
2026-05-08 01:34:46,Fri,1,RPAC North Gym,6,230,2.6
2026-05-08 01:34:46,Fri,1,RPAC South Gym,0,230,0.0
2026-05-08 01:34:46,Fri,1,RPAC TWD Gym Courts 1-2,50,241,20.7
2026-05-08 01:34:46,Fri,1,RPAC TWD Gym Courts 3 - 4,100,241,41.5
2026-05-08 01:34:46,Fri,1,RPAC Upper Gym Courts 1 - 2,8,241,3.3
2026-05-08 01:34:46,Fri,1,RPAC Upper Gym Courts 3 - 4 ,11,241,4.6
2026-05-08 01:34:46,Fri,1,RPAC Weight Floor,60,125,48.0
2026-05-08 02:20:11,Fri,2,RPAC 1st Floor Fitness Balcony,17,55,30.9
2026-05-08 02:20:11,Fri,2,RPAC 2nd Floor Cardio Loft,3,37,8.1
2026-05-08 02:20:11,Fri,2,RPAC Aquatic Center - Class Pool,0,32,0.0
2026-05-08 02:20:11,Fri,2,RPAC Aquatic Center - Comp Pool,0,25,0.0
2026-05-08 02:20:11,Fri,2,RPAC Aquatic Center - Hot Tub,0,15,0.0
2026-05-08 02:20:11,Fri,2,RPAC Aquatic Center - Lap Pool,0,24,0.0
2026-05-08 02:20:11,Fri,2,RPAC Aquatic Center - Leisure Pool,0,40,0.0
2026-05-08 02:20:11,Fri,2,RPAC Cardio Canyon,20,68,29.4
2026-05-08 02:20:11,Fri,2,RPAC North Gym,6,230,2.6
2026-05-08 02:20:11,Fri,2,RPAC South Gym,0,230,0.0
2026-05-08 02:20:11,Fri,2,RPAC TWD Gym Courts 1-2,50,241,20.7
2026-05-08 02:20:11,Fri,2,RPAC TWD Gym Courts 3 - 4,100,241,41.5
2026-05-08 02:20:11,Fri,2,RPAC Upper Gym Courts 1 - 2,8,241,3.3
2026-05-08 02:20:11,Fri,2,RPAC Upper Gym Courts 3 - 4 ,11,241,4.6
2026-05-08 02:20:11,Fri,2,RPAC Weight Floor,60,125,48.0
2026-05-08 03:04:20,Fri,3,RPAC 1st Floor Fitness Balcony,17,55,30.9
2026-05-08 03:04:20,Fri,3,RPAC 2nd Floor Cardio Loft,3,37,8.1
2026-05-08 03:04:20,Fri,3,RPAC Aquatic Center - Class Pool,0,32,0.0
2026-05-08 03:04:20,Fri,3,RPAC Aquatic Center - Comp Pool,0,25,0.0
2026-05-08 03:04:20,Fri,3,RPAC Aquatic Center - Hot Tub,0,15,0.0
2026-05-08 03:04:20,Fri,3,RPAC Aquatic Center - Lap Pool,0,24,0.0
2026-05-08 03:04:20,Fri,3,RPAC Aquatic Center - Leisure Pool,0,40,0.0
2026-05-08 03:04:20,Fri,3,RPAC Cardio Canyon,20,68,29.4
2026-05-08 03:04:20,Fri,3,RPAC North Gym,6,230,2.6
2026-05-08 03:04:20,Fri,3,RPAC South Gym,0,230,0.0
2026-05-08 03:04:20,Fri,3,RPAC TWD Gym Courts 1-2,50,241,20.7
2026-05-08 03:04:20,Fri,3,RPAC TWD Gym Courts 3 - 4,100,241,41.5
2026-05-08 03:04:20,Fri,3,RPAC Upper Gym Courts 1 - 2,8,241,3.3
2026-05-08 03:04:20,Fri,3,RPAC Upper Gym Courts 3 - 4 ,11,241,4.6
2026-05-08 03:04:20,Fri,3,RPAC Weight Floor,60,125,48.0
2026-05-08 03:53:22,Fri,3,RPAC 1st Floor Fitness Balcony,17,55,30.9
2026-05-08 03:53:22,Fri,3,RPAC 2nd Floor Cardio Loft,3,37,8.1
2026-05-08 03:53:22,Fri,3,RPAC Aquatic Center - Class Pool,0,32,0.0
2026-05-08 03:53:22,Fri,3,RPAC Aquatic Center - Comp Pool,0,25,0.0
2026-05-08 03:53:22,Fri,3,RPAC Aquatic Center - Hot Tub,0,15,0.0
2026-05-08 03:53:22,Fri,3,RPAC Aquatic Center - Lap Pool,0,24,0.0
2026-05-08 03:53:22,Fri,3,RPAC Aquatic Center - Leisure Pool,0,40,0.0
2026-05-08 03:53:22,Fri,3,RPAC Cardio Canyon,20,68,29.4
2026-05-08 03:53:22,Fri,3,RPAC North Gym,6,230,2.6
2026-05-08 03:53:22,Fri,3,RPAC South Gym,0,230,0.0
2026-05-08 03:53:22,Fri,3,RPAC TWD Gym Courts 1-2,50,241,20.7
2026-05-08 03:53:22,Fri,3,RPAC TWD Gym Courts 3 - 4,100,241,41.5
2026-05-08 03:53:22,Fri,3,RPAC Upper Gym Courts 1 - 2,8,241,3.3
2026-05-08 03:53:22,Fri,3,RPAC Upper Gym Courts 3 - 4 ,11,241,4.6
2026-05-08 03:53:22,Fri,3,RPAC Weight Floor,60,125,48.0
2026-05-08 04:38:51,Fri,4,RPAC 1st Floor Fitness Balcony,17,55,30.9
2026-05-08 04:38:51,Fri,4,RPAC 2nd Floor Cardio Loft,3,37,8.1
2026-05-08 04:38:51,Fri,4,RPAC Aquatic Center - Class Pool,0,32,0.0
2026-05-08 04:38:51,Fri,4,RPAC Aquatic Center - Comp Pool,0,25,0.0
2026-05-08 04:38:51,Fri,4,RPAC Aquatic Center - Hot Tub,0,15,0.0
2026-05-08 04:38:51,Fri,4,RPAC Aquatic Center - Lap Pool,0,24,0.0
2026-05-08 04:38:51,Fri,4,RPAC Aquatic Center - Leisure Pool,0,40,0.0
2026-05-08 04:38:51,Fri,4,RPAC Cardio Canyon,20,68,29.4
2026-05-08 04:38:51,Fri,4,RPAC North Gym,6,230,2.6
2026-05-08 04:38:51,Fri,4,RPAC South Gym,0,230,0.0
2026-05-08 04:38:51,Fri,4,RPAC TWD Gym Courts 1-2,50,241,20.7
2026-05-08 04:38:51,Fri,4,RPAC TWD Gym Courts 3 - 4,100,241,41.5
2026-05-08 04:38:51,Fri,4,RPAC Upper Gym Courts 1 - 2,8,241,3.3
2026-05-08 04:38:51,Fri,4,RPAC Upper Gym Courts 3 - 4 ,11,241,4.6
2026-05-08 04:38:51,Fri,4,RPAC Weight Floor,60,125,48.0
2026-05-08 05:11:54,Fri,5,RPAC 1st Floor Fitness Balcony,17,55,30.9
2026-05-08 05:11:54,Fri,5,RPAC 2nd Floor Cardio Loft,3,37,8.1
2026-05-08 05:11:54,Fri,5,RPAC Aquatic Center - Class Pool,0,32,0.0
2026-05-08 05:11:54,Fri,5,RPAC Aquatic Center - Comp Pool,0,25,0.0
2026-05-08 05:11:54,Fri,5,RPAC Aquatic Center - Hot Tub,0,15,0.0
2026-05-08 05:11:54,Fri,5,RPAC Aquatic Center - Lap Pool,0,24,0.0
2026-05-08 05:11:54,Fri,5,RPAC Aquatic Center - Leisure Pool,0,40,0.0
2026-05-08 05:11:54,Fri,5,RPAC Cardio Canyon,20,68,29.4
2026-05-08 05:11:54,Fri,5,RPAC North Gym,6,230,2.6
2026-05-08 05:11:54,Fri,5,RPAC South Gym,0,230,0.0
2026-05-08 05:11:54,Fri,5,RPAC TWD Gym Courts 1-2,50,241,20.7
2026-05-08 05:11:54,Fri,5,RPAC TWD Gym Courts 3 - 4,100,241,41.5
2026-05-08 05:11:54,Fri,5,RPAC Upper Gym Courts 1 - 2,8,241,3.3
2026-05-08 05:11:54,Fri,5,RPAC Upper Gym Courts 3 - 4 ,11,241,4.6
2026-05-08 05:11:54,Fri,5,RPAC Weight Floor,60,125,48.0
2026-05-08 05:51:42,Fri,5,RPAC 1st Floor Fitness Balcony,17,55,30.9
2026-05-08 05:51:42,Fri,5,RPAC 2nd Floor Cardio Loft,3,37,8.1
2026-05-08 05:51:42,Fri,5,RPAC Aquatic Center - Class Pool,0,32,0.0
2026-05-08 05:51:42,Fri,5,RPAC Aquatic Center - Comp Pool,0,25,0.0
2026-05-08 05:51:42,Fri,5,RPAC Aquatic Center - Hot Tub,0,15,0.0
2026-05-08 05:51:42,Fri,5,RPAC Aquatic Center - Lap Pool,0,24,0.0
2026-05-08 05:51:42,Fri,5,RPAC Aquatic Center - Leisure Pool,0,40,0.0
2026-05-08 05:51:42,Fri,5,RPAC Cardio Canyon,20,68,29.4
2026-05-08 05:51:42,Fri,5,RPAC North Gym,6,230,2.6
2026-05-08 05:51:42,Fri,5,RPAC South Gym,0,230,0.0
2026-05-08 05:51:42,Fri,5,RPAC TWD Gym Courts 1-2,50,241,20.7
2026-05-08 05:51:42,Fri,5,RPAC TWD Gym Courts 3 - 4,100,241,41.5
2026-05-08 05:51:42,Fri,5,RPAC Upper Gym Courts 1 - 2,8,241,3.3
2026-05-08 05:51:42,Fri,5,RPAC Upper Gym Courts 3 - 4 ,11,241,4.6
2026-05-08 05:51:42,Fri,5,RPAC Weight Floor,60,125,48.0
2026-05-08 06:36:54,Fri,6,RPAC 1st Floor Fitness Balcony,17,55,30.9
2026-05-08 06:36:54,Fri,6,RPAC 2nd Floor Cardio Loft,3,37,8.1
2026-05-08 06:36:54,Fri,6,RPAC Aquatic Center - Class Pool,3,32,9.4
2026-05-08 06:36:54,Fri,6,RPAC Aquatic Center - Comp Pool,0,25,0.0
2026-05-08 06:36:54,Fri,6,RPAC Aquatic Center - Hot Tub,1,15,6.7
2026-05-08 06:36:54,Fri,6,RPAC Aquatic Center - Lap Pool,6,24,25.0
2026-05-08 06:36:54,Fri,6,RPAC Aquatic Center - Leisure Pool,0,40,0.0
2026-05-08 06:36:54,Fri,6,RPAC Cardio Canyon,20,68,29.4
2026-05-08 06:36:54,Fri,6,RPAC North Gym,6,230,2.6
2026-05-08 06:36:54,Fri,6,RPAC South Gym,0,230,0.0
2026-05-08 06:36:54,Fri,6,RPAC TWD Gym Courts 1-2,50,241,20.7
2026-05-08 06:36:54,Fri,6,RPAC TWD Gym Courts 3 - 4,100,241,41.5
2026-05-08 06:36:54,Fri,6,RPAC Upper Gym Courts 1 - 2,8,241,3.3
2026-05-08 06:36:54,Fri,6,RPAC Upper Gym Courts 3 - 4 ,11,241,4.6
2026-05-08 06:36:54,Fri,6,RPAC Weight Floor,60,125,48.0
2026-05-08 07:11:31,Fri,7,RPAC 1st Floor Fitness Balcony,17,55,30.9
2026-05-08 07:11:31,Fri,7,RPAC 2nd Floor Cardio Loft,3,37,8.1
2026-05-08 07:11:31,Fri,7,RPAC Aquatic Center - Class Pool,5,32,15.6
2026-05-08 07:11:31,Fri,7,RPAC Aquatic Center - Comp Pool,0,25,0.0
2026-05-08 07:11:31,Fri,7,RPAC Aquatic Center - Hot Tub,0,15,0.0
2026-05-08 07:11:31,Fri,7,RPAC Aquatic Center - Lap Pool,4,24,16.7
2026-05-08 07:11:31,Fri,7,RPAC Aquatic Center - Leisure Pool,0,40,0.0
2026-05-08 07:11:31,Fri,7,RPAC Cardio Canyon,20,68,29.4
2026-05-08 07:11:31,Fri,7,RPAC North Gym,6,230,2.6
2026-05-08 07:11:31,Fri,7,RPAC South Gym,0,230,0.0
2026-05-08 07:11:31,Fri,7,RPAC TWD Gym Courts 1-2,50,241,20.7
2026-05-08 07:11:31,Fri,7,RPAC TWD Gym Courts 3 - 4,100,241,41.5
2026-05-08 07:11:31,Fri,7,RPAC Upper Gym Courts 1 - 2,8,241,3.3
2026-05-08 07:11:31,Fri,7,RPAC Upper Gym Courts 3 - 4 ,11,241,4.6
2026-05-08 07:11:31,Fri,7,RPAC Weight Floor,60,125,48.0
2026-05-08 07:47:57,Fri,7,RPAC 1st Floor Fitness Balcony,17,55,30.9
2026-05-08 07:47:57,Fri,7,RPAC 2nd Floor Cardio Loft,3,37,8.1
2026-05-08 07:47:57,Fri,7,RPAC Aquatic Center - Class Pool,5,32,15.6
2026-05-08 07:47:57,Fri,7,RPAC Aquatic Center - Comp Pool,0,25,0.0
2026-05-08 07:47:57,Fri,7,RPAC Aquatic Center - Hot Tub,0,15,0.0
2026-05-08 07:47:57,Fri,7,RPAC Aquatic Center - Lap Pool,4,24,16.7
2026-05-08 07:47:57,Fri,7,RPAC Aquatic Center - Leisure Pool,0,40,0.0
2026-05-08 07:47:57,Fri,7,RPAC Cardio Canyon,20,68,29.4
2026-05-08 07:47:57,Fri,7,RPAC North Gym,6,230,2.6
2026-05-08 07:47:57,Fri,7,RPAC South Gym,0,230,0.0
2026-05-08 07:47:57,Fri,7,RPAC TWD Gym Courts 1-2,50,241,20.7
2026-05-08 07:47:57,Fri,7,RPAC TWD Gym Courts 3 - 4,100,241,41.5
2026-05-08 07:47:57,Fri,7,RPAC Upper Gym Courts 1 - 2,8,241,3.3
2026-05-08 07:47:57,Fri,7,RPAC Upper Gym Courts 3 - 4 ,11,241,4.6
2026-05-08 07:47:57,Fri,7,RPAC Weight Floor,60,125,48.0
2026-05-08 08:37:27,Fri,8,RPAC 1st Floor Fitness Balcony,17,55,30.9
2026-05-08 08:37:27,Fri,8,RPAC 2nd Floor Cardio Loft,3,37,8.1
2026-05-08 08:37:27,Fri,8,RPAC Aquatic Center - Class Pool,6,32,18.8
2026-05-08 08:37:27,Fri,8,RPAC Aquatic Center - Comp Pool,0,25,0.0
2026-05-08 08:37:27,Fri,8,RPAC Aquatic Center - Hot Tub,0,15,0.0
2026-05-08 08:37:27,Fri,8,RPAC Aquatic Center - Lap Pool,4,24,16.7
2026-05-08 08:37:27,Fri,8,RPAC Aquatic Center - Leisure Pool,0,40,0.0
2026-05-08 08:37:27,Fri,8,RPAC Cardio Canyon,20,68,29.4
2026-05-08 08:37:27,Fri,8,RPAC North Gym,6,230,2.6
2026-05-08 08:37:27,Fri,8,RPAC South Gym,0,230,0.0
2026-05-08 08:37:27,Fri,8,RPAC TWD Gym Courts 1-2,50,241,20.7
2026-05-08 08:37:27,Fri,8,RPAC TWD Gym Courts 3 - 4,100,241,41.5
2026-05-08 08:37:27,Fri,8,RPAC Upper Gym Courts 1 - 2,8,241,3.3
2026-05-08 08:37:27,Fri,8,RPAC Upper Gym Courts 3 - 4 ,11,241,4.6
2026-05-08 08:37:27,Fri,8,RPAC Weight Floor,60,125,48.0
2026-05-08 09:12:22,Fri,9,RPAC 1st Floor Fitness Balcony,17,55,30.9
2026-05-08 09:12:22,Fri,9,RPAC 2nd Floor Cardio Loft,3,37,8.1
2026-05-08 09:12:22,Fri,9,RPAC Aquatic Center - Class Pool,5,32,15.6
2026-05-08 09:12:22,Fri,9,RPAC Aquatic Center - Comp Pool,0,25,0.0
2026-05-08 09:12:22,Fri,9,RPAC Aquatic Center - Hot Tub,1,15,6.7
2026-05-08 09:12:22,Fri,9,RPAC Aquatic Center - Lap Pool,3,24,12.5
2026-05-08 09:12:22,Fri,9,RPAC Aquatic Center - Leisure Pool,0,40,0.0
2026-05-08 09:12:22,Fri,9,RPAC Cardio Canyon,20,68,29.4
2026-05-08 09:12:22,Fri,9,RPAC North Gym,6,230,2.6
2026-05-08 09:12:22,Fri,9,RPAC South Gym,0,230,0.0
2026-05-08 09:12:22,Fri,9,RPAC TWD Gym Courts 1-2,50,241,20.7
2026-05-08 09:12:22,Fri,9,RPAC TWD Gym Courts 3 - 4,100,241,41.5
2026-05-08 09:12:22,Fri,9,RPAC Upper Gym Courts 1 - 2,8,241,3.3
2026-05-08 09:12:22,Fri,9,RPAC Upper Gym Courts 3 - 4 ,11,241,4.6
2026-05-08 09:12:22,Fri,9,RPAC Weight Floor,60,125,48.0
2026-05-08 09:58:21,Fri,9,RPAC 1st Floor Fitness Balcony,17,55,30.9
2026-05-08 09:58:21,Fri,9,RPAC 2nd Floor Cardio Loft,3,37,8.1
2026-05-08 09:58:21,Fri,9,RPAC Aquatic Center - Class Pool,5,32,15.6
2026-05-08 09:58:21,Fri,9,RPAC Aquatic Center - Comp Pool,0,25,0.0
2026-05-08 09:58:21,Fri,9,RPAC Aquatic Center - Hot Tub,1,15,6.7
2026-05-08 09:58:21,Fri,9,RPAC Aquatic Center - Lap Pool,3,24,12.5
2026-05-08 09:58:21,Fri,9,RPAC Aquatic Center - Leisure Pool,0,40,0.0
2026-05-08 09:58:21,Fri,9,RPAC Cardio Canyon,20,68,29.4
2026-05-08 09:58:21,Fri,9,RPAC North Gym,6,230,2.6
2026-05-08 09:58:21,Fri,9,RPAC South Gym,0,230,0.0
2026-05-08 09:58:21,Fri,9,RPAC TWD Gym Courts 1-2,50,241,20.7
2026-05-08 09:58:21,Fri,9,RPAC TWD Gym Courts 3 - 4,100,241,41.5
2026-05-08 09:58:21,Fri,9,RPAC Upper Gym Courts 1 - 2,8,241,3.3
2026-05-08 09:58:21,Fri,9,RPAC Upper Gym Courts 3 - 4 ,11,241,4.6
2026-05-08 09:58:21,Fri,9,RPAC Weight Floor,60,125,48.0
2026-05-08 10:45:45,Fri,10,RPAC 1st Floor Fitness Balcony,17,55,30.9
2026-05-08 10:45:45,Fri,10,RPAC 2nd Floor Cardio Loft,3,37,8.1
2026-05-08 10:45:45,Fri,10,RPAC Aquatic Center - Class Pool,3,32,9.4
2026-05-08 10:45:45,Fri,10,RPAC Aquatic Center - Comp Pool,0,25,0.0
2026-05-08 10:45:45,Fri,10,RPAC Aquatic Center - Hot Tub,0,15,0.0
2026-05-08 10:45:45,Fri,10,RPAC Aquatic Center - Lap Pool,3,24,12.5
2026-05-08 10:45:45,Fri,10,RPAC Aquatic Center - Leisure Pool,0,40,0.0
2026-05-08 10:45:45,Fri,10,RPAC Cardio Canyon,20,68,29.4
2026-05-08 10:45:45,Fri,10,RPAC North Gym,6,230,2.6
2026-05-08 10:45:45,Fri,10,RPAC South Gym,0,230,0.0
2026-05-08 10:45:45,Fri,10,RPAC TWD Gym Courts 1-2,50,241,20.7
2026-05-08 10:45:45,Fri,10,RPAC TWD Gym Courts 3 - 4,100,241,41.5
2026-05-08 10:45:45,Fri,10,RPAC Upper Gym Courts 1 - 2,8,241,3.3
2026-05-08 10:45:45,Fri,10,RPAC Upper Gym Courts 3 - 4 ,11,241,4.6
2026-05-08 10:45:45,Fri,10,RPAC Weight Floor,60,125,48.0
2026-05-08 11:37:34,Fri,11,RPAC 1st Floor Fitness Balcony,17,55,30.9
2026-05-08 11:37:34,Fri,11,RPAC 2nd Floor Cardio Loft,3,37,8.1
2026-05-08 11:37:34,Fri,11,RPAC Aquatic Center - Class Pool,2,32,6.2
2026-05-08 11:37:34,Fri,11,RPAC Aquatic Center - Comp Pool,0,25,0.0
2026-05-08 11:37:34,Fri,11,RPAC Aquatic Center - Hot Tub,1,15,6.7
2026-05-08 11:37:34,Fri,11,RPAC Aquatic Center - Lap Pool,1,24,4.2
2026-05-08 11:37:34,Fri,11,RPAC Aquatic Center - Leisure Pool,0,40,0.0
2026-05-08 11:37:34,Fri,11,RPAC Cardio Canyon,20,68,29.4
2026-05-08 11:37:34,Fri,11,RPAC North Gym,6,230,2.6
2026-05-08 11:37:34,Fri,11,RPAC South Gym,0,230,0.0
2026-05-08 11:37:34,Fri,11,RPAC TWD Gym Courts 1-2,50,241,20.7
2026-05-08 11:37:34,Fri,11,RPAC TWD Gym Courts 3 - 4,100,241,41.5
2026-05-08 11:37:34,Fri,11,RPAC Upper Gym Courts 1 - 2,8,241,3.3
2026-05-08 11:37:34,Fri,11,RPAC Upper Gym Courts 3 - 4 ,11,241,4.6
2026-05-08 11:37:34,Fri,11,RPAC Weight Floor,60,125,48.0
2026-05-08 12:11:36,Fri,12,RPAC 1st Floor Fitness Balcony,17,55,30.9
2026-05-08 12:11:36,Fri,12,RPAC 2nd Floor Cardio Loft,3,37,8.1
2026-05-08 12:11:36,Fri,12,RPAC Aquatic Center - Class Pool,5,32,15.6
2026-05-08 12:11:36,Fri,12,RPAC Aquatic Center - Comp Pool,0,25,0.0
2026-05-08 12:11:36,Fri,12,RPAC Aquatic Center - Hot Tub,1,15,6.7
2026-05-08 12:11:36,Fri,12,RPAC Aquatic Center - Lap Pool,2,24,8.3
2026-05-08 12:11:36,Fri,12,RPAC Aquatic Center - Leisure Pool,0,40,0.0
2026-05-08 12:11:36,Fri,12,RPAC Cardio Canyon,20,68,29.4
2026-05-08 12:11:36,Fri,12,RPAC North Gym,6,230,2.6
2026-05-08 12:11:36,Fri,12,RPAC South Gym,0,230,0.0
2026-05-08 12:11:36,Fri,12,RPAC TWD Gym Courts 1-2,50,241,20.7
2026-05-08 12:11:36,Fri,12,RPAC TWD Gym Courts 3 - 4,100,241,41.5
2026-05-08 12:11:36,Fri,12,RPAC Upper Gym Courts 1 - 2,8,241,3.3
2026-05-08 12:11:36,Fri,12,RPAC Upper Gym Courts 3 - 4 ,11,241,4.6
2026-05-08 12:11:36,Fri,12,RPAC Weight Floor,60,125,48.0
2026-05-08 12:46:56,Fri,12,RPAC 1st Floor Fitness Balcony,17,55,30.9
2026-05-08 12:46:56,Fri,12,RPAC 2nd Floor Cardio Loft,3,37,8.1
2026-05-08 12:46:56,Fri,12,RPAC Aquatic Center - Class Pool,2,32,6.2
2026-05-08 12:46:56,Fri,12,RPAC Aquatic Center - Comp Pool,0,25,0.0
2026-05-08 12:46:56,Fri,12,RPAC Aquatic Center - Hot Tub,3,15,20.0
2026-05-08 12:46:56,Fri,12,RPAC Aquatic Center - Lap Pool,4,24,16.7
2026-05-08 12:46:56,Fri,12,RPAC Aquatic Center - Leisure Pool,0,40,0.0
2026-05-08 12:46:56,Fri,12,RPAC Cardio Canyon,20,68,29.4
2026-05-08 12:46:56,Fri,12,RPAC North Gym,6,230,2.6
2026-05-08 12:46:56,Fri,12,RPAC South Gym,0,230,0.0
2026-05-08 12:46:56,Fri,12,RPAC TWD Gym Courts 1-2,50,241,20.7
2026-05-08 12:46:56,Fri,12,RPAC TWD Gym Courts 3 - 4,100,241,41.5
2026-05-08 12:46:56,Fri,12,RPAC Upper Gym Courts 1 - 2,8,241,3.3
2026-05-08 12:46:56,Fri,12,RPAC Upper Gym Courts 3 - 4 ,11,241,4.6
2026-05-08 12:46:56,Fri,12,RPAC Weight Floor,60,125,48.0
2026-05-08 13:35:34,Fri,13,RPAC 1st Floor Fitness Balcony,17,55,30.9
2026-05-08 13:35:34,Fri,13,RPAC 2nd Floor Cardio Loft,3,37,8.1
2026-05-08 13:35:34,Fri,13,RPAC Aquatic Center - Class Pool,2,32,6.2
2026-05-08 13:35:34,Fri,13,RPAC Aquatic Center - Comp Pool,0,25,0.0
2026-05-08 13:35:34,Fri,13,RPAC Aquatic Center - Hot Tub,3,15,20.0
2026-05-08 13:35:34,Fri,13,RPAC Aquatic Center - Lap Pool,4,24,16.7
2026-05-08 13:35:34,Fri,13,RPAC Aquatic Center - Leisure Pool,0,40,0.0
2026-05-08 13:35:34,Fri,13,RPAC Cardio Canyon,20,68,29.4
2026-05-08 13:35:34,Fri,13,RPAC North Gym,6,230,2.6
2026-05-08 13:35:34,Fri,13,RPAC South Gym,0,230,0.0
2026-05-08 13:35:34,Fri,13,RPAC TWD Gym Courts 1-2,50,241,20.7
2026-05-08 13:35:34,Fri,13,RPAC TWD Gym Courts 3 - 4,100,241,41.5
2026-05-08 13:35:34,Fri,13,RPAC Upper Gym Courts 1 - 2,8,241,3.3
2026-05-08 13:35:34,Fri,13,RPAC Upper Gym Courts 3 - 4 ,11,241,4.6
2026-05-08 13:35:34,Fri,13,RPAC Weight Floor,60,125,48.0
2026-05-08 14:10:44,Fri,14,RPAC 1st Floor Fitness Balcony,17,55,30.9
2026-05-08 14:10:44,Fri,14,RPAC 2nd Floor Cardio Loft,3,37,8.1
2026-05-08 14:10:44,Fri,14,RPAC Aquatic Center - Class Pool,2,32,6.2
2026-05-08 14:10:44,Fri,14,RPAC Aquatic Center - Comp Pool,0,25,0.0
2026-05-08 14:10:44,Fri,14,RPAC Aquatic Center - Hot Tub,1,15,6.7
2026-05-08 14:10:44,Fri,14,RPAC Aquatic Center - Lap Pool,5,24,20.8
2026-05-08 14:10:44,Fri,14,RPAC Aquatic Center - Leisure Pool,0,40,0.0
2026-05-08 14:10:44,Fri,14,RPAC Cardio Canyon,20,68,29.4
2026-05-08 14:10:44,Fri,14,RPAC North Gym,6,230,2.6
2026-05-08 14:10:44,Fri,14,RPAC South Gym,0,230,0.0
2026-05-08 14:10:44,Fri,14,RPAC TWD Gym Courts 1-2,50,241,20.7
2026-05-08 14:10:44,Fri,14,RPAC TWD Gym Courts 3 - 4,100,241,41.5
2026-05-08 14:10:44,Fri,14,RPAC Upper Gym Courts 1 - 2,8,241,3.3
2026-05-08 14:10:44,Fri,14,RPAC Upper Gym Courts 3 - 4 ,11,241,4.6
2026-05-08 14:10:44,Fri,14,RPAC Weight Floor,60,125,48.0
2026-05-08 14:46:57,Fri,14,RPAC 1st Floor Fitness Balcony,17,55,30.9
2026-05-08 14:46:57,Fri,14,RPAC 2nd Floor Cardio Loft,3,37,8.1
2026-05-08 14:46:57,Fri,14,RPAC Aquatic Center - Class Pool,2,32,6.2
2026-05-08 14:46:57,Fri,14,RPAC Aquatic Center - Comp Pool,0,25,0.0
2026-05-08 14:46:57,Fri,14,RPAC Aquatic Center - Hot Tub,2,15,13.3
2026-05-08 14:46:57,Fri,14,RPAC Aquatic Center - Lap Pool,6,24,25.0
2026-05-08 14:46:57,Fri,14,RPAC Aquatic Center - Leisure Pool,0,40,0.0
2026-05-08 14:46:57,Fri,14,RPAC Cardio Canyon,20,68,29.4
2026-05-08 14:46:57,Fri,14,RPAC North Gym,6,230,2.6
2026-05-08 14:46:57,Fri,14,RPAC South Gym,0,230,0.0
2026-05-08 14:46:57,Fri,14,RPAC TWD Gym Courts 1-2,50,241,20.7
2026-05-08 14:46:57,Fri,14,RPAC TWD Gym Courts 3 - 4,100,241,41.5
2026-05-08 14:46:57,Fri,14,RPAC Upper Gym Courts 1 - 2,8,241,3.3
2026-05-08 14:46:57,Fri,14,RPAC Upper Gym Courts 3 - 4 ,11,241,4.6
2026-05-08 14:46:57,Fri,14,RPAC Weight Floor,60,125,48.0
2026-05-08 15:34:45,Fri,15,RPAC 1st Floor Fitness Balcony,17,55,30.9
2026-05-08 15:34:45,Fri,15,RPAC 2nd Floor Cardio Loft,3,37,8.1
2026-05-08 15:34:45,Fri,15,RPAC Aquatic Center - Class Pool,5,32,15.6
2026-05-08 15:34:45,Fri,15,RPAC Aquatic Center - Comp Pool,0,25,0.0
2026-05-08 15:34:45,Fri,15,RPAC Aquatic Center - Hot Tub,3,15,20.0
2026-05-08 15:34:45,Fri,15,RPAC Aquatic Center - Lap Pool,3,24,12.5
2026-05-08 15:34:45,Fri,15,RPAC Aquatic Center - Leisure Pool,0,40,0.0
2026-05-08 15:34:45,Fri,15,RPAC Cardio Canyon,20,68,29.4
2026-05-08 15:34:45,Fri,15,RPAC North Gym,6,230,2.6
2026-05-08 15:34:45,Fri,15,RPAC South Gym,0,230,0.0
2026-05-08 15:34:45,Fri,15,RPAC TWD Gym Courts 1-2,50,241,20.7
2026-05-08 15:34:45,Fri,15,RPAC TWD Gym Courts 3 - 4,100,241,41.5
2026-05-08 15:34:45,Fri,15,RPAC Upper Gym Courts 1 - 2,8,241,3.3
2026-05-08 15:34:45,Fri,15,RPAC Upper Gym Courts 3 - 4 ,11,241,4.6
2026-05-08 15:34:45,Fri,15,RPAC Weight Floor,60,125,48.0
2026-05-08 16:09:53,Fri,16,RPAC 1st Floor Fitness Balcony,17,55,30.9
2026-05-08 16:09:53,Fri,16,RPAC 2nd Floor Cardio Loft,3,37,8.1
2026-05-08 16:09:53,Fri,16,RPAC Aquatic Center - Class Pool,5,32,15.6
2026-05-08 16:09:53,Fri,16,RPAC Aquatic Center - Comp Pool,0,25,0.0
2026-05-08 16:09:53,Fri,16,RPAC Aquatic Center - Hot Tub,3,15,20.0
2026-05-08 16:09:53,Fri,16,RPAC Aquatic Center - Lap Pool,3,24,12.5
2026-05-08 16:09:53,Fri,16,RPAC Aquatic Center - Leisure Pool,0,40,0.0
2026-05-08 16:09:53,Fri,16,RPAC Cardio Canyon,20,68,29.4
2026-05-08 16:09:53,Fri,16,RPAC North Gym,6,230,2.6
2026-05-08 16:09:53,Fri,16,RPAC South Gym,0,230,0.0
2026-05-08 16:09:53,Fri,16,RPAC TWD Gym Courts 1-2,50,241,20.7
2026-05-08 16:09:53,Fri,16,RPAC TWD Gym Courts 3 - 4,100,241,41.5
2026-05-08 16:09:53,Fri,16,RPAC Upper Gym Courts 1 - 2,8,241,3.3
2026-05-08 16:09:53,Fri,16,RPAC Upper Gym Courts 3 - 4 ,11,241,4.6
2026-05-08 16:09:53,Fri,16,RPAC Weight Floor,60,125,48.0
2026-05-08 16:36:47,Fri,16,RPAC 1st Floor Fitness Balcony,17,55,30.9
2026-05-08 16:36:47,Fri,16,RPAC 2nd Floor Cardio Loft,3,37,8.1
2026-05-08 16:36:47,Fri,16,RPAC Aquatic Center - Class Pool,5,32,15.6
2026-05-08 16:36:47,Fri,16,RPAC Aquatic Center - Comp Pool,0,25,0.0
2026-05-08 16:36:47,Fri,16,RPAC Aquatic Center - Hot Tub,3,15,20.0
2026-05-08 16:36:47,Fri,16,RPAC Aquatic Center - Lap Pool,3,24,12.5
2026-05-08 16:36:47,Fri,16,RPAC Aquatic Center - Leisure Pool,0,40,0.0
2026-05-08 16:36:47,Fri,16,RPAC Cardio Canyon,20,68,29.4
2026-05-08 16:36:47,Fri,16,RPAC North Gym,6,230,2.6
2026-05-08 16:36:47,Fri,16,RPAC South Gym,0,230,0.0
2026-05-08 16:36:47,Fri,16,RPAC TWD Gym Courts 1-2,50,241,20.7
2026-05-08 16:36:47,Fri,16,RPAC TWD Gym Courts 3 - 4,100,241,41.5
2026-05-08 16:36:47,Fri,16,RPAC Upper Gym Courts 1 - 2,8,241,3.3
2026-05-08 16:36:47,Fri,16,RPAC Upper Gym Courts 3 - 4 ,11,241,4.6
2026-05-08 16:36:47,Fri,16,RPAC Weight Floor,60,125,48.0
2026-05-08 17:09:36,Fri,17,RPAC 1st Floor Fitness Balcony,17,55,30.9
2026-05-08 17:09:36,Fri,17,RPAC 2nd Floor Cardio Loft,3,37,8.1
2026-05-08 17:09:36,Fri,17,RPAC Aquatic Center - Class Pool,8,32,25.0
2026-05-08 17:09:36,Fri,17,RPAC Aquatic Center - Comp Pool,0,25,0.0
2026-05-08 17:09:36,Fri,17,RPAC Aquatic Center - Hot Tub,2,15,13.3
2026-05-08 17:09:36,Fri,17,RPAC Aquatic Center - Lap Pool,6,24,25.0
2026-05-08 17:09:36,Fri,17,RPAC Aquatic Center - Leisure Pool,0,40,0.0
2026-05-08 17:09:36,Fri,17,RPAC Cardio Canyon,20,68,29.4
2026-05-08 17:09:36,Fri,17,RPAC North Gym,6,230,2.6
2026-05-08 17:09:36,Fri,17,RPAC South Gym,0,230,0.0
2026-05-08 17:09:36,Fri,17,RPAC TWD Gym Courts 1-2,50,241,20.7
2026-05-08 17:09:36,Fri,17,RPAC TWD Gym Courts 3 - 4,100,241,41.5
2026-05-08 17:09:36,Fri,17,RPAC Upper Gym Courts 1 - 2,8,241,3.3
2026-05-08 17:09:36,Fri,17,RPAC Upper Gym Courts 3 - 4 ,11,241,4.6
2026-05-08 17:09:36,Fri,17,RPAC Weight Floor,60,125,48.0
2026-05-08 17:36:34,Fri,17,RPAC 1st Floor Fitness Balcony,17,55,30.9
2026-05-08 17:36:34,Fri,17,RPAC 2nd Floor Cardio Loft,3,37,8.1
2026-05-08 17:36:34,Fri,17,RPAC Aquatic Center - Class Pool,8,32,25.0
2026-05-08 17:36:34,Fri,17,RPAC Aquatic Center - Comp Pool,0,25,0.0
2026-05-08 17:36:34,Fri,17,RPAC Aquatic Center - Hot Tub,2,15,13.3
2026-05-08 17:36:34,Fri,17,RPAC Aquatic Center - Lap Pool,6,24,25.0
2026-05-08 17:36:34,Fri,17,RPAC Aquatic Center - Leisure Pool,0,40,0.0
2026-05-08 17:36:34,Fri,17,RPAC Cardio Canyon,20,68,29.4
2026-05-08 17:36:34,Fri,17,RPAC North Gym,6,230,2.6
2026-05-08 17:36:34,Fri,17,RPAC South Gym,0,230,0.0
2026-05-08 17:36:34,Fri,17,RPAC TWD Gym Courts 1-2,50,241,20.7
2026-05-08 17:36:34,Fri,17,RPAC TWD Gym Courts 3 - 4,100,241,41.5
2026-05-08 17:36:34,Fri,17,RPAC Upper Gym Courts 1 - 2,8,241,3.3
2026-05-08 17:36:34,Fri,17,RPAC Upper Gym Courts 3 - 4 ,11,241,4.6
2026-05-08 17:36:34,Fri,17,RPAC Weight Floor,60,125,48.0
2026-05-08 18:08:05,Fri,18,RPAC 1st Floor Fitness Balcony,17,55,30.9
2026-05-08 18:08:05,Fri,18,RPAC 2nd Floor Cardio Loft,3,37,8.1
2026-05-08 18:08:05,Fri,18,RPAC Aquatic Center - Class Pool,8,32,25.0
2026-05-08 18:08:05,Fri,18,RPAC Aquatic Center - Comp Pool,0,25,0.0
2026-05-08 18:08:05,Fri,18,RPAC Aquatic Center - Hot Tub,2,15,13.3
2026-05-08 18:08:05,Fri,18,RPAC Aquatic Center - Lap Pool,6,24,25.0
2026-05-08 18:08:05,Fri,18,RPAC Aquatic Center - Leisure Pool,0,40,0.0
2026-05-08 18:08:05,Fri,18,RPAC Cardio Canyon,20,68,29.4
2026-05-08 18:08:05,Fri,18,RPAC North Gym,6,230,2.6
2026-05-08 18:08:05,Fri,18,RPAC South Gym,0,230,0.0
2026-05-08 18:08:05,Fri,18,RPAC TWD Gym Courts 1-2,50,241,20.7
2026-05-08 18:08:05,Fri,18,RPAC TWD Gym Courts 3 - 4,100,241,41.5
2026-05-08 18:08:05,Fri,18,RPAC Upper Gym Courts 1 - 2,8,241,3.3
2026-05-08 18:08:05,Fri,18,RPAC Upper Gym Courts 3 - 4 ,11,241,4.6
2026-05-08 18:08:05,Fri,18,RPAC Weight Floor,60,125,48.0
2026-05-08 18:35:03,Fri,18,RPAC 1st Floor Fitness Balcony,17,55,30.9
2026-05-08 18:35:03,Fri,18,RPAC 2nd Floor Cardio Loft,3,37,8.1
2026-05-08 18:35:03,Fri,18,RPAC Aquatic Center - Class Pool,8,32,25.0
2026-05-08 18:35:03,Fri,18,RPAC Aquatic Center - Comp Pool,0,25,0.0
2026-05-08 18:35:03,Fri,18,RPAC Aquatic Center - Hot Tub,2,15,13.3
2026-05-08 18:35:03,Fri,18,RPAC Aquatic Center - Lap Pool,6,24,25.0
2026-05-08 18:35:03,Fri,18,RPAC Aquatic Center - Leisure Pool,0,40,0.0
2026-05-08 18:35:03,Fri,18,RPAC Cardio Canyon,20,68,29.4
2026-05-08 18:35:03,Fri,18,RPAC North Gym,6,230,2.6
2026-05-08 18:35:03,Fri,18,RPAC South Gym,0,230,0.0
2026-05-08 18:35:03,Fri,18,RPAC TWD Gym Courts 1-2,50,241,20.7
2026-05-08 18:35:03,Fri,18,RPAC TWD Gym Courts 3 - 4,100,241,41.5
2026-05-08 18:35:03,Fri,18,RPAC Upper Gym Courts 1 - 2,8,241,3.3
2026-05-08 18:35:03,Fri,18,RPAC Upper Gym Courts 3 - 4 ,11,241,4.6
2026-05-08 18:35:03,Fri,18,RPAC Weight Floor,60,125,48.0
2026-05-08 19:06:46,Fri,19,RPAC 1st Floor Fitness Balcony,17,55,30.9
2026-05-08 19:06:46,Fri,19,RPAC 2nd Floor Cardio Loft,3,37,8.1
2026-05-08 19:06:46,Fri,19,RPAC Aquatic Center - Class Pool,8,32,25.0
2026-05-08 19:06:46,Fri,19,RPAC Aquatic Center - Comp Pool,0,25,0.0
2026-05-08 19:06:46,Fri,19,RPAC Aquatic Center - Hot Tub,0,15,0.0
2026-05-08 19:06:46,Fri,19,RPAC Aquatic Center - Lap Pool,6,24,25.0
2026-05-08 19:06:46,Fri,19,RPAC Aquatic Center - Leisure Pool,0,40,0.0
2026-05-08 19:06:46,Fri,19,RPAC Cardio Canyon,20,68,29.4
2026-05-08 19:06:46,Fri,19,RPAC North Gym,6,230,2.6
2026-05-08 19:06:46,Fri,19,RPAC South Gym,0,230,0.0
2026-05-08 19:06:46,Fri,19,RPAC TWD Gym Courts 1-2,50,241,20.7
2026-05-08 19:06:46,Fri,19,RPAC TWD Gym Courts 3 - 4,100,241,41.5
2026-05-08 19:06:46,Fri,19,RPAC Upper Gym Courts 1 - 2,8,241,3.3
2026-05-08 19:06:46,Fri,19,RPAC Upper Gym Courts 3 - 4 ,11,241,4.6
2026-05-08 19:06:46,Fri,19,RPAC Weight Floor,60,125,48.0
2026-05-08 19:35:07,Fri,19,RPAC 1st Floor Fitness Balcony,17,55,30.9
2026-05-08 19:35:07,Fri,19,RPAC 2nd Floor Cardio Loft,3,37,8.1
2026-05-08 19:35:07,Fri,19,RPAC Aquatic Center - Class Pool,8,32,25.0
2026-05-08 19:35:07,Fri,19,RPAC Aquatic Center - Comp Pool,0,25,0.0
2026-05-08 19:35:07,Fri,19,RPAC Aquatic Center - Hot Tub,0,15,0.0
2026-05-08 19:35:07,Fri,19,RPAC Aquatic Center - Lap Pool,6,24,25.0
2026-05-08 19:35:07,Fri,19,RPAC Aquatic Center - Leisure Pool,0,40,0.0
2026-05-08 19:35:07,Fri,19,RPAC Cardio Canyon,20,68,29.4
2026-05-08 19:35:07,Fri,19,RPAC North Gym,6,230,2.6
2026-05-08 19:35:07,Fri,19,RPAC South Gym,0,230,0.0
2026-05-08 19:35:07,Fri,19,RPAC TWD Gym Courts 1-2,50,241,20.7
2026-05-08 19:35:07,Fri,19,RPAC TWD Gym Courts 3 - 4,100,241,41.5
2026-05-08 19:35:07,Fri,19,RPAC Upper Gym Courts 1 - 2,8,241,3.3
2026-05-08 19:35:07,Fri,19,RPAC Upper Gym Courts 3 - 4 ,11,241,4.6
2026-05-08 19:35:07,Fri,19,RPAC Weight Floor,60,125,48.0
2026-05-08 20:06:45,Fri,20,RPAC 1st Floor Fitness Balcony,17,55,30.9
2026-05-08 20:06:45,Fri,20,RPAC 2nd Floor Cardio Loft,3,37,8.1
2026-05-08 20:06:45,Fri,20,RPAC Aquatic Center - Class Pool,8,32,25.0
2026-05-08 20:06:45,Fri,20,RPAC Aquatic Center - Comp Pool,0,25,0.0
2026-05-08 20:06:45,Fri,20,RPAC Aquatic Center - Hot Tub,0,15,0.0
2026-05-08 20:06:45,Fri,20,RPAC Aquatic Center - Lap Pool,6,24,25.0
2026-05-08 20:06:45,Fri,20,RPAC Aquatic Center - Leisure Pool,0,40,0.0
2026-05-08 20:06:45,Fri,20,RPAC Cardio Canyon,20,68,29.4
2026-05-08 20:06:45,Fri,20,RPAC North Gym,6,230,2.6
2026-05-08 20:06:45,Fri,20,RPAC South Gym,0,230,0.0
2026-05-08 20:06:45,Fri,20,RPAC TWD Gym Courts 1-2,50,241,20.7
2026-05-08 20:06:45,Fri,20,RPAC TWD Gym Courts 3 - 4,100,241,41.5
2026-05-08 20:06:45,Fri,20,RPAC Upper Gym Courts 1 - 2,8,241,3.3
2026-05-08 20:06:45,Fri,20,RPAC Upper Gym Courts 3 - 4 ,11,241,4.6
2026-05-08 20:06:45,Fri,20,RPAC Weight Floor,60,125,48.0
2026-05-08 21:09:01,Fri,21,RPAC 1st Floor Fitness Balcony,17,55,30.9
2026-05-08 21:09:01,Fri,21,RPAC 2nd Floor Cardio Loft,3,37,8.1
2026-05-08 21:09:01,Fri,21,RPAC Aquatic Center - Class Pool,8,32,25.0
2026-05-08 21:09:01,Fri,21,RPAC Aquatic Center - Comp Pool,0,25,0.0
2026-05-08 21:09:01,Fri,21,RPAC Aquatic Center - Hot Tub,0,15,0.0
2026-05-08 21:09:01,Fri,21,RPAC Aquatic Center - Lap Pool,6,24,25.0
2026-05-08 21:09:01,Fri,21,RPAC Aquatic Center - Leisure Pool,0,40,0.0
2026-05-08 21:09:01,Fri,21,RPAC Cardio Canyon,20,68,29.4
2026-05-08 21:09:01,Fri,21,RPAC North Gym,6,230,2.6
2026-05-08 21:09:01,Fri,21,RPAC South Gym,0,230,0.0
2026-05-08 21:09:01,Fri,21,RPAC TWD Gym Courts 1-2,50,241,20.7
2026-05-08 21:09:01,Fri,21,RPAC TWD Gym Courts 3 - 4,100,241,41.5
2026-05-08 21:09:01,Fri,21,RPAC Upper Gym Courts 1 - 2,8,241,3.3
2026-05-08 21:09:01,Fri,21,RPAC Upper Gym Courts 3 - 4 ,11,241,4.6
2026-05-08 21:09:01,Fri,21,RPAC Weight Floor,60,125,48.0
2026-05-08 21:57:14,Fri,21,RPAC 1st Floor Fitness Balcony,17,55,30.9
2026-05-08 21:57:14,Fri,21,RPAC 2nd Floor Cardio Loft,3,37,8.1
2026-05-08 21:57:14,Fri,21,RPAC Aquatic Center - Class Pool,8,32,25.0
2026-05-08 21:57:14,Fri,21,RPAC Aquatic Center - Comp Pool,0,25,0.0
2026-05-08 21:57:14,Fri,21,RPAC Aquatic Center - Hot Tub,0,15,0.0
2026-05-08 21:57:14,Fri,21,RPAC Aquatic Center - Lap Pool,6,24,25.0
2026-05-08 21:57:14,Fri,21,RPAC Aquatic Center - Leisure Pool,0,40,0.0
2026-05-08 21:57:14,Fri,21,RPAC Cardio Canyon,20,68,29.4
2026-05-08 21:57:14,Fri,21,RPAC North Gym,6,230,2.6
2026-05-08 21:57:14,Fri,21,RPAC South Gym,0,230,0.0
2026-05-08 21:57:14,Fri,21,RPAC TWD Gym Courts 1-2,50,241,20.7
2026-05-08 21:57:14,Fri,21,RPAC TWD Gym Courts 3 - 4,100,241,41.5
2026-05-08 21:57:14,Fri,21,RPAC Upper Gym Courts 1 - 2,8,241,3.3
2026-05-08 21:57:14,Fri,21,RPAC Upper Gym Courts 3 - 4 ,11,241,4.6
2026-05-08 21:57:14,Fri,21,RPAC Weight Floor,60,125,48.0
2026-05-08 23:18:22,Fri,23,RPAC 1st Floor Fitness Balcony,17,55,30.9
2026-05-08 23:18:22,Fri,23,RPAC 2nd Floor Cardio Loft,3,37,8.1
2026-05-08 23:18:22,Fri,23,RPAC Aquatic Center - Class Pool,8,32,25.0
2026-05-08 23:18:22,Fri,23,RPAC Aquatic Center - Comp Pool,0,25,0.0
2026-05-08 23:18:22,Fri,23,RPAC Aquatic Center - Hot Tub,0,15,0.0
2026-05-08 23:18:22,Fri,23,RPAC Aquatic Center - Lap Pool,6,24,25.0
2026-05-08 23:18:22,Fri,23,RPAC Aquatic Center - Leisure Pool,0,40,0.0
2026-05-08 23:18:22,Fri,23,RPAC Cardio Canyon,20,68,29.4
2026-05-08 23:18:22,Fri,23,RPAC North Gym,6,230,2.6
2026-05-08 23:18:22,Fri,23,RPAC South Gym,0,230,0.0
2026-05-08 23:18:22,Fri,23,RPAC TWD Gym Courts 1-2,50,241,20.7
2026-05-08 23:18:22,Fri,23,RPAC TWD Gym Courts 3 - 4,100,241,41.5
2026-05-08 23:18:22,Fri,23,RPAC Upper Gym Courts 1 - 2,8,241,3.3
2026-05-08 23:18:22,Fri,23,RPAC Upper Gym Courts 3 - 4 ,11,241,4.6
2026-05-08 23:18:22,Fri,23,RPAC Weight Floor,60,125,48.0
2026-05-09 00:37:07,Sat,0,RPAC 1st Floor Fitness Balcony,17,55,30.9
2026-05-09 00:37:07,Sat,0,RPAC 2nd Floor Cardio Loft,3,37,8.1
2026-05-09 00:37:07,Sat,0,RPAC Aquatic Center - Class Pool,8,32,25.0
2026-05-09 00:37:07,Sat,0,RPAC Aquatic Center - Comp Pool,0,25,0.0
2026-05-09 00:37:07,Sat,0,RPAC Aquatic Center - Hot Tub,0,15,0.0
2026-05-09 00:37:07,Sat,0,RPAC Aquatic Center - Lap Pool,6,24,25.0
2026-05-09 00:37:07,Sat,0,RPAC Aquatic Center - Leisure Pool,0,40,0.0
2026-05-09 00:37:07,Sat,0,RPAC Cardio Canyon,20,68,29.4
2026-05-09 00:37:07,Sat,0,RPAC North Gym,6,230,2.6
2026-05-09 00:37:07,Sat,0,RPAC South Gym,0,230,0.0
2026-05-09 00:37:07,Sat,0,RPAC TWD Gym Courts 1-2,50,241,20.7
2026-05-09 00:37:07,Sat,0,RPAC TWD Gym Courts 3 - 4,100,241,41.5
2026-05-09 00:37:07,Sat,0,RPAC Upper Gym Courts 1 - 2,8,241,3.3
2026-05-09 00:37:07,Sat,0,RPAC Upper Gym Courts 3 - 4 ,11,241,4.6
2026-05-09 00:37:07,Sat,0,RPAC Weight Floor,60,125,48.0
2026-05-09 01:41:49,Sat,1,RPAC 1st Floor Fitness Balcony,17,55,30.9
2026-05-09 01:41:49,Sat,1,RPAC 2nd Floor Cardio Loft,3,37,8.1
2026-05-09 01:41:49,Sat,1,RPAC Aquatic Center - Class Pool,8,32,25.0
2026-05-09 01:41:49,Sat,1,RPAC Aquatic Center - Comp Pool,0,25,0.0
2026-05-09 01:41:49,Sat,1,RPAC Aquatic Center - Hot Tub,0,15,0.0
2026-05-09 01:41:49,Sat,1,RPAC Aquatic Center - Lap Pool,6,24,25.0
2026-05-09 01:41:49,Sat,1,RPAC Aquatic Center - Leisure Pool,0,40,0.0
2026-05-09 01:41:49,Sat,1,RPAC Cardio Canyon,20,68,29.4
2026-05-09 01:41:49,Sat,1,RPAC North Gym,6,230,2.6
2026-05-09 01:41:49,Sat,1,RPAC South Gym,0,230,0.0
2026-05-09 01:41:49,Sat,1,RPAC TWD Gym Courts 1-2,50,241,20.7
2026-05-09 01:41:49,Sat,1,RPAC TWD Gym Courts 3 - 4,100,241,41.5
2026-05-09 01:41:49,Sat,1,RPAC Upper Gym Courts 1 - 2,8,241,3.3
2026-05-09 01:41:49,Sat,1,RPAC Upper Gym Courts 3 - 4 ,11,241,4.6
2026-05-09 01:41:49,Sat,1,RPAC Weight Floor,60,125,48.0
2026-05-09 02:30:32,Sat,2,RPAC 1st Floor Fitness Balcony,17,55,30.9
2026-05-09 02:30:32,Sat,2,RPAC 2nd Floor Cardio Loft,3,37,8.1
2026-05-09 02:30:32,Sat,2,RPAC Aquatic Center - Class Pool,8,32,25.0
2026-05-09 02:30:32,Sat,2,RPAC Aquatic Center - Comp Pool,0,25,0.0
2026-05-09 02:30:32,Sat,2,RPAC Aquatic Center - Hot Tub,0,15,0.0
2026-05-09 02:30:32,Sat,2,RPAC Aquatic Center - Lap Pool,6,24,25.0
2026-05-09 02:30:32,Sat,2,RPAC Aquatic Center - Leisure Pool,0,40,0.0
2026-05-09 02:30:32,Sat,2,RPAC Cardio Canyon,20,68,29.4
2026-05-09 02:30:32,Sat,2,RPAC North Gym,6,230,2.6
2026-05-09 02:30:32,Sat,2,RPAC South Gym,0,230,0.0
2026-05-09 02:30:32,Sat,2,RPAC TWD Gym Courts 1-2,50,241,20.7
2026-05-09 02:30:32,Sat,2,RPAC TWD Gym Courts 3 - 4,100,241,41.5
2026-05-09 02:30:32,Sat,2,RPAC Upper Gym Courts 1 - 2,8,241,3.3
2026-05-09 02:30:32,Sat,2,RPAC Upper Gym Courts 3 - 4 ,11,241,4.6
2026-05-09 02:30:32,Sat,2,RPAC Weight Floor,60,125,48.0
2026-05-09 03:24:56,Sat,3,RPAC 1st Floor Fitness Balcony,17,55,30.9
2026-05-09 03:24:56,Sat,3,RPAC 2nd Floor Cardio Loft,3,37,8.1
2026-05-09 03:24:56,Sat,3,RPAC Aquatic Center - Class Pool,8,32,25.0
2026-05-09 03:24:56,Sat,3,RPAC Aquatic Center - Comp Pool,0,25,0.0
2026-05-09 03:24:56,Sat,3,RPAC Aquatic Center - Hot Tub,0,15,0.0
2026-05-09 03:24:56,Sat,3,RPAC Aquatic Center - Lap Pool,6,24,25.0
2026-05-09 03:24:56,Sat,3,RPAC Aquatic Center - Leisure Pool,0,40,0.0
2026-05-09 03:24:56,Sat,3,RPAC Cardio Canyon,20,68,29.4
2026-05-09 03:24:56,Sat,3,RPAC North Gym,6,230,2.6
2026-05-09 03:24:56,Sat,3,RPAC South Gym,0,230,0.0
2026-05-09 03:24:56,Sat,3,RPAC TWD Gym Courts 1-2,50,241,20.7
2026-05-09 03:24:56,Sat,3,RPAC TWD Gym Courts 3 - 4,100,241,41.5
2026-05-09 03:24:56,Sat,3,RPAC Upper Gym Courts 1 - 2,8,241,3.3
2026-05-09 03:24:56,Sat,3,RPAC Upper Gym Courts 3 - 4 ,11,241,4.6
2026-05-09 03:24:56,Sat,3,RPAC Weight Floor,60,125,48.0
2026-05-09 04:10:59,Sat,4,RPAC 1st Floor Fitness Balcony,17,55,30.9
2026-05-09 04:10:59,Sat,4,RPAC 2nd Floor Cardio Loft,3,37,8.1
2026-05-09 04:10:59,Sat,4,RPAC Aquatic Center - Class Pool,8,32,25.0
2026-05-09 04:10:59,Sat,4,RPAC Aquatic Center - Comp Pool,0,25,0.0
2026-05-09 04:10:59,Sat,4,RPAC Aquatic Center - Hot Tub,0,15,0.0
2026-05-09 04:10:59,Sat,4,RPAC Aquatic Center - Lap Pool,6,24,25.0
2026-05-09 04:10:59,Sat,4,RPAC Aquatic Center - Leisure Pool,0,40,0.0
2026-05-09 04:10:59,Sat,4,RPAC Cardio Canyon,20,68,29.4
2026-05-09 04:10:59,Sat,4,RPAC North Gym,6,230,2.6
2026-05-09 04:10:59,Sat,4,RPAC South Gym,0,230,0.0
2026-05-09 04:10:59,Sat,4,RPAC TWD Gym Courts 1-2,50,241,20.7
2026-05-09 04:10:59,Sat,4,RPAC TWD Gym Courts 3 - 4,100,241,41.5
2026-05-09 04:10:59,Sat,4,RPAC Upper Gym Courts 1 - 2,8,241,3.3
2026-05-09 04:10:59,Sat,4,RPAC Upper Gym Courts 3 - 4 ,11,241,4.6
2026-05-09 04:10:59,Sat,4,RPAC Weight Floor,60,125,48.0
2026-05-09 04:50:30,Sat,4,RPAC 1st Floor Fitness Balcony,17,55,30.9
2026-05-09 04:50:30,Sat,4,RPAC 2nd Floor Cardio Loft,3,37,8.1
2026-05-09 04:50:30,Sat,4,RPAC Aquatic Center - Class Pool,8,32,25.0
2026-05-09 04:50:30,Sat,4,RPAC Aquatic Center - Comp Pool,0,25,0.0
2026-05-09 04:50:30,Sat,4,RPAC Aquatic Center - Hot Tub,0,15,0.0
2026-05-09 04:50:30,Sat,4,RPAC Aquatic Center - Lap Pool,6,24,25.0
2026-05-09 04:50:30,Sat,4,RPAC Aquatic Center - Leisure Pool,0,40,0.0
2026-05-09 04:50:30,Sat,4,RPAC Cardio Canyon,20,68,29.4
2026-05-09 04:50:30,Sat,4,RPAC North Gym,6,230,2.6
2026-05-09 04:50:30,Sat,4,RPAC South Gym,0,230,0.0
2026-05-09 04:50:30,Sat,4,RPAC TWD Gym Courts 1-2,50,241,20.7
2026-05-09 04:50:30,Sat,4,RPAC TWD Gym Courts 3 - 4,100,241,41.5
2026-05-09 04:50:30,Sat,4,RPAC Upper Gym Courts 1 - 2,8,241,3.3
2026-05-09 04:50:30,Sat,4,RPAC Upper Gym Courts 3 - 4 ,11,241,4.6
2026-05-09 04:50:30,Sat,4,RPAC Weight Floor,60,125,48.0
2026-05-09 05:35:44,Sat,5,RPAC 1st Floor Fitness Balcony,17,55,30.9
2026-05-09 05:35:44,Sat,5,RPAC 2nd Floor Cardio Loft,3,37,8.1
2026-05-09 05:35:44,Sat,5,RPAC Aquatic Center - Class Pool,8,32,25.0
2026-05-09 05:35:44,Sat,5,RPAC Aquatic Center - Comp Pool,0,25,0.0
2026-05-09 05:35:44,Sat,5,RPAC Aquatic Center - Hot Tub,0,15,0.0
2026-05-09 05:35:44,Sat,5,RPAC Aquatic Center - Lap Pool,6,24,25.0
2026-05-09 05:35:44,Sat,5,RPAC Aquatic Center - Leisure Pool,0,40,0.0
2026-05-09 05:35:44,Sat,5,RPAC Cardio Canyon,20,68,29.4
2026-05-09 05:35:44,Sat,5,RPAC North Gym,6,230,2.6
2026-05-09 05:35:44,Sat,5,RPAC South Gym,0,230,0.0
2026-05-09 05:35:44,Sat,5,RPAC TWD Gym Courts 1-2,50,241,20.7
2026-05-09 05:35:44,Sat,5,RPAC TWD Gym Courts 3 - 4,100,241,41.5
2026-05-09 05:35:44,Sat,5,RPAC Upper Gym Courts 1 - 2,8,241,3.3
2026-05-09 05:35:44,Sat,5,RPAC Upper Gym Courts 3 - 4 ,11,241,4.6
2026-05-09 05:35:44,Sat,5,RPAC Weight Floor,60,125,48.0
2026-05-09 06:09:42,Sat,6,RPAC 1st Floor Fitness Balcony,17,55,30.9
2026-05-09 06:09:42,Sat,6,RPAC 2nd Floor Cardio Loft,3,37,8.1
2026-05-09 06:09:42,Sat,6,RPAC Aquatic Center - Class Pool,8,32,25.0
2026-05-09 06:09:42,Sat,6,RPAC Aquatic Center - Comp Pool,0,25,0.0
2026-05-09 06:09:42,Sat,6,RPAC Aquatic Center - Hot Tub,0,15,0.0
2026-05-09 06:09:42,Sat,6,RPAC Aquatic Center - Lap Pool,6,24,25.0
2026-05-09 06:09:42,Sat,6,RPAC Aquatic Center - Leisure Pool,0,40,0.0
2026-05-09 06:09:42,Sat,6,RPAC Cardio Canyon,20,68,29.4
2026-05-09 06:09:42,Sat,6,RPAC North Gym,6,230,2.6
2026-05-09 06:09:42,Sat,6,RPAC South Gym,0,230,0.0
2026-05-09 06:09:42,Sat,6,RPAC TWD Gym Courts 1-2,50,241,20.7
2026-05-09 06:09:42,Sat,6,RPAC TWD Gym Courts 3 - 4,100,241,41.5
2026-05-09 06:09:42,Sat,6,RPAC Upper Gym Courts 1 - 2,8,241,3.3
2026-05-09 06:09:42,Sat,6,RPAC Upper Gym Courts 3 - 4 ,11,241,4.6
2026-05-09 06:09:42,Sat,6,RPAC Weight Floor,60,125,48.0
2026-05-09 06:34:56,Sat,6,RPAC 1st Floor Fitness Balcony,17,55,30.9
2026-05-09 06:34:56,Sat,6,RPAC 2nd Floor Cardio Loft,3,37,8.1
2026-05-09 06:34:56,Sat,6,RPAC Aquatic Center - Class Pool,8,32,25.0
2026-05-09 06:34:56,Sat,6,RPAC Aquatic Center - Comp Pool,0,25,0.0
2026-05-09 06:34:56,Sat,6,RPAC Aquatic Center - Hot Tub,0,15,0.0
2026-05-09 06:34:56,Sat,6,RPAC Aquatic Center - Lap Pool,6,24,25.0
2026-05-09 06:34:56,Sat,6,RPAC Aquatic Center - Leisure Pool,0,40,0.0
2026-05-09 06:34:56,Sat,6,RPAC Cardio Canyon,20,68,29.4
2026-05-09 06:34:56,Sat,6,RPAC North Gym,6,230,2.6
2026-05-09 06:34:56,Sat,6,RPAC South Gym,0,230,0.0
2026-05-09 06:34:56,Sat,6,RPAC TWD Gym Courts 1-2,50,241,20.7
2026-05-09 06:34:56,Sat,6,RPAC TWD Gym Courts 3 - 4,100,241,41.5
2026-05-09 06:34:56,Sat,6,RPAC Upper Gym Courts 1 - 2,8,241,3.3
2026-05-09 06:34:56,Sat,6,RPAC Upper Gym Courts 3 - 4 ,11,241,4.6
2026-05-09 06:34:56,Sat,6,RPAC Weight Floor,60,125,48.0
2026-05-09 07:07:29,Sat,7,RPAC 1st Floor Fitness Balcony,17,55,30.9
2026-05-09 07:07:29,Sat,7,RPAC 2nd Floor Cardio Loft,3,37,8.1
2026-05-09 07:07:29,Sat,7,RPAC Aquatic Center - Class Pool,8,32,25.0
2026-05-09 07:07:29,Sat,7,RPAC Aquatic Center - Comp Pool,0,25,0.0
2026-05-09 07:07:29,Sat,7,RPAC Aquatic Center - Hot Tub,0,15,0.0
2026-05-09 07:07:29,Sat,7,RPAC Aquatic Center - Lap Pool,6,24,25.0
2026-05-09 07:07:29,Sat,7,RPAC Aquatic Center - Leisure Pool,0,40,0.0
2026-05-09 07:07:29,Sat,7,RPAC Cardio Canyon,20,68,29.4
2026-05-09 07:07:29,Sat,7,RPAC North Gym,6,230,2.6
2026-05-09 07:07:29,Sat,7,RPAC South Gym,0,230,0.0
2026-05-09 07:07:29,Sat,7,RPAC TWD Gym Courts 1-2,50,241,20.7
2026-05-09 07:07:29,Sat,7,RPAC TWD Gym Courts 3 - 4,100,241,41.5
2026-05-09 07:07:29,Sat,7,RPAC Upper Gym Courts 1 - 2,8,241,3.3
2026-05-09 07:07:29,Sat,7,RPAC Upper Gym Courts 3 - 4 ,11,241,4.6
2026-05-09 07:07:29,Sat,7,RPAC Weight Floor,60,125,48.0
2026-05-09 07:33:44,Sat,7,RPAC 1st Floor Fitness Balcony,17,55,30.9
2026-05-09 07:33:44,Sat,7,RPAC 2nd Floor Cardio Loft,3,37,8.1
2026-05-09 07:33:44,Sat,7,RPAC Aquatic Center - Class Pool,8,32,25.0
2026-05-09 07:33:44,Sat,7,RPAC Aquatic Center - Comp Pool,0,25,0.0
2026-05-09 07:33:44,Sat,7,RPAC Aquatic Center - Hot Tub,0,15,0.0
2026-05-09 07:33:44,Sat,7,RPAC Aquatic Center - Lap Pool,6,24,25.0
2026-05-09 07:33:44,Sat,7,RPAC Aquatic Center - Leisure Pool,0,40,0.0
2026-05-09 07:33:44,Sat,7,RPAC Cardio Canyon,20,68,29.4
2026-05-09 07:33:44,Sat,7,RPAC North Gym,6,230,2.6
2026-05-09 07:33:44,Sat,7,RPAC South Gym,0,230,0.0
2026-05-09 07:33:44,Sat,7,RPAC TWD Gym Courts 1-2,50,241,20.7
2026-05-09 07:33:44,Sat,7,RPAC TWD Gym Courts 3 - 4,100,241,41.5
2026-05-09 07:33:44,Sat,7,RPAC Upper Gym Courts 1 - 2,8,241,3.3
2026-05-09 07:33:44,Sat,7,RPAC Upper Gym Courts 3 - 4 ,11,241,4.6
2026-05-09 07:33:44,Sat,7,RPAC Weight Floor,60,125,48.0
2026-05-09 08:02:05,Sat,8,RPAC 1st Floor Fitness Balcony,17,55,30.9
2026-05-09 08:02:05,Sat,8,RPAC 2nd Floor Cardio Loft,3,37,8.1
2026-05-09 08:02:05,Sat,8,RPAC Aquatic Center - Class Pool,8,32,25.0
2026-05-09 08:02:05,Sat,8,RPAC Aquatic Center - Comp Pool,0,25,0.0
2026-05-09 08:02:05,Sat,8,RPAC Aquatic Center - Hot Tub,0,15,0.0
2026-05-09 08:02:05,Sat,8,RPAC Aquatic Center - Lap Pool,6,24,25.0
2026-05-09 08:02:05,Sat,8,RPAC Aquatic Center - Leisure Pool,0,40,0.0
2026-05-09 08:02:05,Sat,8,RPAC Cardio Canyon,20,68,29.4
2026-05-09 08:02:05,Sat,8,RPAC North Gym,6,230,2.6
2026-05-09 08:02:05,Sat,8,RPAC South Gym,0,230,0.0
2026-05-09 08:02:05,Sat,8,RPAC TWD Gym Courts 1-2,50,241,20.7
2026-05-09 08:02:05,Sat,8,RPAC TWD Gym Courts 3 - 4,100,241,41.5
2026-05-09 08:02:05,Sat,8,RPAC Upper Gym Courts 1 - 2,8,241,3.3
2026-05-09 08:02:05,Sat,8,RPAC Upper Gym Courts 3 - 4 ,11,241,4.6
2026-05-09 08:02:05,Sat,8,RPAC Weight Floor,60,125,48.0
2026-05-09 08:37:07,Sat,8,RPAC 1st Floor Fitness Balcony,17,55,30.9
2026-05-09 08:37:07,Sat,8,RPAC 2nd Floor Cardio Loft,3,37,8.1
2026-05-09 08:37:07,Sat,8,RPAC Aquatic Center - Class Pool,3,32,9.4
2026-05-09 08:37:07,Sat,8,RPAC Aquatic Center - Comp Pool,0,25,0.0
2026-05-09 08:37:07,Sat,8,RPAC Aquatic Center - Hot Tub,0,15,0.0
2026-05-09 08:37:07,Sat,8,RPAC Aquatic Center - Lap Pool,6,24,25.0
2026-05-09 08:37:07,Sat,8,RPAC Aquatic Center - Leisure Pool,0,40,0.0
2026-05-09 08:37:07,Sat,8,RPAC Cardio Canyon,20,68,29.4
2026-05-09 08:37:07,Sat,8,RPAC North Gym,6,230,2.6
2026-05-09 08:37:07,Sat,8,RPAC South Gym,0,230,0.0
2026-05-09 08:37:07,Sat,8,RPAC TWD Gym Courts 1-2,50,241,20.7
2026-05-09 08:37:07,Sat,8,RPAC TWD Gym Courts 3 - 4,100,241,41.5
2026-05-09 08:37:07,Sat,8,RPAC Upper Gym Courts 1 - 2,8,241,3.3
2026-05-09 08:37:07,Sat,8,RPAC Upper Gym Courts 3 - 4 ,11,241,4.6
2026-05-09 08:37:07,Sat,8,RPAC Weight Floor,60,125,48.0
2026-05-09 09:11:08,Sat,9,RPAC 1st Floor Fitness Balcony,17,55,30.9
2026-05-09 09:11:08,Sat,9,RPAC 2nd Floor Cardio Loft,3,37,8.1
2026-05-09 09:11:08,Sat,9,RPAC Aquatic Center - Class Pool,3,32,9.4
2026-05-09 09:11:08,Sat,9,RPAC Aquatic Center - Comp Pool,0,25,0.0
2026-05-09 09:11:08,Sat,9,RPAC Aquatic Center - Hot Tub,0,15,0.0
2026-05-09 09:11:08,Sat,9,RPAC Aquatic Center - Lap Pool,6,24,25.0
2026-05-09 09:11:08,Sat,9,RPAC Aquatic Center - Leisure Pool,0,40,0.0
2026-05-09 09:11:08,Sat,9,RPAC Cardio Canyon,20,68,29.4
2026-05-09 09:11:08,Sat,9,RPAC North Gym,6,230,2.6
2026-05-09 09:11:08,Sat,9,RPAC South Gym,0,230,0.0
2026-05-09 09:11:08,Sat,9,RPAC TWD Gym Courts 1-2,50,241,20.7
2026-05-09 09:11:08,Sat,9,RPAC TWD Gym Courts 3 - 4,100,241,41.5
2026-05-09 09:11:08,Sat,9,RPAC Upper Gym Courts 1 - 2,8,241,3.3
2026-05-09 09:11:08,Sat,9,RPAC Upper Gym Courts 3 - 4 ,11,241,4.6
2026-05-09 09:11:08,Sat,9,RPAC Weight Floor,60,125,48.0
2026-05-09 09:50:47,Sat,9,RPAC 1st Floor Fitness Balcony,17,55,30.9
2026-05-09 09:50:47,Sat,9,RPAC 2nd Floor Cardio Loft,3,37,8.1
2026-05-09 09:50:47,Sat,9,RPAC Aquatic Center - Class Pool,6,32,18.8
2026-05-09 09:50:47,Sat,9,RPAC Aquatic Center - Comp Pool,0,25,0.0
2026-05-09 09:50:47,Sat,9,RPAC Aquatic Center - Hot Tub,1,15,6.7
2026-05-09 09:50:47,Sat,9,RPAC Aquatic Center - Lap Pool,6,24,25.0
2026-05-09 09:50:47,Sat,9,RPAC Aquatic Center - Leisure Pool,0,40,0.0
2026-05-09 09:50:47,Sat,9,RPAC Cardio Canyon,20,68,29.4
2026-05-09 09:50:47,Sat,9,RPAC North Gym,6,230,2.6
2026-05-09 09:50:47,Sat,9,RPAC South Gym,0,230,0.0
2026-05-09 09:50:47,Sat,9,RPAC TWD Gym Courts 1-2,50,241,20.7
2026-05-09 09:50:47,Sat,9,RPAC TWD Gym Courts 3 - 4,100,241,41.5
2026-05-09 09:50:47,Sat,9,RPAC Upper Gym Courts 1 - 2,8,241,3.3
2026-05-09 09:50:47,Sat,9,RPAC Upper Gym Courts 3 - 4 ,11,241,4.6
2026-05-09 09:50:47,Sat,9,RPAC Weight Floor,60,125,48.0
2026-05-09 10:27:52,Sat,10,RPAC 1st Floor Fitness Balcony,9,55,16.4
2026-05-09 10:27:52,Sat,10,RPAC 2nd Floor Cardio Loft,3,37,8.1
2026-05-09 10:27:52,Sat,10,RPAC Aquatic Center - Class Pool,7,32,21.9
2026-05-09 10:27:52,Sat,10,RPAC Aquatic Center - Comp Pool,0,25,0.0
2026-05-09 10:27:52,Sat,10,RPAC Aquatic Center - Hot Tub,0,15,0.0
2026-05-09 10:27:52,Sat,10,RPAC Aquatic Center - Lap Pool,6,24,25.0
2026-05-09 10:27:52,Sat,10,RPAC Aquatic Center - Leisure Pool,0,40,0.0
2026-05-09 10:27:52,Sat,10,RPAC Cardio Canyon,2,68,2.9
2026-05-09 10:27:52,Sat,10,RPAC North Gym,0,230,0.0
2026-05-09 10:27:52,Sat,10,RPAC South Gym,2,230,0.9
2026-05-09 10:27:52,Sat,10,RPAC TWD Gym Courts 1-2,0,241,0.0
2026-05-09 10:27:52,Sat,10,RPAC TWD Gym Courts 3 - 4,0,241,0.0
2026-05-09 10:27:52,Sat,10,RPAC Upper Gym Courts 1 - 2,0,241,0.0
2026-05-09 10:27:52,Sat,10,RPAC Upper Gym Courts 3 - 4 ,0,241,0.0
2026-05-09 10:27:52,Sat,10,RPAC Weight Floor,14,125,11.2
2026-05-09 10:51:50,Sat,10,RPAC 1st Floor Fitness Balcony,9,55,16.4
2026-05-09 10:51:50,Sat,10,RPAC 2nd Floor Cardio Loft,3,37,8.1
2026-05-09 10:51:50,Sat,10,RPAC Aquatic Center - Class Pool,7,32,21.9
2026-05-09 10:51:50,Sat,10,RPAC Aquatic Center - Comp Pool,0,25,0.0
2026-05-09 10:51:50,Sat,10,RPAC Aquatic Center - Hot Tub,0,15,0.0
2026-05-09 10:51:50,Sat,10,RPAC Aquatic Center - Lap Pool,6,24,25.0
2026-05-09 10:51:50,Sat,10,RPAC Aquatic Center - Leisure Pool,0,40,0.0
2026-05-09 10:51:50,Sat,10,RPAC Cardio Canyon,2,68,2.9
2026-05-09 10:51:50,Sat,10,RPAC North Gym,0,230,0.0
2026-05-09 10:51:50,Sat,10,RPAC South Gym,2,230,0.9
2026-05-09 10:51:50,Sat,10,RPAC TWD Gym Courts 1-2,0,241,0.0
2026-05-09 10:51:50,Sat,10,RPAC TWD Gym Courts 3 - 4,0,241,0.0
2026-05-09 10:51:50,Sat,10,RPAC Upper Gym Courts 1 - 2,0,241,0.0
2026-05-09 10:51:50,Sat,10,RPAC Upper Gym Courts 3 - 4 ,0,241,0.0
2026-05-09 10:51:50,Sat,10,RPAC Weight Floor,14,125,11.2
2026-05-09 11:23:51,Sat,11,RPAC 1st Floor Fitness Balcony,9,55,16.4
2026-05-09 11:23:51,Sat,11,RPAC 2nd Floor Cardio Loft,3,37,8.1
2026-05-09 11:23:51,Sat,11,RPAC Aquatic Center - Class Pool,9,32,28.1
2026-05-09 11:23:51,Sat,11,RPAC Aquatic Center - Comp Pool,0,25,0.0
2026-05-09 11:23:51,Sat,11,RPAC Aquatic Center - Hot Tub,1,15,6.7
2026-05-09 11:23:51,Sat,11,RPAC Aquatic Center - Lap Pool,6,24,25.0
2026-05-09 11:23:51,Sat,11,RPAC Aquatic Center - Leisure Pool,0,40,0.0
2026-05-09 11:23:51,Sat,11,RPAC Cardio Canyon,2,68,2.9
2026-05-09 11:23:51,Sat,11,RPAC North Gym,0,230,0.0
2026-05-09 11:23:51,Sat,11,RPAC South Gym,2,230,0.9
2026-05-09 11:23:51,Sat,11,RPAC TWD Gym Courts 1-2,0,241,0.0
2026-05-09 11:23:51,Sat,11,RPAC TWD Gym Courts 3 - 4,0,241,0.0
2026-05-09 11:23:51,Sat,11,RPAC Upper Gym Courts 1 - 2,0,241,0.0
2026-05-09 11:23:51,Sat,11,RPAC Upper Gym Courts 3 - 4 ,0,241,0.0
2026-05-09 11:23:51,Sat,11,RPAC Weight Floor,14,125,11.2
2026-05-09 11:48:46,Sat,11,RPAC 1st Floor Fitness Balcony,9,55,16.4
2026-05-09 11:48:46,Sat,11,RPAC 2nd Floor Cardio Loft,3,37,8.1
2026-05-09 11:48:46,Sat,11,RPAC Aquatic Center - Class Pool,9,32,28.1
2026-05-09 11:48:46,Sat,11,RPAC Aquatic Center - Comp Pool,0,25,0.0
2026-05-09 11:48:46,Sat,11,RPAC Aquatic Center - Hot Tub,1,15,6.7
2026-05-09 11:48:46,Sat,11,RPAC Aquatic Center - Lap Pool,6,24,25.0
2026-05-09 11:48:46,Sat,11,RPAC Aquatic Center - Leisure Pool,0,40,0.0
2026-05-09 11:48:46,Sat,11,RPAC Cardio Canyon,2,68,2.9
2026-05-09 11:48:46,Sat,11,RPAC North Gym,0,230,0.0
2026-05-09 11:48:46,Sat,11,RPAC South Gym,2,230,0.9
2026-05-09 11:48:46,Sat,11,RPAC TWD Gym Courts 1-2,0,241,0.0
2026-05-09 11:48:46,Sat,11,RPAC TWD Gym Courts 3 - 4,0,241,0.0
2026-05-09 11:48:46,Sat,11,RPAC Upper Gym Courts 1 - 2,0,241,0.0
2026-05-09 11:48:46,Sat,11,RPAC Upper Gym Courts 3 - 4 ,0,241,0.0
2026-05-09 11:48:46,Sat,11,RPAC Weight Floor,14,125,11.2
2026-05-09 12:22:36,Sat,12,RPAC 1st Floor Fitness Balcony,9,55,16.4
2026-05-09 12:22:36,Sat,12,RPAC 2nd Floor Cardio Loft,3,37,8.1
2026-05-09 12:22:36,Sat,12,RPAC Aquatic Center - Class Pool,7,32,21.9
2026-05-09 12:22:36,Sat,12,RPAC Aquatic Center - Comp Pool,0,25,0.0
2026-05-09 12:22:36,Sat,12,RPAC Aquatic Center - Hot Tub,1,15,6.7
2026-05-09 12:22:36,Sat,12,RPAC Aquatic Center - Lap Pool,6,24,25.0
2026-05-09 12:22:36,Sat,12,RPAC Aquatic Center - Leisure Pool,0,40,0.0
2026-05-09 12:22:36,Sat,12,RPAC Cardio Canyon,2,68,2.9
2026-05-09 12:22:36,Sat,12,RPAC North Gym,0,230,0.0
2026-05-09 12:22:36,Sat,12,RPAC South Gym,2,230,0.9
2026-05-09 12:22:36,Sat,12,RPAC TWD Gym Courts 1-2,0,241,0.0
2026-05-09 12:22:36,Sat,12,RPAC TWD Gym Courts 3 - 4,0,241,0.0
2026-05-09 12:22:36,Sat,12,RPAC Upper Gym Courts 1 - 2,0,241,0.0
2026-05-09 12:22:36,Sat,12,RPAC Upper Gym Courts 3 - 4 ,0,241,0.0
2026-05-09 12:22:36,Sat,12,RPAC Weight Floor,14,125,11.2
2026-05-09 12:48:48,Sat,12,RPAC 1st Floor Fitness Balcony,9,55,16.4
2026-05-09 12:48:48,Sat,12,RPAC 2nd Floor Cardio Loft,3,37,8.1
2026-05-09 12:48:48,Sat,12,RPAC Aquatic Center - Class Pool,7,32,21.9
2026-05-09 12:48:48,Sat,12,RPAC Aquatic Center - Comp Pool,0,25,0.0
2026-05-09 12:48:48,Sat,12,RPAC Aquatic Center - Hot Tub,1,15,6.7
2026-05-09 12:48:48,Sat,12,RPAC Aquatic Center - Lap Pool,6,24,25.0
2026-05-09 12:48:48,Sat,12,RPAC Aquatic Center - Leisure Pool,0,40,0.0
2026-05-09 12:48:48,Sat,12,RPAC Cardio Canyon,2,68,2.9
2026-05-09 12:48:48,Sat,12,RPAC North Gym,0,230,0.0
2026-05-09 12:48:48,Sat,12,RPAC South Gym,2,230,0.9
2026-05-09 12:48:48,Sat,12,RPAC TWD Gym Courts 1-2,0,241,0.0
2026-05-09 12:48:48,Sat,12,RPAC TWD Gym Courts 3 - 4,0,241,0.0
2026-05-09 12:48:48,Sat,12,RPAC Upper Gym Courts 1 - 2,0,241,0.0
2026-05-09 12:48:48,Sat,12,RPAC Upper Gym Courts 3 - 4 ,0,241,0.0
2026-05-09 12:48:48,Sat,12,RPAC Weight Floor,14,125,11.2
2026-05-09 13:22:55,Sat,13,RPAC 1st Floor Fitness Balcony,9,55,16.4
2026-05-09 13:22:55,Sat,13,RPAC 2nd Floor Cardio Loft,3,37,8.1
2026-05-09 13:22:55,Sat,13,RPAC Aquatic Center - Class Pool,13,32,40.6
2026-05-09 13:22:55,Sat,13,RPAC Aquatic Center - Comp Pool,0,25,0.0
2026-05-09 13:22:55,Sat,13,RPAC Aquatic Center - Hot Tub,1,15,6.7
2026-05-09 13:22:55,Sat,13,RPAC Aquatic Center - Lap Pool,6,24,25.0
2026-05-09 13:22:55,Sat,13,RPAC Aquatic Center - Leisure Pool,0,40,0.0
2026-05-09 13:22:55,Sat,13,RPAC Cardio Canyon,2,68,2.9
2026-05-09 13:22:55,Sat,13,RPAC North Gym,0,230,0.0
2026-05-09 13:22:55,Sat,13,RPAC South Gym,2,230,0.9
2026-05-09 13:22:55,Sat,13,RPAC TWD Gym Courts 1-2,0,241,0.0
2026-05-09 13:22:55,Sat,13,RPAC TWD Gym Courts 3 - 4,0,241,0.0
2026-05-09 13:22:55,Sat,13,RPAC Upper Gym Courts 1 - 2,0,241,0.0
2026-05-09 13:22:55,Sat,13,RPAC Upper Gym Courts 3 - 4 ,0,241,0.0
2026-05-09 13:22:55,Sat,13,RPAC Weight Floor,14,125,11.2
2026-05-09 13:48:37,Sat,13,RPAC 1st Floor Fitness Balcony,9,55,16.4
2026-05-09 13:48:37,Sat,13,RPAC 2nd Floor Cardio Loft,3,37,8.1
2026-05-09 13:48:37,Sat,13,RPAC Aquatic Center - Class Pool,13,32,40.6
2026-05-09 13:48:37,Sat,13,RPAC Aquatic Center - Comp Pool,0,25,0.0
2026-05-09 13:48:37,Sat,13,RPAC Aquatic Center - Hot Tub,1,15,6.7
2026-05-09 13:48:37,Sat,13,RPAC Aquatic Center - Lap Pool,6,24,25.0
2026-05-09 13:48:37,Sat,13,RPAC Aquatic Center - Leisure Pool,0,40,0.0
2026-05-09 13:48:37,Sat,13,RPAC Cardio Canyon,2,68,2.9
2026-05-09 13:48:37,Sat,13,RPAC North Gym,0,230,0.0
2026-05-09 13:48:37,Sat,13,RPAC South Gym,2,230,0.9
2026-05-09 13:48:37,Sat,13,RPAC TWD Gym Courts 1-2,0,241,0.0
2026-05-09 13:48:37,Sat,13,RPAC TWD Gym Courts 3 - 4,0,241,0.0
2026-05-09 13:48:37,Sat,13,RPAC Upper Gym Courts 1 - 2,0,241,0.0
2026-05-09 13:48:37,Sat,13,RPAC Upper Gym Courts 3 - 4 ,0,241,0.0
2026-05-09 13:48:37,Sat,13,RPAC Weight Floor,14,125,11.2
2026-05-09 14:25:14,Sat,14,RPAC 1st Floor Fitness Balcony,9,55,16.4
2026-05-09 14:25:14,Sat,14,RPAC 2nd Floor Cardio Loft,3,37,8.1
2026-05-09 14:25:14,Sat,14,RPAC Aquatic Center - Class Pool,10,32,31.2
2026-05-09 14:25:14,Sat,14,RPAC Aquatic Center - Comp Pool,0,25,0.0
2026-05-09 14:25:14,Sat,14,RPAC Aquatic Center - Hot Tub,2,15,13.3
2026-05-09 14:25:14,Sat,14,RPAC Aquatic Center - Lap Pool,6,24,25.0
2026-05-09 14:25:14,Sat,14,RPAC Aquatic Center - Leisure Pool,0,40,0.0
2026-05-09 14:25:14,Sat,14,RPAC Cardio Canyon,2,68,2.9
2026-05-09 14:25:14,Sat,14,RPAC North Gym,0,230,0.0
2026-05-09 14:25:14,Sat,14,RPAC South Gym,2,230,0.9
2026-05-09 14:25:14,Sat,14,RPAC TWD Gym Courts 1-2,0,241,0.0
2026-05-09 14:25:14,Sat,14,RPAC TWD Gym Courts 3 - 4,0,241,0.0
2026-05-09 14:25:14,Sat,14,RPAC Upper Gym Courts 1 - 2,0,241,0.0
2026-05-09 14:25:14,Sat,14,RPAC Upper Gym Courts 3 - 4 ,0,241,0.0
2026-05-09 14:25:14,Sat,14,RPAC Weight Floor,14,125,11.2
2026-05-09 14:49:29,Sat,14,RPAC 1st Floor Fitness Balcony,9,55,16.4
2026-05-09 14:49:29,Sat,14,RPAC 2nd Floor Cardio Loft,3,37,8.1
2026-05-09 14:49:29,Sat,14,RPAC Aquatic Center - Class Pool,10,32,31.2
2026-05-09 14:49:29,Sat,14,RPAC Aquatic Center - Comp Pool,0,25,0.0
2026-05-09 14:49:29,Sat,14,RPAC Aquatic Center - Hot Tub,2,15,13.3
2026-05-09 14:49:29,Sat,14,RPAC Aquatic Center - Lap Pool,6,24,25.0
2026-05-09 14:49:29,Sat,14,RPAC Aquatic Center - Leisure Pool,0,40,0.0
2026-05-09 14:49:29,Sat,14,RPAC Cardio Canyon,2,68,2.9
2026-05-09 14:49:29,Sat,14,RPAC North Gym,0,230,0.0
2026-05-09 14:49:29,Sat,14,RPAC South Gym,2,230,0.9
2026-05-09 14:49:29,Sat,14,RPAC TWD Gym Courts 1-2,0,241,0.0
2026-05-09 14:49:29,Sat,14,RPAC TWD Gym Courts 3 - 4,0,241,0.0
2026-05-09 14:49:29,Sat,14,RPAC Upper Gym Courts 1 - 2,0,241,0.0
2026-05-09 14:49:29,Sat,14,RPAC Upper Gym Courts 3 - 4 ,0,241,0.0
2026-05-09 14:49:29,Sat,14,RPAC Weight Floor,14,125,11.2
2026-05-09 15:28:17,Sat,15,RPAC 1st Floor Fitness Balcony,12,55,21.8
2026-05-09 15:28:17,Sat,15,RPAC 2nd Floor Cardio Loft,5,37,13.5
2026-05-09 15:28:17,Sat,15,RPAC Aquatic Center - Class Pool,6,32,18.8
2026-05-09 15:28:17,Sat,15,RPAC Aquatic Center - Comp Pool,0,25,0.0
2026-05-09 15:28:17,Sat,15,RPAC Aquatic Center - Hot Tub,2,15,13.3
2026-05-09 15:28:17,Sat,15,RPAC Aquatic Center - Lap Pool,6,24,25.0
2026-05-09 15:28:17,Sat,15,RPAC Aquatic Center - Leisure Pool,0,40,0.0
2026-05-09 15:28:17,Sat,15,RPAC Cardio Canyon,4,68,5.9
2026-05-09 15:28:17,Sat,15,RPAC North Gym,13,230,5.7
2026-05-09 15:28:17,Sat,15,RPAC South Gym,3,230,1.3
2026-05-09 15:28:17,Sat,15,RPAC TWD Gym Courts 1-2,0,241,0.0
2026-05-09 15:28:17,Sat,15,RPAC TWD Gym Courts 3 - 4,0,241,0.0
2026-05-09 15:28:17,Sat,15,RPAC Upper Gym Courts 1 - 2,0,241,0.0
2026-05-09 15:28:17,Sat,15,RPAC Upper Gym Courts 3 - 4 ,0,241,0.0
2026-05-09 15:28:17,Sat,15,RPAC Weight Floor,26,125,20.8
2026-05-09 15:53:43,Sat,15,RPAC 1st Floor Fitness Balcony,12,55,21.8
2026-05-09 15:53:43,Sat,15,RPAC 2nd Floor Cardio Loft,5,37,13.5
2026-05-09 15:53:43,Sat,15,RPAC Aquatic Center - Class Pool,9,32,28.1
2026-05-09 15:53:43,Sat,15,RPAC Aquatic Center - Comp Pool,0,25,0.0
2026-05-09 15:53:43,Sat,15,RPAC Aquatic Center - Hot Tub,1,15,6.7
2026-05-09 15:53:43,Sat,15,RPAC Aquatic Center - Lap Pool,6,24,25.0
2026-05-09 15:53:43,Sat,15,RPAC Aquatic Center - Leisure Pool,0,40,0.0
2026-05-09 15:53:43,Sat,15,RPAC Cardio Canyon,4,68,5.9
2026-05-09 15:53:43,Sat,15,RPAC North Gym,13,230,5.7
2026-05-09 15:53:43,Sat,15,RPAC South Gym,3,230,1.3
2026-05-09 15:53:43,Sat,15,RPAC TWD Gym Courts 1-2,0,241,0.0
2026-05-09 15:53:43,Sat,15,RPAC TWD Gym Courts 3 - 4,0,241,0.0
2026-05-09 15:53:43,Sat,15,RPAC Upper Gym Courts 1 - 2,0,241,0.0
2026-05-09 15:53:43,Sat,15,RPAC Upper Gym Courts 3 - 4 ,0,241,0.0
2026-05-09 15:53:43,Sat,15,RPAC Weight Floor,26,125,20.8
2026-05-09 16:18:38,Sat,16,RPAC 1st Floor Fitness Balcony,12,55,21.8
2026-05-09 16:18:38,Sat,16,RPAC 2nd Floor Cardio Loft,5,37,13.5
2026-05-09 16:18:38,Sat,16,RPAC Aquatic Center - Class Pool,7,32,21.9
2026-05-09 16:18:38,Sat,16,RPAC Aquatic Center - Comp Pool,0,25,0.0
2026-05-09 16:18:38,Sat,16,RPAC Aquatic Center - Hot Tub,8,15,53.3
2026-05-09 16:18:38,Sat,16,RPAC Aquatic Center - Lap Pool,6,24,25.0
2026-05-09 16:18:38,Sat,16,RPAC Aquatic Center - Leisure Pool,0,40,0.0
2026-05-09 16:18:38,Sat,16,RPAC Cardio Canyon,4,68,5.9
2026-05-09 16:18:38,Sat,16,RPAC North Gym,13,230,5.7
2026-05-09 16:18:38,Sat,16,RPAC South Gym,3,230,1.3
2026-05-09 16:18:38,Sat,16,RPAC TWD Gym Courts 1-2,0,241,0.0
2026-05-09 16:18:38,Sat,16,RPAC TWD Gym Courts 3 - 4,0,241,0.0
2026-05-09 16:18:38,Sat,16,RPAC Upper Gym Courts 1 - 2,0,241,0.0
2026-05-09 16:18:38,Sat,16,RPAC Upper Gym Courts 3 - 4 ,0,241,0.0
2026-05-09 16:18:38,Sat,16,RPAC Weight Floor,26,125,20.8
2026-05-09 16:47:55,Sat,16,RPAC 1st Floor Fitness Balcony,12,55,21.8
2026-05-09 16:47:55,Sat,16,RPAC 2nd Floor Cardio Loft,5,37,13.5
2026-05-09 16:47:55,Sat,16,RPAC Aquatic Center - Class Pool,14,32,43.8
2026-05-09 16:47:55,Sat,16,RPAC Aquatic Center - Comp Pool,0,25,0.0
2026-05-09 16:47:55,Sat,16,RPAC Aquatic Center - Hot Tub,4,15,26.7
2026-05-09 16:47:55,Sat,16,RPAC Aquatic Center - Lap Pool,6,24,25.0
2026-05-09 16:47:55,Sat,16,RPAC Aquatic Center - Leisure Pool,0,40,0.0
2026-05-09 16:47:55,Sat,16,RPAC Cardio Canyon,4,68,5.9
2026-05-09 16:47:55,Sat,16,RPAC North Gym,13,230,5.7
2026-05-09 16:47:55,Sat,16,RPAC South Gym,3,230,1.3
2026-05-09 16:47:55,Sat,16,RPAC TWD Gym Courts 1-2,0,241,0.0
2026-05-09 16:47:55,Sat,16,RPAC TWD Gym Courts 3 - 4,0,241,0.0
2026-05-09 16:47:55,Sat,16,RPAC Upper Gym Courts 1 - 2,0,241,0.0
2026-05-09 16:47:55,Sat,16,RPAC Upper Gym Courts 3 - 4 ,0,241,0.0
2026-05-09 16:47:55,Sat,16,RPAC Weight Floor,26,125,20.8
2026-05-09 17:19:46,Sat,17,RPAC 1st Floor Fitness Balcony,12,55,21.8
2026-05-09 17:19:46,Sat,17,RPAC 2nd Floor Cardio Loft,5,37,13.5
2026-05-09 17:19:46,Sat,17,RPAC Aquatic Center - Class Pool,15,32,46.9
2026-05-09 17:19:46,Sat,17,RPAC Aquatic Center - Comp Pool,0,25,0.0
2026-05-09 17:19:46,Sat,17,RPAC Aquatic Center - Hot Tub,8,15,53.3
2026-05-09 17:19:46,Sat,17,RPAC Aquatic Center - Lap Pool,6,24,25.0
2026-05-09 17:19:46,Sat,17,RPAC Aquatic Center - Leisure Pool,0,40,0.0
2026-05-09 17:19:46,Sat,17,RPAC Cardio Canyon,4,68,5.9
2026-05-09 17:19:46,Sat,17,RPAC North Gym,13,230,5.7
2026-05-09 17:19:46,Sat,17,RPAC South Gym,3,230,1.3
2026-05-09 17:19:46,Sat,17,RPAC TWD Gym Courts 1-2,0,241,0.0
2026-05-09 17:19:46,Sat,17,RPAC TWD Gym Courts 3 - 4,0,241,0.0
2026-05-09 17:19:46,Sat,17,RPAC Upper Gym Courts 1 - 2,0,241,0.0
2026-05-09 17:19:46,Sat,17,RPAC Upper Gym Courts 3 - 4 ,0,241,0.0
2026-05-09 17:19:46,Sat,17,RPAC Weight Floor,26,125,20.8
2026-05-09 17:47:33,Sat,17,RPAC 1st Floor Fitness Balcony,12,55,21.8
2026-05-09 17:47:33,Sat,17,RPAC 2nd Floor Cardio Loft,5,37,13.5
2026-05-09 17:47:33,Sat,17,RPAC Aquatic Center - Class Pool,20,32,62.5
2026-05-09 17:47:33,Sat,17,RPAC Aquatic Center - Comp Pool,0,25,0.0
2026-05-09 17:47:33,Sat,17,RPAC Aquatic Center - Hot Tub,3,15,20.0
2026-05-09 17:47:33,Sat,17,RPAC Aquatic Center - Lap Pool,6,24,25.0
2026-05-09 17:47:33,Sat,17,RPAC Aquatic Center - Leisure Pool,0,40,0.0
2026-05-09 17:47:33,Sat,17,RPAC Cardio Canyon,4,68,5.9
2026-05-09 17:47:33,Sat,17,RPAC North Gym,13,230,5.7
2026-05-09 17:47:33,Sat,17,RPAC South Gym,3,230,1.3
2026-05-09 17:47:33,Sat,17,RPAC TWD Gym Courts 1-2,0,241,0.0
2026-05-09 17:47:33,Sat,17,RPAC TWD Gym Courts 3 - 4,0,241,0.0
2026-05-09 17:47:33,Sat,17,RPAC Upper Gym Courts 1 - 2,0,241,0.0
2026-05-09 17:47:33,Sat,17,RPAC Upper Gym Courts 3 - 4 ,0,241,0.0
2026-05-09 17:47:33,Sat,17,RPAC Weight Floor,26,125,20.8
2026-05-09 18:18:58,Sat,18,RPAC 1st Floor Fitness Balcony,12,55,21.8
2026-05-09 18:18:58,Sat,18,RPAC 2nd Floor Cardio Loft,5,37,13.5
2026-05-09 18:18:58,Sat,18,RPAC Aquatic Center - Class Pool,12,32,37.5
2026-05-09 18:18:58,Sat,18,RPAC Aquatic Center - Comp Pool,0,25,0.0
2026-05-09 18:18:58,Sat,18,RPAC Aquatic Center - Hot Tub,6,15,40.0
2026-05-09 18:18:58,Sat,18,RPAC Aquatic Center - Lap Pool,6,24,25.0
2026-05-09 18:18:58,Sat,18,RPAC Aquatic Center - Leisure Pool,0,40,0.0
2026-05-09 18:18:58,Sat,18,RPAC Cardio Canyon,4,68,5.9
2026-05-09 18:18:58,Sat,18,RPAC North Gym,13,230,5.7
2026-05-09 18:18:58,Sat,18,RPAC South Gym,3,230,1.3
2026-05-09 18:18:58,Sat,18,RPAC TWD Gym Courts 1-2,0,241,0.0
2026-05-09 18:18:58,Sat,18,RPAC TWD Gym Courts 3 - 4,0,241,0.0
2026-05-09 18:18:58,Sat,18,RPAC Upper Gym Courts 1 - 2,0,241,0.0
2026-05-09 18:18:58,Sat,18,RPAC Upper Gym Courts 3 - 4 ,0,241,0.0
2026-05-09 18:18:58,Sat,18,RPAC Weight Floor,26,125,20.8
2026-05-09 18:47:45,Sat,18,RPAC 1st Floor Fitness Balcony,12,55,21.8
2026-05-09 18:47:45,Sat,18,RPAC 2nd Floor Cardio Loft,5,37,13.5
2026-05-09 18:47:45,Sat,18,RPAC Aquatic Center - Class Pool,10,32,31.2
2026-05-09 18:47:45,Sat,18,RPAC Aquatic Center - Comp Pool,0,25,0.0
2026-05-09 18:47:45,Sat,18,RPAC Aquatic Center - Hot Tub,10,15,66.7
2026-05-09 18:47:45,Sat,18,RPAC Aquatic Center - Lap Pool,6,24,25.0
2026-05-09 18:47:45,Sat,18,RPAC Aquatic Center - Leisure Pool,0,40,0.0
2026-05-09 18:47:45,Sat,18,RPAC Cardio Canyon,4,68,5.9
2026-05-09 18:47:45,Sat,18,RPAC North Gym,13,230,5.7
2026-05-09 18:47:45,Sat,18,RPAC South Gym,3,230,1.3
2026-05-09 18:47:45,Sat,18,RPAC TWD Gym Courts 1-2,0,241,0.0
2026-05-09 18:47:45,Sat,18,RPAC TWD Gym Courts 3 - 4,0,241,0.0
2026-05-09 18:47:45,Sat,18,RPAC Upper Gym Courts 1 - 2,0,241,0.0
2026-05-09 18:47:45,Sat,18,RPAC Upper Gym Courts 3 - 4 ,0,241,0.0
2026-05-09 18:47:45,Sat,18,RPAC Weight Floor,26,125,20.8
2026-05-09 19:20:59,Sat,19,RPAC 1st Floor Fitness Balcony,12,55,21.8
2026-05-09 19:20:59,Sat,19,RPAC 2nd Floor Cardio Loft,5,37,13.5
2026-05-09 19:20:59,Sat,19,RPAC Aquatic Center - Class Pool,10,32,31.2
2026-05-09 19:20:59,Sat,19,RPAC Aquatic Center - Comp Pool,0,25,0.0
2026-05-09 19:20:59,Sat,19,RPAC Aquatic Center - Hot Tub,10,15,66.7
2026-05-09 19:20:59,Sat,19,RPAC Aquatic Center - Lap Pool,6,24,25.0
2026-05-09 19:20:59,Sat,19,RPAC Aquatic Center - Leisure Pool,0,40,0.0
2026-05-09 19:20:59,Sat,19,RPAC Cardio Canyon,4,68,5.9
2026-05-09 19:20:59,Sat,19,RPAC North Gym,13,230,5.7
2026-05-09 19:20:59,Sat,19,RPAC South Gym,3,230,1.3
2026-05-09 19:20:59,Sat,19,RPAC TWD Gym Courts 1-2,0,241,0.0
2026-05-09 19:20:59,Sat,19,RPAC TWD Gym Courts 3 - 4,0,241,0.0
2026-05-09 19:20:59,Sat,19,RPAC Upper Gym Courts 1 - 2,0,241,0.0
2026-05-09 19:20:59,Sat,19,RPAC Upper Gym Courts 3 - 4 ,0,241,0.0
2026-05-09 19:20:59,Sat,19,RPAC Weight Floor,26,125,20.8
2026-05-09 19:48:16,Sat,19,RPAC 1st Floor Fitness Balcony,12,55,21.8
2026-05-09 19:48:16,Sat,19,RPAC 2nd Floor Cardio Loft,5,37,13.5
2026-05-09 19:48:16,Sat,19,RPAC Aquatic Center - Class Pool,10,32,31.2
2026-05-09 19:48:16,Sat,19,RPAC Aquatic Center - Comp Pool,0,25,0.0
2026-05-09 19:48:16,Sat,19,RPAC Aquatic Center - Hot Tub,10,15,66.7
2026-05-09 19:48:16,Sat,19,RPAC Aquatic Center - Lap Pool,6,24,25.0
2026-05-09 19:48:16,Sat,19,RPAC Aquatic Center - Leisure Pool,0,40,0.0
2026-05-09 19:48:16,Sat,19,RPAC Cardio Canyon,4,68,5.9
2026-05-09 19:48:16,Sat,19,RPAC North Gym,13,230,5.7
2026-05-09 19:48:16,Sat,19,RPAC South Gym,3,230,1.3
2026-05-09 19:48:16,Sat,19,RPAC TWD Gym Courts 1-2,0,241,0.0
2026-05-09 19:48:16,Sat,19,RPAC TWD Gym Courts 3 - 4,0,241,0.0
2026-05-09 19:48:16,Sat,19,RPAC Upper Gym Courts 1 - 2,0,241,0.0
2026-05-09 19:48:16,Sat,19,RPAC Upper Gym Courts 3 - 4 ,0,241,0.0
2026-05-09 19:48:16,Sat,19,RPAC Weight Floor,26,125,20.8
2026-05-09 20:54:42,Sat,20,RPAC 1st Floor Fitness Balcony,12,55,21.8
2026-05-09 20:54:42,Sat,20,RPAC 2nd Floor Cardio Loft,5,37,13.5
2026-05-09 20:54:42,Sat,20,RPAC Aquatic Center - Class Pool,10,32,31.2
2026-05-09 20:54:42,Sat,20,RPAC Aquatic Center - Comp Pool,0,25,0.0
2026-05-09 20:54:42,Sat,20,RPAC Aquatic Center - Hot Tub,10,15,66.7
2026-05-09 20:54:42,Sat,20,RPAC Aquatic Center - Lap Pool,6,24,25.0
2026-05-09 20:54:42,Sat,20,RPAC Aquatic Center - Leisure Pool,0,40,0.0
2026-05-09 20:54:42,Sat,20,RPAC Cardio Canyon,4,68,5.9
2026-05-09 20:54:42,Sat,20,RPAC North Gym,13,230,5.7
2026-05-09 20:54:42,Sat,20,RPAC South Gym,3,230,1.3
2026-05-09 20:54:42,Sat,20,RPAC TWD Gym Courts 1-2,0,241,0.0
2026-05-09 20:54:42,Sat,20,RPAC TWD Gym Courts 3 - 4,0,241,0.0
2026-05-09 20:54:42,Sat,20,RPAC Upper Gym Courts 1 - 2,0,241,0.0
2026-05-09 20:54:42,Sat,20,RPAC Upper Gym Courts 3 - 4 ,0,241,0.0
2026-05-09 20:54:42,Sat,20,RPAC Weight Floor,26,125,20.8
2026-05-09 21:39:39,Sat,21,RPAC 1st Floor Fitness Balcony,12,55,21.8
2026-05-09 21:39:39,Sat,21,RPAC 2nd Floor Cardio Loft,5,37,13.5
2026-05-09 21:39:39,Sat,21,RPAC Aquatic Center - Class Pool,10,32,31.2
2026-05-09 21:39:39,Sat,21,RPAC Aquatic Center - Comp Pool,0,25,0.0
2026-05-09 21:39:39,Sat,21,RPAC Aquatic Center - Hot Tub,10,15,66.7
2026-05-09 21:39:39,Sat,21,RPAC Aquatic Center - Lap Pool,6,24,25.0
2026-05-09 21:39:39,Sat,21,RPAC Aquatic Center - Leisure Pool,0,40,0.0
2026-05-09 21:39:39,Sat,21,RPAC Cardio Canyon,4,68,5.9
2026-05-09 21:39:39,Sat,21,RPAC North Gym,13,230,5.7
2026-05-09 21:39:39,Sat,21,RPAC South Gym,3,230,1.3
2026-05-09 21:39:39,Sat,21,RPAC TWD Gym Courts 1-2,0,241,0.0
2026-05-09 21:39:39,Sat,21,RPAC TWD Gym Courts 3 - 4,0,241,0.0
2026-05-09 21:39:39,Sat,21,RPAC Upper Gym Courts 1 - 2,0,241,0.0
2026-05-09 21:39:39,Sat,21,RPAC Upper Gym Courts 3 - 4 ,0,241,0.0
2026-05-09 21:39:39,Sat,21,RPAC Weight Floor,26,125,20.8
2026-05-09 22:40:58,Sat,22,RPAC 1st Floor Fitness Balcony,12,55,21.8
2026-05-09 22:40:58,Sat,22,RPAC 2nd Floor Cardio Loft,5,37,13.5
2026-05-09 22:40:58,Sat,22,RPAC Aquatic Center - Class Pool,10,32,31.2
2026-05-09 22:40:58,Sat,22,RPAC Aquatic Center - Comp Pool,0,25,0.0
2026-05-09 22:40:58,Sat,22,RPAC Aquatic Center - Hot Tub,10,15,66.7
2026-05-09 22:40:58,Sat,22,RPAC Aquatic Center - Lap Pool,6,24,25.0
2026-05-09 22:40:58,Sat,22,RPAC Aquatic Center - Leisure Pool,0,40,0.0
2026-05-09 22:40:58,Sat,22,RPAC Cardio Canyon,4,68,5.9
2026-05-09 22:40:58,Sat,22,RPAC North Gym,13,230,5.7
2026-05-09 22:40:58,Sat,22,RPAC South Gym,3,230,1.3
2026-05-09 22:40:58,Sat,22,RPAC TWD Gym Courts 1-2,0,241,0.0
2026-05-09 22:40:58,Sat,22,RPAC TWD Gym Courts 3 - 4,0,241,0.0
2026-05-09 22:40:58,Sat,22,RPAC Upper Gym Courts 1 - 2,0,241,0.0
2026-05-09 22:40:58,Sat,22,RPAC Upper Gym Courts 3 - 4 ,0,241,0.0
2026-05-09 22:40:58,Sat,22,RPAC Weight Floor,26,125,20.8
2026-05-10 00:08:37,Sun,0,RPAC 1st Floor Fitness Balcony,12,55,21.8
2026-05-10 00:08:37,Sun,0,RPAC 2nd Floor Cardio Loft,5,37,13.5
2026-05-10 00:08:37,Sun,0,RPAC Aquatic Center - Class Pool,10,32,31.2
2026-05-10 00:08:37,Sun,0,RPAC Aquatic Center - Comp Pool,0,25,0.0
2026-05-10 00:08:37,Sun,0,RPAC Aquatic Center - Hot Tub,10,15,66.7
2026-05-10 00:08:37,Sun,0,RPAC Aquatic Center - Lap Pool,6,24,25.0
2026-05-10 00:08:37,Sun,0,RPAC Aquatic Center - Leisure Pool,0,40,0.0
2026-05-10 00:08:37,Sun,0,RPAC Cardio Canyon,4,68,5.9
2026-05-10 00:08:37,Sun,0,RPAC North Gym,13,230,5.7
2026-05-10 00:08:37,Sun,0,RPAC South Gym,3,230,1.3
2026-05-10 00:08:37,Sun,0,RPAC TWD Gym Courts 1-2,0,241,0.0
2026-05-10 00:08:37,Sun,0,RPAC TWD Gym Courts 3 - 4,0,241,0.0
2026-05-10 00:08:37,Sun,0,RPAC Upper Gym Courts 1 - 2,0,241,0.0
2026-05-10 00:08:37,Sun,0,RPAC Upper Gym Courts 3 - 4 ,0,241,0.0
2026-05-10 00:08:37,Sun,0,RPAC Weight Floor,26,125,20.8
2026-05-10 01:27:35,Sun,1,RPAC 1st Floor Fitness Balcony,12,55,21.8
2026-05-10 01:27:35,Sun,1,RPAC 2nd Floor Cardio Loft,5,37,13.5
2026-05-10 01:27:35,Sun,1,RPAC Aquatic Center - Class Pool,10,32,31.2
2026-05-10 01:27:35,Sun,1,RPAC Aquatic Center - Comp Pool,0,25,0.0
2026-05-10 01:27:35,Sun,1,RPAC Aquatic Center - Hot Tub,10,15,66.7
2026-05-10 01:27:35,Sun,1,RPAC Aquatic Center - Lap Pool,6,24,25.0
2026-05-10 01:27:35,Sun,1,RPAC Aquatic Center - Leisure Pool,0,40,0.0
2026-05-10 01:27:35,Sun,1,RPAC Cardio Canyon,4,68,5.9
2026-05-10 01:27:35,Sun,1,RPAC North Gym,13,230,5.7
2026-05-10 01:27:35,Sun,1,RPAC South Gym,3,230,1.3
2026-05-10 01:27:35,Sun,1,RPAC TWD Gym Courts 1-2,0,241,0.0
2026-05-10 01:27:35,Sun,1,RPAC TWD Gym Courts 3 - 4,0,241,0.0
2026-05-10 01:27:35,Sun,1,RPAC Upper Gym Courts 1 - 2,0,241,0.0
2026-05-10 01:27:35,Sun,1,RPAC Upper Gym Courts 3 - 4 ,0,241,0.0
2026-05-10 01:27:35,Sun,1,RPAC Weight Floor,26,125,20.8
2026-05-10 02:26:37,Sun,2,RPAC 1st Floor Fitness Balcony,12,55,21.8
2026-05-10 02:26:37,Sun,2,RPAC 2nd Floor Cardio Loft,5,37,13.5
2026-05-10 02:26:37,Sun,2,RPAC Aquatic Center - Class Pool,10,32,31.2
2026-05-10 02:26:37,Sun,2,RPAC Aquatic Center - Comp Pool,0,25,0.0
2026-05-10 02:26:37,Sun,2,RPAC Aquatic Center - Hot Tub,10,15,66.7
2026-05-10 02:26:37,Sun,2,RPAC Aquatic Center - Lap Pool,6,24,25.0
2026-05-10 02:26:37,Sun,2,RPAC Aquatic Center - Leisure Pool,0,40,0.0
2026-05-10 02:26:37,Sun,2,RPAC Cardio Canyon,4,68,5.9
2026-05-10 02:26:37,Sun,2,RPAC North Gym,13,230,5.7
2026-05-10 02:26:37,Sun,2,RPAC South Gym,3,230,1.3
2026-05-10 02:26:37,Sun,2,RPAC TWD Gym Courts 1-2,0,241,0.0
2026-05-10 02:26:37,Sun,2,RPAC TWD Gym Courts 3 - 4,0,241,0.0
2026-05-10 02:26:37,Sun,2,RPAC Upper Gym Courts 1 - 2,0,241,0.0
2026-05-10 02:26:37,Sun,2,RPAC Upper Gym Courts 3 - 4 ,0,241,0.0
2026-05-10 02:26:37,Sun,2,RPAC Weight Floor,26,125,20.8
2026-05-10 03:21:48,Sun,3,RPAC 1st Floor Fitness Balcony,12,55,21.8
2026-05-10 03:21:48,Sun,3,RPAC 2nd Floor Cardio Loft,5,37,13.5
2026-05-10 03:21:48,Sun,3,RPAC Aquatic Center - Class Pool,10,32,31.2
2026-05-10 03:21:48,Sun,3,RPAC Aquatic Center - Comp Pool,0,25,0.0
2026-05-10 03:21:48,Sun,3,RPAC Aquatic Center - Hot Tub,10,15,66.7
2026-05-10 03:21:48,Sun,3,RPAC Aquatic Center - Lap Pool,6,24,25.0
2026-05-10 03:21:48,Sun,3,RPAC Aquatic Center - Leisure Pool,0,40,0.0
2026-05-10 03:21:48,Sun,3,RPAC Cardio Canyon,4,68,5.9
2026-05-10 03:21:48,Sun,3,RPAC North Gym,13,230,5.7
2026-05-10 03:21:48,Sun,3,RPAC South Gym,3,230,1.3
2026-05-10 03:21:48,Sun,3,RPAC TWD Gym Courts 1-2,0,241,0.0
2026-05-10 03:21:48,Sun,3,RPAC TWD Gym Courts 3 - 4,0,241,0.0
2026-05-10 03:21:48,Sun,3,RPAC Upper Gym Courts 1 - 2,0,241,0.0
2026-05-10 03:21:48,Sun,3,RPAC Upper Gym Courts 3 - 4 ,0,241,0.0
2026-05-10 03:21:48,Sun,3,RPAC Weight Floor,26,125,20.8
2026-05-10 05:08:04,Sun,5,RPAC 1st Floor Fitness Balcony,12,55,21.8
2026-05-10 05:08:04,Sun,5,RPAC 2nd Floor Cardio Loft,5,37,13.5
2026-05-10 05:08:04,Sun,5,RPAC Aquatic Center - Class Pool,10,32,31.2
2026-05-10 05:08:04,Sun,5,RPAC Aquatic Center - Comp Pool,0,25,0.0
2026-05-10 05:08:04,Sun,5,RPAC Aquatic Center - Hot Tub,10,15,66.7
2026-05-10 05:08:04,Sun,5,RPAC Aquatic Center - Lap Pool,6,24,25.0
2026-05-10 05:08:04,Sun,5,RPAC Aquatic Center - Leisure Pool,0,40,0.0
2026-05-10 05:08:04,Sun,5,RPAC Cardio Canyon,4,68,5.9
2026-05-10 05:08:04,Sun,5,RPAC North Gym,13,230,5.7
2026-05-10 05:08:04,Sun,5,RPAC South Gym,3,230,1.3
2026-05-10 05:08:04,Sun,5,RPAC TWD Gym Courts 1-2,0,241,0.0
2026-05-10 05:08:04,Sun,5,RPAC TWD Gym Courts 3 - 4,0,241,0.0
2026-05-10 05:08:04,Sun,5,RPAC Upper Gym Courts 1 - 2,0,241,0.0
2026-05-10 05:08:04,Sun,5,RPAC Upper Gym Courts 3 - 4 ,0,241,0.0
2026-05-10 05:08:04,Sun,5,RPAC Weight Floor,26,125,20.8
2026-05-10 06:30:43,Sun,6,RPAC 1st Floor Fitness Balcony,12,55,21.8
2026-05-10 06:30:43,Sun,6,RPAC 2nd Floor Cardio Loft,5,37,13.5
2026-05-10 06:30:43,Sun,6,RPAC Aquatic Center - Class Pool,10,32,31.2
2026-05-10 06:30:43,Sun,6,RPAC Aquatic Center - Comp Pool,0,25,0.0
2026-05-10 06:30:43,Sun,6,RPAC Aquatic Center - Hot Tub,10,15,66.7
2026-05-10 06:30:43,Sun,6,RPAC Aquatic Center - Lap Pool,6,24,25.0
2026-05-10 06:30:43,Sun,6,RPAC Aquatic Center - Leisure Pool,0,40,0.0
2026-05-10 06:30:43,Sun,6,RPAC Cardio Canyon,4,68,5.9
2026-05-10 06:30:43,Sun,6,RPAC North Gym,13,230,5.7
2026-05-10 06:30:43,Sun,6,RPAC South Gym,3,230,1.3
2026-05-10 06:30:43,Sun,6,RPAC TWD Gym Courts 1-2,0,241,0.0
2026-05-10 06:30:43,Sun,6,RPAC TWD Gym Courts 3 - 4,0,241,0.0
2026-05-10 06:30:43,Sun,6,RPAC Upper Gym Courts 1 - 2,0,241,0.0
2026-05-10 06:30:43,Sun,6,RPAC Upper Gym Courts 3 - 4 ,0,241,0.0
2026-05-10 06:30:43,Sun,6,RPAC Weight Floor,26,125,20.8
2026-05-10 08:03:06,Sun,8,RPAC 1st Floor Fitness Balcony,12,55,21.8
2026-05-10 08:03:06,Sun,8,RPAC 2nd Floor Cardio Loft,5,37,13.5
2026-05-10 08:03:06,Sun,8,RPAC Aquatic Center - Class Pool,10,32,31.2
2026-05-10 08:03:06,Sun,8,RPAC Aquatic Center - Comp Pool,0,25,0.0
2026-05-10 08:03:06,Sun,8,RPAC Aquatic Center - Hot Tub,10,15,66.7
2026-05-10 08:03:06,Sun,8,RPAC Aquatic Center - Lap Pool,6,24,25.0
2026-05-10 08:03:06,Sun,8,RPAC Aquatic Center - Leisure Pool,0,40,0.0
2026-05-10 08:03:06,Sun,8,RPAC Cardio Canyon,4,68,5.9
2026-05-10 08:03:06,Sun,8,RPAC North Gym,13,230,5.7
2026-05-10 08:03:06,Sun,8,RPAC South Gym,3,230,1.3
2026-05-10 08:03:06,Sun,8,RPAC TWD Gym Courts 1-2,0,241,0.0
2026-05-10 08:03:06,Sun,8,RPAC TWD Gym Courts 3 - 4,0,241,0.0
2026-05-10 08:03:06,Sun,8,RPAC Upper Gym Courts 1 - 2,0,241,0.0
2026-05-10 08:03:06,Sun,8,RPAC Upper Gym Courts 3 - 4 ,0,241,0.0
2026-05-10 08:03:06,Sun,8,RPAC Weight Floor,26,125,20.8
2026-05-10 08:36:46,Sun,8,RPAC 1st Floor Fitness Balcony,12,55,21.8
2026-05-10 08:36:46,Sun,8,RPAC 2nd Floor Cardio Loft,5,37,13.5
2026-05-10 08:36:46,Sun,8,RPAC Aquatic Center - Class Pool,10,32,31.2
2026-05-10 08:36:46,Sun,8,RPAC Aquatic Center - Comp Pool,0,25,0.0
2026-05-10 08:36:46,Sun,8,RPAC Aquatic Center - Hot Tub,10,15,66.7
2026-05-10 08:36:46,Sun,8,RPAC Aquatic Center - Lap Pool,6,24,25.0
2026-05-10 08:36:46,Sun,8,RPAC Aquatic Center - Leisure Pool,0,40,0.0
2026-05-10 08:36:46,Sun,8,RPAC Cardio Canyon,4,68,5.9
2026-05-10 08:36:46,Sun,8,RPAC North Gym,13,230,5.7
2026-05-10 08:36:46,Sun,8,RPAC South Gym,3,230,1.3
2026-05-10 08:36:46,Sun,8,RPAC TWD Gym Courts 1-2,0,241,0.0
2026-05-10 08:36:46,Sun,8,RPAC TWD Gym Courts 3 - 4,0,241,0.0
2026-05-10 08:36:46,Sun,8,RPAC Upper Gym Courts 1 - 2,0,241,0.0
2026-05-10 08:36:46,Sun,8,RPAC Upper Gym Courts 3 - 4 ,0,241,0.0
2026-05-10 08:36:46,Sun,8,RPAC Weight Floor,26,125,20.8
2026-05-10 09:11:09,Sun,9,RPAC 1st Floor Fitness Balcony,12,55,21.8
2026-05-10 09:11:09,Sun,9,RPAC 2nd Floor Cardio Loft,5,37,13.5
2026-05-10 09:11:09,Sun,9,RPAC Aquatic Center - Class Pool,10,32,31.2
2026-05-10 09:11:09,Sun,9,RPAC Aquatic Center - Comp Pool,0,25,0.0
2026-05-10 09:11:09,Sun,9,RPAC Aquatic Center - Hot Tub,10,15,66.7
2026-05-10 09:11:09,Sun,9,RPAC Aquatic Center - Lap Pool,6,24,25.0
2026-05-10 09:11:09,Sun,9,RPAC Aquatic Center - Leisure Pool,0,40,0.0
2026-05-10 09:11:09,Sun,9,RPAC Cardio Canyon,4,68,5.9
2026-05-10 09:11:09,Sun,9,RPAC North Gym,13,230,5.7
2026-05-10 09:11:09,Sun,9,RPAC South Gym,3,230,1.3
2026-05-10 09:11:09,Sun,9,RPAC TWD Gym Courts 1-2,0,241,0.0
2026-05-10 09:11:09,Sun,9,RPAC TWD Gym Courts 3 - 4,0,241,0.0
2026-05-10 09:11:09,Sun,9,RPAC Upper Gym Courts 1 - 2,0,241,0.0
2026-05-10 09:11:09,Sun,9,RPAC Upper Gym Courts 3 - 4 ,0,241,0.0
2026-05-10 09:11:09,Sun,9,RPAC Weight Floor,26,125,20.8
2026-05-10 09:52:07,Sun,9,RPAC 1st Floor Fitness Balcony,12,55,21.8
2026-05-10 09:52:07,Sun,9,RPAC 2nd Floor Cardio Loft,5,37,13.5
2026-05-10 09:52:07,Sun,9,RPAC Aquatic Center - Class Pool,10,32,31.2
2026-05-10 09:52:07,Sun,9,RPAC Aquatic Center - Comp Pool,0,25,0.0
2026-05-10 09:52:07,Sun,9,RPAC Aquatic Center - Hot Tub,10,15,66.7
2026-05-10 09:52:07,Sun,9,RPAC Aquatic Center - Lap Pool,6,24,25.0
2026-05-10 09:52:07,Sun,9,RPAC Aquatic Center - Leisure Pool,0,40,0.0
2026-05-10 09:52:07,Sun,9,RPAC Cardio Canyon,4,68,5.9
2026-05-10 09:52:07,Sun,9,RPAC North Gym,13,230,5.7
2026-05-10 09:52:07,Sun,9,RPAC South Gym,3,230,1.3
2026-05-10 09:52:07,Sun,9,RPAC TWD Gym Courts 1-2,0,241,0.0
2026-05-10 09:52:07,Sun,9,RPAC TWD Gym Courts 3 - 4,0,241,0.0
2026-05-10 09:52:07,Sun,9,RPAC Upper Gym Courts 1 - 2,0,241,0.0
2026-05-10 09:52:07,Sun,9,RPAC Upper Gym Courts 3 - 4 ,0,241,0.0
2026-05-10 09:52:07,Sun,9,RPAC Weight Floor,26,125,20.8
2026-05-10 10:29:22,Sun,10,RPAC 1st Floor Fitness Balcony,12,55,21.8
2026-05-10 10:29:22,Sun,10,RPAC 2nd Floor Cardio Loft,5,37,13.5
2026-05-10 10:29:22,Sun,10,RPAC Aquatic Center - Class Pool,10,32,31.2
2026-05-10 10:29:22,Sun,10,RPAC Aquatic Center - Comp Pool,0,25,0.0
2026-05-10 10:29:22,Sun,10,RPAC Aquatic Center - Hot Tub,10,15,66.7
2026-05-10 10:29:22,Sun,10,RPAC Aquatic Center - Lap Pool,6,24,25.0
2026-05-10 10:29:22,Sun,10,RPAC Aquatic Center - Leisure Pool,0,40,0.0
2026-05-10 10:29:22,Sun,10,RPAC Cardio Canyon,4,68,5.9
2026-05-10 10:29:22,Sun,10,RPAC North Gym,13,230,5.7
2026-05-10 10:29:22,Sun,10,RPAC South Gym,3,230,1.3
2026-05-10 10:29:22,Sun,10,RPAC TWD Gym Courts 1-2,0,241,0.0
2026-05-10 10:29:22,Sun,10,RPAC TWD Gym Courts 3 - 4,0,241,0.0
2026-05-10 10:29:22,Sun,10,RPAC Upper Gym Courts 1 - 2,0,241,0.0
2026-05-10 10:29:22,Sun,10,RPAC Upper Gym Courts 3 - 4 ,0,241,0.0
2026-05-10 10:29:22,Sun,10,RPAC Weight Floor,26,125,20.8
2026-05-10 10:54:00,Sun,10,RPAC 1st Floor Fitness Balcony,12,55,21.8
2026-05-10 10:54:00,Sun,10,RPAC 2nd Floor Cardio Loft,5,37,13.5
2026-05-10 10:54:00,Sun,10,RPAC Aquatic Center - Class Pool,10,32,31.2
2026-05-10 10:54:00,Sun,10,RPAC Aquatic Center - Comp Pool,0,25,0.0
2026-05-10 10:54:00,Sun,10,RPAC Aquatic Center - Hot Tub,10,15,66.7
2026-05-10 10:54:00,Sun,10,RPAC Aquatic Center - Lap Pool,6,24,25.0
2026-05-10 10:54:00,Sun,10,RPAC Aquatic Center - Leisure Pool,0,40,0.0
2026-05-10 10:54:00,Sun,10,RPAC Cardio Canyon,4,68,5.9
2026-05-10 10:54:00,Sun,10,RPAC North Gym,13,230,5.7
2026-05-10 10:54:00,Sun,10,RPAC South Gym,3,230,1.3
2026-05-10 10:54:00,Sun,10,RPAC TWD Gym Courts 1-2,0,241,0.0
2026-05-10 10:54:00,Sun,10,RPAC TWD Gym Courts 3 - 4,0,241,0.0
2026-05-10 10:54:00,Sun,10,RPAC Upper Gym Courts 1 - 2,0,241,0.0
2026-05-10 10:54:00,Sun,10,RPAC Upper Gym Courts 3 - 4 ,0,241,0.0
2026-05-10 10:54:00,Sun,10,RPAC Weight Floor,26,125,20.8
2026-05-10 11:24:49,Sun,11,RPAC 1st Floor Fitness Balcony,12,55,21.8
2026-05-10 11:24:49,Sun,11,RPAC 2nd Floor Cardio Loft,5,37,13.5
2026-05-10 11:24:49,Sun,11,RPAC Aquatic Center - Class Pool,10,32,31.2
2026-05-10 11:24:49,Sun,11,RPAC Aquatic Center - Comp Pool,0,25,0.0
2026-05-10 11:24:49,Sun,11,RPAC Aquatic Center - Hot Tub,10,15,66.7
2026-05-10 11:24:49,Sun,11,RPAC Aquatic Center - Lap Pool,6,24,25.0
2026-05-10 11:24:49,Sun,11,RPAC Aquatic Center - Leisure Pool,0,40,0.0
2026-05-10 11:24:49,Sun,11,RPAC Cardio Canyon,4,68,5.9
2026-05-10 11:24:49,Sun,11,RPAC North Gym,13,230,5.7
2026-05-10 11:24:49,Sun,11,RPAC South Gym,3,230,1.3
2026-05-10 11:24:49,Sun,11,RPAC TWD Gym Courts 1-2,0,241,0.0
2026-05-10 11:24:49,Sun,11,RPAC TWD Gym Courts 3 - 4,0,241,0.0
2026-05-10 11:24:49,Sun,11,RPAC Upper Gym Courts 1 - 2,0,241,0.0
2026-05-10 11:24:49,Sun,11,RPAC Upper Gym Courts 3 - 4 ,0,241,0.0
2026-05-10 11:24:49,Sun,11,RPAC Weight Floor,26,125,20.8
2026-05-10 11:48:58,Sun,11,RPAC 1st Floor Fitness Balcony,12,55,21.8
2026-05-10 11:48:58,Sun,11,RPAC 2nd Floor Cardio Loft,5,37,13.5
2026-05-10 11:48:58,Sun,11,RPAC Aquatic Center - Class Pool,10,32,31.2
2026-05-10 11:48:58,Sun,11,RPAC Aquatic Center - Comp Pool,0,25,0.0
2026-05-10 11:48:58,Sun,11,RPAC Aquatic Center - Hot Tub,10,15,66.7
2026-05-10 11:48:58,Sun,11,RPAC Aquatic Center - Lap Pool,6,24,25.0
2026-05-10 11:48:58,Sun,11,RPAC Aquatic Center - Leisure Pool,0,40,0.0
2026-05-10 11:48:58,Sun,11,RPAC Cardio Canyon,4,68,5.9
2026-05-10 11:48:58,Sun,11,RPAC North Gym,13,230,5.7
2026-05-10 11:48:58,Sun,11,RPAC South Gym,3,230,1.3
2026-05-10 11:48:58,Sun,11,RPAC TWD Gym Courts 1-2,0,241,0.0
2026-05-10 11:48:58,Sun,11,RPAC TWD Gym Courts 3 - 4,0,241,0.0
2026-05-10 11:48:58,Sun,11,RPAC Upper Gym Courts 1 - 2,0,241,0.0
2026-05-10 11:48:58,Sun,11,RPAC Upper Gym Courts 3 - 4 ,0,241,0.0
2026-05-10 11:48:58,Sun,11,RPAC Weight Floor,26,125,20.8
2026-05-10 12:23:04,Sun,12,RPAC 1st Floor Fitness Balcony,12,55,21.8
2026-05-10 12:23:04,Sun,12,RPAC 2nd Floor Cardio Loft,5,37,13.5
2026-05-10 12:23:04,Sun,12,RPAC Aquatic Center - Class Pool,10,32,31.2
2026-05-10 12:23:04,Sun,12,RPAC Aquatic Center - Comp Pool,0,25,0.0
2026-05-10 12:23:04,Sun,12,RPAC Aquatic Center - Hot Tub,10,15,66.7
2026-05-10 12:23:04,Sun,12,RPAC Aquatic Center - Lap Pool,6,24,25.0
2026-05-10 12:23:04,Sun,12,RPAC Aquatic Center - Leisure Pool,0,40,0.0
2026-05-10 12:23:04,Sun,12,RPAC Cardio Canyon,4,68,5.9
2026-05-10 12:23:04,Sun,12,RPAC North Gym,13,230,5.7
2026-05-10 12:23:04,Sun,12,RPAC South Gym,3,230,1.3
2026-05-10 12:23:04,Sun,12,RPAC TWD Gym Courts 1-2,0,241,0.0
2026-05-10 12:23:04,Sun,12,RPAC TWD Gym Courts 3 - 4,0,241,0.0
2026-05-10 12:23:04,Sun,12,RPAC Upper Gym Courts 1 - 2,0,241,0.0
2026-05-10 12:23:04,Sun,12,RPAC Upper Gym Courts 3 - 4 ,0,241,0.0
2026-05-10 12:23:04,Sun,12,RPAC Weight Floor,26,125,20.8
2026-05-10 12:49:00,Sun,12,RPAC 1st Floor Fitness Balcony,12,55,21.8
2026-05-10 12:49:00,Sun,12,RPAC 2nd Floor Cardio Loft,5,37,13.5
2026-05-10 12:49:00,Sun,12,RPAC Aquatic Center - Class Pool,10,32,31.2
2026-05-10 12:49:00,Sun,12,RPAC Aquatic Center - Comp Pool,0,25,0.0
2026-05-10 12:49:00,Sun,12,RPAC Aquatic Center - Hot Tub,10,15,66.7
2026-05-10 12:49:00,Sun,12,RPAC Aquatic Center - Lap Pool,6,24,25.0
2026-05-10 12:49:00,Sun,12,RPAC Aquatic Center - Leisure Pool,0,40,0.0
2026-05-10 12:49:00,Sun,12,RPAC Cardio Canyon,4,68,5.9
2026-05-10 12:49:00,Sun,12,RPAC North Gym,13,230,5.7
2026-05-10 12:49:00,Sun,12,RPAC South Gym,3,230,1.3
2026-05-10 12:49:00,Sun,12,RPAC TWD Gym Courts 1-2,0,241,0.0
2026-05-10 12:49:00,Sun,12,RPAC TWD Gym Courts 3 - 4,0,241,0.0
2026-05-10 12:49:00,Sun,12,RPAC Upper Gym Courts 1 - 2,0,241,0.0
2026-05-10 12:49:00,Sun,12,RPAC Upper Gym Courts 3 - 4 ,0,241,0.0
2026-05-10 12:49:00,Sun,12,RPAC Weight Floor,26,125,20.8
2026-05-10 13:23:48,Sun,13,RPAC 1st Floor Fitness Balcony,12,55,21.8
2026-05-10 13:23:48,Sun,13,RPAC 2nd Floor Cardio Loft,5,37,13.5
2026-05-10 13:23:48,Sun,13,RPAC Aquatic Center - Class Pool,10,32,31.2
2026-05-10 13:23:48,Sun,13,RPAC Aquatic Center - Comp Pool,0,25,0.0
2026-05-10 13:23:48,Sun,13,RPAC Aquatic Center - Hot Tub,10,15,66.7
2026-05-10 13:23:48,Sun,13,RPAC Aquatic Center - Lap Pool,6,24,25.0
2026-05-10 13:23:48,Sun,13,RPAC Aquatic Center - Leisure Pool,0,40,0.0
2026-05-10 13:23:48,Sun,13,RPAC Cardio Canyon,4,68,5.9
2026-05-10 13:23:48,Sun,13,RPAC North Gym,13,230,5.7
2026-05-10 13:23:48,Sun,13,RPAC South Gym,3,230,1.3
2026-05-10 13:23:48,Sun,13,RPAC TWD Gym Courts 1-2,0,241,0.0
2026-05-10 13:23:48,Sun,13,RPAC TWD Gym Courts 3 - 4,0,241,0.0
2026-05-10 13:23:48,Sun,13,RPAC Upper Gym Courts 1 - 2,0,241,0.0
2026-05-10 13:23:48,Sun,13,RPAC Upper Gym Courts 3 - 4 ,0,241,0.0
2026-05-10 13:23:48,Sun,13,RPAC Weight Floor,26,125,20.8
2026-05-10 13:48:50,Sun,13,RPAC 1st Floor Fitness Balcony,12,55,21.8
2026-05-10 13:48:50,Sun,13,RPAC 2nd Floor Cardio Loft,5,37,13.5
2026-05-10 13:48:50,Sun,13,RPAC Aquatic Center - Class Pool,10,32,31.2
2026-05-10 13:48:50,Sun,13,RPAC Aquatic Center - Comp Pool,0,25,0.0
2026-05-10 13:48:50,Sun,13,RPAC Aquatic Center - Hot Tub,10,15,66.7
2026-05-10 13:48:50,Sun,13,RPAC Aquatic Center - Lap Pool,6,24,25.0
2026-05-10 13:48:50,Sun,13,RPAC Aquatic Center - Leisure Pool,0,40,0.0
2026-05-10 13:48:50,Sun,13,RPAC Cardio Canyon,4,68,5.9
2026-05-10 13:48:50,Sun,13,RPAC North Gym,13,230,5.7
2026-05-10 13:48:50,Sun,13,RPAC South Gym,3,230,1.3
2026-05-10 13:48:50,Sun,13,RPAC TWD Gym Courts 1-2,0,241,0.0
2026-05-10 13:48:50,Sun,13,RPAC TWD Gym Courts 3 - 4,0,241,0.0
2026-05-10 13:48:50,Sun,13,RPAC Upper Gym Courts 1 - 2,0,241,0.0
2026-05-10 13:48:50,Sun,13,RPAC Upper Gym Courts 3 - 4 ,0,241,0.0
2026-05-10 13:48:50,Sun,13,RPAC Weight Floor,26,125,20.8
2026-05-10 15:28:45,Sun,15,RPAC 1st Floor Fitness Balcony,12,55,21.8
2026-05-10 15:28:45,Sun,15,RPAC 2nd Floor Cardio Loft,5,37,13.5
2026-05-10 15:28:45,Sun,15,RPAC Aquatic Center - Class Pool,10,32,31.2
2026-05-10 15:28:45,Sun,15,RPAC Aquatic Center - Comp Pool,0,25,0.0
2026-05-10 15:28:45,Sun,15,RPAC Aquatic Center - Hot Tub,10,15,66.7
2026-05-10 15:28:45,Sun,15,RPAC Aquatic Center - Lap Pool,6,24,25.0
2026-05-10 15:28:45,Sun,15,RPAC Aquatic Center - Leisure Pool,0,40,0.0
2026-05-10 15:28:45,Sun,15,RPAC Cardio Canyon,4,68,5.9
2026-05-10 15:28:45,Sun,15,RPAC North Gym,13,230,5.7
2026-05-10 15:28:45,Sun,15,RPAC South Gym,3,230,1.3
2026-05-10 15:28:45,Sun,15,RPAC TWD Gym Courts 1-2,0,241,0.0
2026-05-10 15:28:45,Sun,15,RPAC TWD Gym Courts 3 - 4,0,241,0.0
2026-05-10 15:28:45,Sun,15,RPAC Upper Gym Courts 1 - 2,0,241,0.0
2026-05-10 15:28:45,Sun,15,RPAC Upper Gym Courts 3 - 4 ,0,241,0.0
2026-05-10 15:28:45,Sun,15,RPAC Weight Floor,26,125,20.8
2026-05-10 15:54:44,Sun,15,RPAC 1st Floor Fitness Balcony,12,55,21.8
2026-05-10 15:54:44,Sun,15,RPAC 2nd Floor Cardio Loft,5,37,13.5
2026-05-10 15:54:44,Sun,15,RPAC Aquatic Center - Class Pool,10,32,31.2
2026-05-10 15:54:44,Sun,15,RPAC Aquatic Center - Comp Pool,0,25,0.0
2026-05-10 15:54:44,Sun,15,RPAC Aquatic Center - Hot Tub,10,15,66.7
2026-05-10 15:54:44,Sun,15,RPAC Aquatic Center - Lap Pool,6,24,25.0
2026-05-10 15:54:44,Sun,15,RPAC Aquatic Center - Leisure Pool,0,40,0.0
2026-05-10 15:54:44,Sun,15,RPAC Cardio Canyon,4,68,5.9
2026-05-10 15:54:44,Sun,15,RPAC North Gym,13,230,5.7
2026-05-10 15:54:44,Sun,15,RPAC South Gym,3,230,1.3
2026-05-10 15:54:44,Sun,15,RPAC TWD Gym Courts 1-2,0,241,0.0
2026-05-10 15:54:44,Sun,15,RPAC TWD Gym Courts 3 - 4,0,241,0.0
2026-05-10 15:54:44,Sun,15,RPAC Upper Gym Courts 1 - 2,0,241,0.0
2026-05-10 15:54:44,Sun,15,RPAC Upper Gym Courts 3 - 4 ,0,241,0.0
2026-05-10 15:54:44,Sun,15,RPAC Weight Floor,26,125,20.8
2026-05-10 16:20:13,Sun,16,RPAC 1st Floor Fitness Balcony,12,55,21.8
2026-05-10 16:20:13,Sun,16,RPAC 2nd Floor Cardio Loft,5,37,13.5
2026-05-10 16:20:13,Sun,16,RPAC Aquatic Center - Class Pool,10,32,31.2
2026-05-10 16:20:13,Sun,16,RPAC Aquatic Center - Comp Pool,0,25,0.0
2026-05-10 16:20:13,Sun,16,RPAC Aquatic Center - Hot Tub,10,15,66.7
2026-05-10 16:20:13,Sun,16,RPAC Aquatic Center - Lap Pool,6,24,25.0
2026-05-10 16:20:13,Sun,16,RPAC Aquatic Center - Leisure Pool,0,40,0.0
2026-05-10 16:20:13,Sun,16,RPAC Cardio Canyon,4,68,5.9
2026-05-10 16:20:13,Sun,16,RPAC North Gym,13,230,5.7
2026-05-10 16:20:13,Sun,16,RPAC South Gym,3,230,1.3
2026-05-10 16:20:13,Sun,16,RPAC TWD Gym Courts 1-2,0,241,0.0
2026-05-10 16:20:13,Sun,16,RPAC TWD Gym Courts 3 - 4,0,241,0.0
2026-05-10 16:20:13,Sun,16,RPAC Upper Gym Courts 1 - 2,0,241,0.0
2026-05-10 16:20:13,Sun,16,RPAC Upper Gym Courts 3 - 4 ,0,241,0.0
2026-05-10 16:20:13,Sun,16,RPAC Weight Floor,26,125,20.8
2026-05-10 16:48:02,Sun,16,RPAC 1st Floor Fitness Balcony,12,55,21.8
2026-05-10 16:48:02,Sun,16,RPAC 2nd Floor Cardio Loft,5,37,13.5
2026-05-10 16:48:02,Sun,16,RPAC Aquatic Center - Class Pool,10,32,31.2
2026-05-10 16:48:02,Sun,16,RPAC Aquatic Center - Comp Pool,0,25,0.0
2026-05-10 16:48:02,Sun,16,RPAC Aquatic Center - Hot Tub,10,15,66.7
2026-05-10 16:48:02,Sun,16,RPAC Aquatic Center - Lap Pool,6,24,25.0
2026-05-10 16:48:02,Sun,16,RPAC Aquatic Center - Leisure Pool,0,40,0.0
2026-05-10 16:48:02,Sun,16,RPAC Cardio Canyon,4,68,5.9
2026-05-10 16:48:02,Sun,16,RPAC North Gym,13,230,5.7
2026-05-10 16:48:02,Sun,16,RPAC South Gym,3,230,1.3
2026-05-10 16:48:02,Sun,16,RPAC TWD Gym Courts 1-2,0,241,0.0
2026-05-10 16:48:02,Sun,16,RPAC TWD Gym Courts 3 - 4,0,241,0.0
2026-05-10 16:48:02,Sun,16,RPAC Upper Gym Courts 1 - 2,0,241,0.0
2026-05-10 16:48:02,Sun,16,RPAC Upper Gym Courts 3 - 4 ,0,241,0.0
2026-05-10 16:48:02,Sun,16,RPAC Weight Floor,26,125,20.8
2026-05-10 17:20:55,Sun,17,RPAC 1st Floor Fitness Balcony,12,55,21.8
2026-05-10 17:20:55,Sun,17,RPAC 2nd Floor Cardio Loft,5,37,13.5
2026-05-10 17:20:55,Sun,17,RPAC Aquatic Center - Class Pool,10,32,31.2
2026-05-10 17:20:55,Sun,17,RPAC Aquatic Center - Comp Pool,0,25,0.0
2026-05-10 17:20:55,Sun,17,RPAC Aquatic Center - Hot Tub,10,15,66.7
2026-05-10 17:20:55,Sun,17,RPAC Aquatic Center - Lap Pool,6,24,25.0
2026-05-10 17:20:55,Sun,17,RPAC Aquatic Center - Leisure Pool,0,40,0.0
2026-05-10 17:20:55,Sun,17,RPAC Cardio Canyon,4,68,5.9
2026-05-10 17:20:55,Sun,17,RPAC North Gym,13,230,5.7
2026-05-10 17:20:55,Sun,17,RPAC South Gym,3,230,1.3
2026-05-10 17:20:55,Sun,17,RPAC TWD Gym Courts 1-2,0,241,0.0
2026-05-10 17:20:55,Sun,17,RPAC TWD Gym Courts 3 - 4,0,241,0.0
2026-05-10 17:20:55,Sun,17,RPAC Upper Gym Courts 1 - 2,0,241,0.0
2026-05-10 17:20:55,Sun,17,RPAC Upper Gym Courts 3 - 4 ,0,241,0.0
2026-05-10 17:20:55,Sun,17,RPAC Weight Floor,26,125,20.8
2026-05-10 17:47:58,Sun,17,RPAC 1st Floor Fitness Balcony,12,55,21.8
2026-05-10 17:47:58,Sun,17,RPAC 2nd Floor Cardio Loft,5,37,13.5
2026-05-10 17:47:58,Sun,17,RPAC Aquatic Center - Class Pool,10,32,31.2
2026-05-10 17:47:58,Sun,17,RPAC Aquatic Center - Comp Pool,0,25,0.0
2026-05-10 17:47:58,Sun,17,RPAC Aquatic Center - Hot Tub,10,15,66.7
2026-05-10 17:47:58,Sun,17,RPAC Aquatic Center - Lap Pool,6,24,25.0
2026-05-10 17:47:58,Sun,17,RPAC Aquatic Center - Leisure Pool,0,40,0.0
2026-05-10 17:47:58,Sun,17,RPAC Cardio Canyon,4,68,5.9
2026-05-10 17:47:58,Sun,17,RPAC North Gym,13,230,5.7
2026-05-10 17:47:58,Sun,17,RPAC South Gym,3,230,1.3
2026-05-10 17:47:58,Sun,17,RPAC TWD Gym Courts 1-2,0,241,0.0
2026-05-10 17:47:58,Sun,17,RPAC TWD Gym Courts 3 - 4,0,241,0.0
2026-05-10 17:47:58,Sun,17,RPAC Upper Gym Courts 1 - 2,0,241,0.0
2026-05-10 17:47:58,Sun,17,RPAC Upper Gym Courts 3 - 4 ,0,241,0.0
2026-05-10 17:47:58,Sun,17,RPAC Weight Floor,26,125,20.8
2026-05-10 18:20:02,Sun,18,RPAC 1st Floor Fitness Balcony,12,55,21.8
2026-05-10 18:20:02,Sun,18,RPAC 2nd Floor Cardio Loft,5,37,13.5
2026-05-10 18:20:02,Sun,18,RPAC Aquatic Center - Class Pool,10,32,31.2
2026-05-10 18:20:02,Sun,18,RPAC Aquatic Center - Comp Pool,0,25,0.0
2026-05-10 18:20:02,Sun,18,RPAC Aquatic Center - Hot Tub,10,15,66.7
2026-05-10 18:20:02,Sun,18,RPAC Aquatic Center - Lap Pool,6,24,25.0
2026-05-10 18:20:02,Sun,18,RPAC Aquatic Center - Leisure Pool,0,40,0.0
2026-05-10 18:20:02,Sun,18,RPAC Cardio Canyon,4,68,5.9
2026-05-10 18:20:02,Sun,18,RPAC North Gym,13,230,5.7
2026-05-10 18:20:02,Sun,18,RPAC South Gym,3,230,1.3
2026-05-10 18:20:02,Sun,18,RPAC TWD Gym Courts 1-2,0,241,0.0
2026-05-10 18:20:02,Sun,18,RPAC TWD Gym Courts 3 - 4,0,241,0.0
2026-05-10 18:20:02,Sun,18,RPAC Upper Gym Courts 1 - 2,0,241,0.0
2026-05-10 18:20:02,Sun,18,RPAC Upper Gym Courts 3 - 4 ,0,241,0.0
2026-05-10 18:20:02,Sun,18,RPAC Weight Floor,26,125,20.8
2026-05-10 18:48:02,Sun,18,RPAC 1st Floor Fitness Balcony,12,55,21.8
2026-05-10 18:48:02,Sun,18,RPAC 2nd Floor Cardio Loft,5,37,13.5
2026-05-10 18:48:02,Sun,18,RPAC Aquatic Center - Class Pool,10,32,31.2
2026-05-10 18:48:02,Sun,18,RPAC Aquatic Center - Comp Pool,0,25,0.0
2026-05-10 18:48:02,Sun,18,RPAC Aquatic Center - Hot Tub,10,15,66.7
2026-05-10 18:48:02,Sun,18,RPAC Aquatic Center - Lap Pool,6,24,25.0
2026-05-10 18:48:02,Sun,18,RPAC Aquatic Center - Leisure Pool,0,40,0.0
2026-05-10 18:48:02,Sun,18,RPAC Cardio Canyon,4,68,5.9
2026-05-10 18:48:02,Sun,18,RPAC North Gym,13,230,5.7
2026-05-10 18:48:02,Sun,18,RPAC South Gym,3,230,1.3
2026-05-10 18:48:02,Sun,18,RPAC TWD Gym Courts 1-2,0,241,0.0
2026-05-10 18:48:02,Sun,18,RPAC TWD Gym Courts 3 - 4,0,241,0.0
2026-05-10 18:48:02,Sun,18,RPAC Upper Gym Courts 1 - 2,0,241,0.0
2026-05-10 18:48:02,Sun,18,RPAC Upper Gym Courts 3 - 4 ,0,241,0.0
2026-05-10 18:48:02,Sun,18,RPAC Weight Floor,26,125,20.8
2026-05-10 21:41:59,Sun,21,RPAC 1st Floor Fitness Balcony,12,55,21.8
2026-05-10 21:41:59,Sun,21,RPAC 2nd Floor Cardio Loft,5,37,13.5
2026-05-10 21:41:59,Sun,21,RPAC Aquatic Center - Class Pool,10,32,31.2
2026-05-10 21:41:59,Sun,21,RPAC Aquatic Center - Comp Pool,0,25,0.0
2026-05-10 21:41:59,Sun,21,RPAC Aquatic Center - Hot Tub,10,15,66.7
2026-05-10 21:41:59,Sun,21,RPAC Aquatic Center - Lap Pool,6,24,25.0
2026-05-10 21:41:59,Sun,21,RPAC Aquatic Center - Leisure Pool,0,40,0.0
2026-05-10 21:41:59,Sun,21,RPAC Cardio Canyon,4,68,5.9
2026-05-10 21:41:59,Sun,21,RPAC North Gym,13,230,5.7
2026-05-10 21:41:59,Sun,21,RPAC South Gym,3,230,1.3
2026-05-10 21:41:59,Sun,21,RPAC TWD Gym Courts 1-2,0,241,0.0
2026-05-10 21:41:59,Sun,21,RPAC TWD Gym Courts 3 - 4,0,241,0.0
2026-05-10 21:41:59,Sun,21,RPAC Upper Gym Courts 1 - 2,0,241,0.0
2026-05-10 21:41:59,Sun,21,RPAC Upper Gym Courts 3 - 4 ,0,241,0.0
2026-05-10 21:41:59,Sun,21,RPAC Weight Floor,26,125,20.8
2026-05-10 22:44:12,Sun,22,RPAC 1st Floor Fitness Balcony,12,55,21.8
2026-05-10 22:44:12,Sun,22,RPAC 2nd Floor Cardio Loft,5,37,13.5
2026-05-10 22:44:12,Sun,22,RPAC Aquatic Center - Class Pool,10,32,31.2
2026-05-10 22:44:12,Sun,22,RPAC Aquatic Center - Comp Pool,0,25,0.0
2026-05-10 22:44:12,Sun,22,RPAC Aquatic Center - Hot Tub,10,15,66.7
2026-05-10 22:44:12,Sun,22,RPAC Aquatic Center - Lap Pool,6,24,25.0
2026-05-10 22:44:12,Sun,22,RPAC Aquatic Center - Leisure Pool,0,40,0.0
2026-05-10 22:44:12,Sun,22,RPAC Cardio Canyon,4,68,5.9
2026-05-10 22:44:12,Sun,22,RPAC North Gym,13,230,5.7
2026-05-10 22:44:12,Sun,22,RPAC South Gym,3,230,1.3
2026-05-10 22:44:12,Sun,22,RPAC TWD Gym Courts 1-2,0,241,0.0
2026-05-10 22:44:12,Sun,22,RPAC TWD Gym Courts 3 - 4,0,241,0.0
2026-05-10 22:44:12,Sun,22,RPAC Upper Gym Courts 1 - 2,0,241,0.0
2026-05-10 22:44:12,Sun,22,RPAC Upper Gym Courts 3 - 4 ,0,241,0.0
2026-05-10 22:44:12,Sun,22,RPAC Weight Floor,26,125,20.8
2026-05-11 00:15:18,Mon,0,RPAC 1st Floor Fitness Balcony,12,55,21.8
2026-05-11 00:15:18,Mon,0,RPAC 2nd Floor Cardio Loft,5,37,13.5
2026-05-11 00:15:18,Mon,0,RPAC Aquatic Center - Class Pool,10,32,31.2
2026-05-11 00:15:18,Mon,0,RPAC Aquatic Center - Comp Pool,0,25,0.0
2026-05-11 00:15:18,Mon,0,RPAC Aquatic Center - Hot Tub,10,15,66.7
2026-05-11 00:15:18,Mon,0,RPAC Aquatic Center - Lap Pool,6,24,25.0
2026-05-11 00:15:18,Mon,0,RPAC Aquatic Center - Leisure Pool,0,40,0.0
2026-05-11 00:15:18,Mon,0,RPAC Cardio Canyon,4,68,5.9
2026-05-11 00:15:18,Mon,0,RPAC North Gym,13,230,5.7
2026-05-11 00:15:18,Mon,0,RPAC South Gym,3,230,1.3
2026-05-11 00:15:18,Mon,0,RPAC TWD Gym Courts 1-2,0,241,0.0
2026-05-11 00:15:18,Mon,0,RPAC TWD Gym Courts 3 - 4,0,241,0.0
2026-05-11 00:15:18,Mon,0,RPAC Upper Gym Courts 1 - 2,0,241,0.0
2026-05-11 00:15:18,Mon,0,RPAC Upper Gym Courts 3 - 4 ,0,241,0.0
2026-05-11 00:15:18,Mon,0,RPAC Weight Floor,26,125,20.8
2026-05-11 01:50:14,Mon,1,RPAC 1st Floor Fitness Balcony,12,55,21.8
2026-05-11 01:50:14,Mon,1,RPAC 2nd Floor Cardio Loft,5,37,13.5
2026-05-11 01:50:14,Mon,1,RPAC Aquatic Center - Class Pool,10,32,31.2
2026-05-11 01:50:14,Mon,1,RPAC Aquatic Center - Comp Pool,0,25,0.0
2026-05-11 01:50:14,Mon,1,RPAC Aquatic Center - Hot Tub,10,15,66.7
2026-05-11 01:50:14,Mon,1,RPAC Aquatic Center - Lap Pool,6,24,25.0
2026-05-11 01:50:14,Mon,1,RPAC Aquatic Center - Leisure Pool,0,40,0.0
2026-05-11 01:50:14,Mon,1,RPAC Cardio Canyon,4,68,5.9
2026-05-11 01:50:14,Mon,1,RPAC North Gym,13,230,5.7
2026-05-11 01:50:14,Mon,1,RPAC South Gym,3,230,1.3
2026-05-11 01:50:14,Mon,1,RPAC TWD Gym Courts 1-2,0,241,0.0
2026-05-11 01:50:14,Mon,1,RPAC TWD Gym Courts 3 - 4,0,241,0.0
2026-05-11 01:50:14,Mon,1,RPAC Upper Gym Courts 1 - 2,0,241,0.0
2026-05-11 01:50:14,Mon,1,RPAC Upper Gym Courts 3 - 4 ,0,241,0.0
2026-05-11 01:50:14,Mon,1,RPAC Weight Floor,26,125,20.8
2026-05-11 03:22:42,Mon,3,RPAC 1st Floor Fitness Balcony,12,55,21.8
2026-05-11 03:22:42,Mon,3,RPAC 2nd Floor Cardio Loft,5,37,13.5
2026-05-11 03:22:42,Mon,3,RPAC Aquatic Center - Class Pool,10,32,31.2
2026-05-11 03:22:42,Mon,3,RPAC Aquatic Center - Comp Pool,0,25,0.0
2026-05-11 03:22:42,Mon,3,RPAC Aquatic Center - Hot Tub,10,15,66.7
2026-05-11 03:22:42,Mon,3,RPAC Aquatic Center - Lap Pool,6,24,25.0
2026-05-11 03:22:42,Mon,3,RPAC Aquatic Center - Leisure Pool,0,40,0.0
2026-05-11 03:22:42,Mon,3,RPAC Cardio Canyon,4,68,5.9
2026-05-11 03:22:42,Mon,3,RPAC North Gym,13,230,5.7
2026-05-11 03:22:42,Mon,3,RPAC South Gym,3,230,1.3
2026-05-11 03:22:42,Mon,3,RPAC TWD Gym Courts 1-2,0,241,0.0
2026-05-11 03:22:42,Mon,3,RPAC TWD Gym Courts 3 - 4,0,241,0.0
2026-05-11 03:22:42,Mon,3,RPAC Upper Gym Courts 1 - 2,0,241,0.0
2026-05-11 03:22:42,Mon,3,RPAC Upper Gym Courts 3 - 4 ,0,241,0.0
2026-05-11 03:22:42,Mon,3,RPAC Weight Floor,26,125,20.8
2026-05-11 04:38:21,Mon,4,RPAC 1st Floor Fitness Balcony,12,55,21.8
2026-05-11 04:38:21,Mon,4,RPAC 2nd Floor Cardio Loft,5,37,13.5
2026-05-11 04:38:21,Mon,4,RPAC Aquatic Center - Class Pool,10,32,31.2
2026-05-11 04:38:21,Mon,4,RPAC Aquatic Center - Comp Pool,0,25,0.0
2026-05-11 04:38:21,Mon,4,RPAC Aquatic Center - Hot Tub,10,15,66.7
2026-05-11 04:38:21,Mon,4,RPAC Aquatic Center - Lap Pool,6,24,25.0
2026-05-11 04:38:21,Mon,4,RPAC Aquatic Center - Leisure Pool,0,40,0.0
2026-05-11 04:38:21,Mon,4,RPAC Cardio Canyon,4,68,5.9
2026-05-11 04:38:21,Mon,4,RPAC North Gym,13,230,5.7
2026-05-11 04:38:21,Mon,4,RPAC South Gym,3,230,1.3
2026-05-11 04:38:21,Mon,4,RPAC TWD Gym Courts 1-2,0,241,0.0
2026-05-11 04:38:21,Mon,4,RPAC TWD Gym Courts 3 - 4,0,241,0.0
2026-05-11 04:38:21,Mon,4,RPAC Upper Gym Courts 1 - 2,0,241,0.0
2026-05-11 04:38:21,Mon,4,RPAC Upper Gym Courts 3 - 4 ,0,241,0.0
2026-05-11 04:38:21,Mon,4,RPAC Weight Floor,26,125,20.8
2026-05-11 06:01:15,Mon,6,RPAC 1st Floor Fitness Balcony,12,55,21.8
2026-05-11 06:01:15,Mon,6,RPAC 2nd Floor Cardio Loft,5,37,13.5
2026-05-11 06:01:15,Mon,6,RPAC Aquatic Center - Class Pool,10,32,31.2
2026-05-11 06:01:15,Mon,6,RPAC Aquatic Center - Comp Pool,0,25,0.0
2026-05-11 06:01:15,Mon,6,RPAC Aquatic Center - Hot Tub,10,15,66.7
2026-05-11 06:01:15,Mon,6,RPAC Aquatic Center - Lap Pool,6,24,25.0
2026-05-11 06:01:15,Mon,6,RPAC Aquatic Center - Leisure Pool,0,40,0.0
2026-05-11 06:01:15,Mon,6,RPAC Cardio Canyon,4,68,5.9
2026-05-11 06:01:15,Mon,6,RPAC North Gym,13,230,5.7
2026-05-11 06:01:15,Mon,6,RPAC South Gym,3,230,1.3
2026-05-11 06:01:15,Mon,6,RPAC TWD Gym Courts 1-2,0,241,0.0
2026-05-11 06:01:15,Mon,6,RPAC TWD Gym Courts 3 - 4,0,241,0.0
2026-05-11 06:01:15,Mon,6,RPAC Upper Gym Courts 1 - 2,0,241,0.0
2026-05-11 06:01:15,Mon,6,RPAC Upper Gym Courts 3 - 4 ,0,241,0.0
2026-05-11 06:01:15,Mon,6,RPAC Weight Floor,26,125,20.8
2026-05-11 07:25:30,Mon,7,RPAC 1st Floor Fitness Balcony,12,55,21.8
2026-05-11 07:25:30,Mon,7,RPAC 2nd Floor Cardio Loft,5,37,13.5
2026-05-11 07:25:30,Mon,7,RPAC Aquatic Center - Class Pool,0,32,0.0
2026-05-11 07:25:30,Mon,7,RPAC Aquatic Center - Comp Pool,0,25,0.0
2026-05-11 07:25:30,Mon,7,RPAC Aquatic Center - Hot Tub,0,15,0.0
2026-05-11 07:25:30,Mon,7,RPAC Aquatic Center - Lap Pool,6,24,25.0
2026-05-11 07:25:30,Mon,7,RPAC Aquatic Center - Leisure Pool,0,40,0.0
2026-05-11 07:25:30,Mon,7,RPAC Cardio Canyon,4,68,5.9
2026-05-11 07:25:30,Mon,7,RPAC North Gym,13,230,5.7
2026-05-11 07:25:30,Mon,7,RPAC South Gym,3,230,1.3
2026-05-11 07:25:30,Mon,7,RPAC TWD Gym Courts 1-2,0,241,0.0
2026-05-11 07:25:30,Mon,7,RPAC TWD Gym Courts 3 - 4,0,241,0.0
2026-05-11 07:25:30,Mon,7,RPAC Upper Gym Courts 1 - 2,0,241,0.0
2026-05-11 07:25:30,Mon,7,RPAC Upper Gym Courts 3 - 4 ,0,241,0.0
2026-05-11 07:25:30,Mon,7,RPAC Weight Floor,26,125,20.8
2026-05-11 08:30:46,Mon,8,RPAC 1st Floor Fitness Balcony,12,55,21.8
2026-05-11 08:30:46,Mon,8,RPAC 2nd Floor Cardio Loft,5,37,13.5
2026-05-11 08:30:46,Mon,8,RPAC Aquatic Center - Class Pool,0,32,0.0
2026-05-11 08:30:46,Mon,8,RPAC Aquatic Center - Comp Pool,0,25,0.0
2026-05-11 08:30:46,Mon,8,RPAC Aquatic Center - Hot Tub,0,15,0.0
2026-05-11 08:30:46,Mon,8,RPAC Aquatic Center - Lap Pool,6,24,25.0
2026-05-11 08:30:46,Mon,8,RPAC Aquatic Center - Leisure Pool,0,40,0.0
2026-05-11 08:30:46,Mon,8,RPAC Cardio Canyon,4,68,5.9
2026-05-11 08:30:46,Mon,8,RPAC North Gym,13,230,5.7
2026-05-11 08:30:46,Mon,8,RPAC South Gym,3,230,1.3
2026-05-11 08:30:46,Mon,8,RPAC TWD Gym Courts 1-2,0,241,0.0
2026-05-11 08:30:46,Mon,8,RPAC TWD Gym Courts 3 - 4,0,241,0.0
2026-05-11 08:30:46,Mon,8,RPAC Upper Gym Courts 1 - 2,0,241,0.0
2026-05-11 08:30:46,Mon,8,RPAC Upper Gym Courts 3 - 4 ,0,241,0.0
2026-05-11 08:30:46,Mon,8,RPAC Weight Floor,26,125,20.8
2026-05-11 09:42:17,Mon,9,RPAC 1st Floor Fitness Balcony,12,55,21.8
2026-05-11 09:42:17,Mon,9,RPAC 2nd Floor Cardio Loft,5,37,13.5
2026-05-11 09:42:17,Mon,9,RPAC Aquatic Center - Class Pool,0,32,0.0
2026-05-11 09:42:17,Mon,9,RPAC Aquatic Center - Comp Pool,0,25,0.0
2026-05-11 09:42:17,Mon,9,RPAC Aquatic Center - Hot Tub,0,15,0.0
2026-05-11 09:42:17,Mon,9,RPAC Aquatic Center - Lap Pool,6,24,25.0
2026-05-11 09:42:17,Mon,9,RPAC Aquatic Center - Leisure Pool,0,40,0.0
2026-05-11 09:42:17,Mon,9,RPAC Cardio Canyon,4,68,5.9
2026-05-11 09:42:17,Mon,9,RPAC North Gym,13,230,5.7
2026-05-11 09:42:17,Mon,9,RPAC South Gym,3,230,1.3
2026-05-11 09:42:17,Mon,9,RPAC TWD Gym Courts 1-2,0,241,0.0
2026-05-11 09:42:17,Mon,9,RPAC TWD Gym Courts 3 - 4,0,241,0.0
2026-05-11 09:42:17,Mon,9,RPAC Upper Gym Courts 1 - 2,0,241,0.0
2026-05-11 09:42:17,Mon,9,RPAC Upper Gym Courts 3 - 4 ,0,241,0.0
2026-05-11 09:42:17,Mon,9,RPAC Weight Floor,26,125,20.8
2026-05-11 10:44:54,Mon,10,RPAC 1st Floor Fitness Balcony,12,55,21.8
2026-05-11 10:44:54,Mon,10,RPAC 2nd Floor Cardio Loft,5,37,13.5
2026-05-11 10:44:54,Mon,10,RPAC Aquatic Center - Class Pool,0,32,0.0
2026-05-11 10:44:54,Mon,10,RPAC Aquatic Center - Comp Pool,0,25,0.0
2026-05-11 10:44:54,Mon,10,RPAC Aquatic Center - Hot Tub,0,15,0.0
2026-05-11 10:44:54,Mon,10,RPAC Aquatic Center - Lap Pool,6,24,25.0
2026-05-11 10:44:54,Mon,10,RPAC Aquatic Center - Leisure Pool,0,40,0.0
2026-05-11 10:44:54,Mon,10,RPAC Cardio Canyon,4,68,5.9
2026-05-11 10:44:54,Mon,10,RPAC North Gym,13,230,5.7
2026-05-11 10:44:54,Mon,10,RPAC South Gym,3,230,1.3
2026-05-11 10:44:54,Mon,10,RPAC TWD Gym Courts 1-2,0,241,0.0
2026-05-11 10:44:54,Mon,10,RPAC TWD Gym Courts 3 - 4,0,241,0.0
2026-05-11 10:44:54,Mon,10,RPAC Upper Gym Courts 1 - 2,0,241,0.0
2026-05-11 10:44:54,Mon,10,RPAC Upper Gym Courts 3 - 4 ,0,241,0.0
2026-05-11 10:44:54,Mon,10,RPAC Weight Floor,26,125,20.8
2026-05-11 11:50:38,Mon,11,RPAC 1st Floor Fitness Balcony,12,55,21.8
2026-05-11 11:50:38,Mon,11,RPAC 2nd Floor Cardio Loft,5,37,13.5
2026-05-11 11:50:38,Mon,11,RPAC Aquatic Center - Class Pool,0,32,0.0
2026-05-11 11:50:38,Mon,11,RPAC Aquatic Center - Comp Pool,0,25,0.0
2026-05-11 11:50:38,Mon,11,RPAC Aquatic Center - Hot Tub,0,15,0.0
2026-05-11 11:50:38,Mon,11,RPAC Aquatic Center - Lap Pool,6,24,25.0
2026-05-11 11:50:38,Mon,11,RPAC Aquatic Center - Leisure Pool,0,40,0.0
2026-05-11 11:50:38,Mon,11,RPAC Cardio Canyon,4,68,5.9
2026-05-11 11:50:38,Mon,11,RPAC North Gym,13,230,5.7
2026-05-11 11:50:38,Mon,11,RPAC South Gym,3,230,1.3
2026-05-11 11:50:38,Mon,11,RPAC TWD Gym Courts 1-2,0,241,0.0
2026-05-11 11:50:38,Mon,11,RPAC TWD Gym Courts 3 - 4,0,241,0.0
2026-05-11 11:50:38,Mon,11,RPAC Upper Gym Courts 1 - 2,0,241,0.0
2026-05-11 11:50:38,Mon,11,RPAC Upper Gym Courts 3 - 4 ,0,241,0.0
2026-05-11 11:50:38,Mon,11,RPAC Weight Floor,26,125,20.8
2026-05-11 12:58:48,Mon,12,RPAC 1st Floor Fitness Balcony,12,55,21.8
2026-05-11 12:58:48,Mon,12,RPAC 2nd Floor Cardio Loft,5,37,13.5
2026-05-11 12:58:48,Mon,12,RPAC Aquatic Center - Class Pool,0,32,0.0
2026-05-11 12:58:48,Mon,12,RPAC Aquatic Center - Comp Pool,0,25,0.0
2026-05-11 12:58:48,Mon,12,RPAC Aquatic Center - Hot Tub,0,15,0.0
2026-05-11 12:58:48,Mon,12,RPAC Aquatic Center - Lap Pool,6,24,25.0
2026-05-11 12:58:48,Mon,12,RPAC Aquatic Center - Leisure Pool,0,40,0.0
2026-05-11 12:58:48,Mon,12,RPAC Cardio Canyon,4,68,5.9
2026-05-11 12:58:48,Mon,12,RPAC North Gym,13,230,5.7
2026-05-11 12:58:48,Mon,12,RPAC South Gym,3,230,1.3
2026-05-11 12:58:48,Mon,12,RPAC TWD Gym Courts 1-2,0,241,0.0
2026-05-11 12:58:48,Mon,12,RPAC TWD Gym Courts 3 - 4,0,241,0.0
2026-05-11 12:58:48,Mon,12,RPAC Upper Gym Courts 1 - 2,0,241,0.0
2026-05-11 12:58:48,Mon,12,RPAC Upper Gym Courts 3 - 4 ,0,241,0.0
2026-05-11 12:58:48,Mon,12,RPAC Weight Floor,26,125,20.8
2026-05-11 13:45:27,Mon,13,RPAC 1st Floor Fitness Balcony,12,55,21.8
2026-05-11 13:45:27,Mon,13,RPAC 2nd Floor Cardio Loft,5,37,13.5
2026-05-11 13:45:27,Mon,13,RPAC Aquatic Center - Class Pool,0,32,0.0
2026-05-11 13:45:27,Mon,13,RPAC Aquatic Center - Comp Pool,0,25,0.0
2026-05-11 13:45:27,Mon,13,RPAC Aquatic Center - Hot Tub,0,15,0.0
2026-05-11 13:45:27,Mon,13,RPAC Aquatic Center - Lap Pool,6,24,25.0
2026-05-11 13:45:27,Mon,13,RPAC Aquatic Center - Leisure Pool,0,40,0.0
2026-05-11 13:45:27,Mon,13,RPAC Cardio Canyon,4,68,5.9
2026-05-11 13:45:27,Mon,13,RPAC North Gym,13,230,5.7
2026-05-11 13:45:27,Mon,13,RPAC South Gym,3,230,1.3
2026-05-11 13:45:27,Mon,13,RPAC TWD Gym Courts 1-2,0,241,0.0
2026-05-11 13:45:27,Mon,13,RPAC TWD Gym Courts 3 - 4,0,241,0.0
2026-05-11 13:45:27,Mon,13,RPAC Upper Gym Courts 1 - 2,0,241,0.0
2026-05-11 13:45:27,Mon,13,RPAC Upper Gym Courts 3 - 4 ,0,241,0.0
2026-05-11 13:45:27,Mon,13,RPAC Weight Floor,26,125,20.8
2026-05-11 14:44:26,Mon,14,RPAC 1st Floor Fitness Balcony,12,55,21.8
2026-05-11 14:44:26,Mon,14,RPAC 2nd Floor Cardio Loft,5,37,13.5
2026-05-11 14:44:26,Mon,14,RPAC Aquatic Center - Class Pool,0,32,0.0
2026-05-11 14:44:26,Mon,14,RPAC Aquatic Center - Comp Pool,0,25,0.0
2026-05-11 14:44:26,Mon,14,RPAC Aquatic Center - Hot Tub,0,15,0.0
2026-05-11 14:44:26,Mon,14,RPAC Aquatic Center - Lap Pool,6,24,25.0
2026-05-11 14:44:26,Mon,14,RPAC Aquatic Center - Leisure Pool,0,40,0.0
2026-05-11 14:44:26,Mon,14,RPAC Cardio Canyon,4,68,5.9
2026-05-11 14:44:26,Mon,14,RPAC North Gym,13,230,5.7
2026-05-11 14:44:26,Mon,14,RPAC South Gym,3,230,1.3
2026-05-11 14:44:26,Mon,14,RPAC TWD Gym Courts 1-2,0,241,0.0
2026-05-11 14:44:26,Mon,14,RPAC TWD Gym Courts 3 - 4,0,241,0.0
2026-05-11 14:44:26,Mon,14,RPAC Upper Gym Courts 1 - 2,0,241,0.0
2026-05-11 14:44:26,Mon,14,RPAC Upper Gym Courts 3 - 4 ,0,241,0.0
2026-05-11 14:44:26,Mon,14,RPAC Weight Floor,26,125,20.8
2026-05-11 15:21:17,Mon,15,RPAC 1st Floor Fitness Balcony,12,55,21.8
2026-05-11 15:21:17,Mon,15,RPAC 2nd Floor Cardio Loft,5,37,13.5
2026-05-11 15:21:17,Mon,15,RPAC Aquatic Center - Class Pool,0,32,0.0
2026-05-11 15:21:17,Mon,15,RPAC Aquatic Center - Comp Pool,0,25,0.0
2026-05-11 15:21:17,Mon,15,RPAC Aquatic Center - Hot Tub,0,15,0.0
2026-05-11 15:21:17,Mon,15,RPAC Aquatic Center - Lap Pool,6,24,25.0
2026-05-11 15:21:17,Mon,15,RPAC Aquatic Center - Leisure Pool,0,40,0.0
2026-05-11 15:21:17,Mon,15,RPAC Cardio Canyon,4,68,5.9
2026-05-11 15:21:17,Mon,15,RPAC North Gym,13,230,5.7
2026-05-11 15:21:17,Mon,15,RPAC South Gym,3,230,1.3
2026-05-11 15:21:17,Mon,15,RPAC TWD Gym Courts 1-2,0,241,0.0
2026-05-11 15:21:17,Mon,15,RPAC TWD Gym Courts 3 - 4,0,241,0.0
2026-05-11 15:21:17,Mon,15,RPAC Upper Gym Courts 1 - 2,0,241,0.0
2026-05-11 15:21:17,Mon,15,RPAC Upper Gym Courts 3 - 4 ,0,241,0.0
2026-05-11 15:21:17,Mon,15,RPAC Weight Floor,26,125,20.8
2026-05-11 16:07:28,Mon,16,RPAC 1st Floor Fitness Balcony,12,55,21.8
2026-05-11 16:07:28,Mon,16,RPAC 2nd Floor Cardio Loft,5,37,13.5
2026-05-11 16:07:28,Mon,16,RPAC Aquatic Center - Class Pool,0,32,0.0
2026-05-11 16:07:28,Mon,16,RPAC Aquatic Center - Comp Pool,0,25,0.0
2026-05-11 16:07:28,Mon,16,RPAC Aquatic Center - Hot Tub,0,15,0.0
2026-05-11 16:07:28,Mon,16,RPAC Aquatic Center - Lap Pool,6,24,25.0
2026-05-11 16:07:28,Mon,16,RPAC Aquatic Center - Leisure Pool,0,40,0.0
2026-05-11 16:07:28,Mon,16,RPAC Cardio Canyon,4,68,5.9
2026-05-11 16:07:28,Mon,16,RPAC North Gym,13,230,5.7
2026-05-11 16:07:28,Mon,16,RPAC South Gym,3,230,1.3
2026-05-11 16:07:28,Mon,16,RPAC TWD Gym Courts 1-2,0,241,0.0
2026-05-11 16:07:28,Mon,16,RPAC TWD Gym Courts 3 - 4,0,241,0.0
2026-05-11 16:07:28,Mon,16,RPAC Upper Gym Courts 1 - 2,0,241,0.0
2026-05-11 16:07:28,Mon,16,RPAC Upper Gym Courts 3 - 4 ,0,241,0.0
2026-05-11 16:07:28,Mon,16,RPAC Weight Floor,26,125,20.8
2026-05-11 16:52:01,Mon,16,RPAC 1st Floor Fitness Balcony,12,55,21.8
2026-05-11 16:52:01,Mon,16,RPAC 2nd Floor Cardio Loft,5,37,13.5
2026-05-11 16:52:01,Mon,16,RPAC Aquatic Center - Class Pool,0,32,0.0
2026-05-11 16:52:01,Mon,16,RPAC Aquatic Center - Comp Pool,0,25,0.0
2026-05-11 16:52:01,Mon,16,RPAC Aquatic Center - Hot Tub,0,15,0.0
2026-05-11 16:52:01,Mon,16,RPAC Aquatic Center - Lap Pool,6,24,25.0
2026-05-11 16:52:01,Mon,16,RPAC Aquatic Center - Leisure Pool,0,40,0.0
2026-05-11 16:52:01,Mon,16,RPAC Cardio Canyon,4,68,5.9
2026-05-11 16:52:01,Mon,16,RPAC North Gym,13,230,5.7
2026-05-11 16:52:01,Mon,16,RPAC South Gym,3,230,1.3
2026-05-11 16:52:01,Mon,16,RPAC TWD Gym Courts 1-2,0,241,0.0
2026-05-11 16:52:01,Mon,16,RPAC TWD Gym Courts 3 - 4,0,241,0.0
2026-05-11 16:52:01,Mon,16,RPAC Upper Gym Courts 1 - 2,0,241,0.0
2026-05-11 16:52:01,Mon,16,RPAC Upper Gym Courts 3 - 4 ,0,241,0.0
2026-05-11 16:52:01,Mon,16,RPAC Weight Floor,26,125,20.8
2026-05-11 17:33:38,Mon,17,RPAC 1st Floor Fitness Balcony,12,55,21.8
2026-05-11 17:33:38,Mon,17,RPAC 2nd Floor Cardio Loft,5,37,13.5
2026-05-11 17:33:38,Mon,17,RPAC Aquatic Center - Class Pool,0,32,0.0
2026-05-11 17:33:38,Mon,17,RPAC Aquatic Center - Comp Pool,0,25,0.0
2026-05-11 17:33:38,Mon,17,RPAC Aquatic Center - Hot Tub,0,15,0.0
2026-05-11 17:33:38,Mon,17,RPAC Aquatic Center - Lap Pool,6,24,25.0
2026-05-11 17:33:38,Mon,17,RPAC Aquatic Center - Leisure Pool,0,40,0.0
2026-05-11 17:33:38,Mon,17,RPAC Cardio Canyon,4,68,5.9
2026-05-11 17:33:38,Mon,17,RPAC North Gym,13,230,5.7
2026-05-11 17:33:38,Mon,17,RPAC South Gym,3,230,1.3
2026-05-11 17:33:38,Mon,17,RPAC TWD Gym Courts 1-2,0,241,0.0
2026-05-11 17:33:38,Mon,17,RPAC TWD Gym Courts 3 - 4,0,241,0.0
2026-05-11 17:33:38,Mon,17,RPAC Upper Gym Courts 1 - 2,0,241,0.0
2026-05-11 17:33:38,Mon,17,RPAC Upper Gym Courts 3 - 4 ,0,241,0.0
2026-05-11 17:33:38,Mon,17,RPAC Weight Floor,26,125,20.8
2026-05-11 18:09:56,Mon,18,RPAC 1st Floor Fitness Balcony,12,55,21.8
2026-05-11 18:09:56,Mon,18,RPAC 2nd Floor Cardio Loft,5,37,13.5
2026-05-11 18:09:56,Mon,18,RPAC Aquatic Center - Class Pool,0,32,0.0
2026-05-11 18:09:56,Mon,18,RPAC Aquatic Center - Comp Pool,0,25,0.0
2026-05-11 18:09:56,Mon,18,RPAC Aquatic Center - Hot Tub,0,15,0.0
2026-05-11 18:09:56,Mon,18,RPAC Aquatic Center - Lap Pool,6,24,25.0
2026-05-11 18:09:56,Mon,18,RPAC Aquatic Center - Leisure Pool,0,40,0.0
2026-05-11 18:09:56,Mon,18,RPAC Cardio Canyon,4,68,5.9
2026-05-11 18:09:56,Mon,18,RPAC North Gym,13,230,5.7
2026-05-11 18:09:56,Mon,18,RPAC South Gym,3,230,1.3
2026-05-11 18:09:56,Mon,18,RPAC TWD Gym Courts 1-2,0,241,0.0
2026-05-11 18:09:56,Mon,18,RPAC TWD Gym Courts 3 - 4,0,241,0.0
2026-05-11 18:09:56,Mon,18,RPAC Upper Gym Courts 1 - 2,0,241,0.0
2026-05-11 18:09:56,Mon,18,RPAC Upper Gym Courts 3 - 4 ,0,241,0.0
2026-05-11 18:09:56,Mon,18,RPAC Weight Floor,26,125,20.8
2026-05-11 18:36:05,Mon,18,RPAC 1st Floor Fitness Balcony,12,55,21.8
2026-05-11 18:36:05,Mon,18,RPAC 2nd Floor Cardio Loft,5,37,13.5
2026-05-11 18:36:05,Mon,18,RPAC Aquatic Center - Class Pool,0,32,0.0
2026-05-11 18:36:05,Mon,18,RPAC Aquatic Center - Comp Pool,0,25,0.0
2026-05-11 18:36:05,Mon,18,RPAC Aquatic Center - Hot Tub,0,15,0.0
2026-05-11 18:36:05,Mon,18,RPAC Aquatic Center - Lap Pool,6,24,25.0
2026-05-11 18:36:05,Mon,18,RPAC Aquatic Center - Leisure Pool,0,40,0.0
2026-05-11 18:36:05,Mon,18,RPAC Cardio Canyon,4,68,5.9
2026-05-11 18:36:05,Mon,18,RPAC North Gym,13,230,5.7
2026-05-11 18:36:05,Mon,18,RPAC South Gym,3,230,1.3
2026-05-11 18:36:05,Mon,18,RPAC TWD Gym Courts 1-2,0,241,0.0
2026-05-11 18:36:05,Mon,18,RPAC TWD Gym Courts 3 - 4,0,241,0.0
2026-05-11 18:36:05,Mon,18,RPAC Upper Gym Courts 1 - 2,0,241,0.0
2026-05-11 18:36:05,Mon,18,RPAC Upper Gym Courts 3 - 4 ,0,241,0.0
2026-05-11 18:36:05,Mon,18,RPAC Weight Floor,26,125,20.8
2026-05-11 19:07:08,Mon,19,RPAC 1st Floor Fitness Balcony,12,55,21.8
2026-05-11 19:07:08,Mon,19,RPAC 2nd Floor Cardio Loft,5,37,13.5
2026-05-11 19:07:08,Mon,19,RPAC Aquatic Center - Class Pool,0,32,0.0
2026-05-11 19:07:08,Mon,19,RPAC Aquatic Center - Comp Pool,0,25,0.0
2026-05-11 19:07:08,Mon,19,RPAC Aquatic Center - Hot Tub,0,15,0.0
2026-05-11 19:07:08,Mon,19,RPAC Aquatic Center - Lap Pool,6,24,25.0
2026-05-11 19:07:08,Mon,19,RPAC Aquatic Center - Leisure Pool,0,40,0.0
2026-05-11 19:07:08,Mon,19,RPAC Cardio Canyon,4,68,5.9
2026-05-11 19:07:08,Mon,19,RPAC North Gym,13,230,5.7
2026-05-11 19:07:08,Mon,19,RPAC South Gym,3,230,1.3
2026-05-11 19:07:08,Mon,19,RPAC TWD Gym Courts 1-2,0,241,0.0
2026-05-11 19:07:08,Mon,19,RPAC TWD Gym Courts 3 - 4,0,241,0.0
2026-05-11 19:07:08,Mon,19,RPAC Upper Gym Courts 1 - 2,0,241,0.0
2026-05-11 19:07:08,Mon,19,RPAC Upper Gym Courts 3 - 4 ,0,241,0.0
2026-05-11 19:07:08,Mon,19,RPAC Weight Floor,26,125,20.8
2026-05-11 19:36:12,Mon,19,RPAC 1st Floor Fitness Balcony,12,55,21.8
2026-05-11 19:36:12,Mon,19,RPAC 2nd Floor Cardio Loft,5,37,13.5
2026-05-11 19:36:12,Mon,19,RPAC Aquatic Center - Class Pool,0,32,0.0
2026-05-11 19:36:12,Mon,19,RPAC Aquatic Center - Comp Pool,0,25,0.0
2026-05-11 19:36:12,Mon,19,RPAC Aquatic Center - Hot Tub,0,15,0.0
2026-05-11 19:36:12,Mon,19,RPAC Aquatic Center - Lap Pool,6,24,25.0
2026-05-11 19:36:12,Mon,19,RPAC Aquatic Center - Leisure Pool,0,40,0.0
2026-05-11 19:36:12,Mon,19,RPAC Cardio Canyon,4,68,5.9
2026-05-11 19:36:12,Mon,19,RPAC North Gym,13,230,5.7
2026-05-11 19:36:12,Mon,19,RPAC South Gym,3,230,1.3
2026-05-11 19:36:12,Mon,19,RPAC TWD Gym Courts 1-2,0,241,0.0
2026-05-11 19:36:12,Mon,19,RPAC TWD Gym Courts 3 - 4,0,241,0.0
2026-05-11 19:36:12,Mon,19,RPAC Upper Gym Courts 1 - 2,0,241,0.0
2026-05-11 19:36:12,Mon,19,RPAC Upper Gym Courts 3 - 4 ,0,241,0.0
2026-05-11 19:36:12,Mon,19,RPAC Weight Floor,26,125,20.8
2026-05-11 20:07:19,Mon,20,RPAC 1st Floor Fitness Balcony,12,55,21.8
2026-05-11 20:07:19,Mon,20,RPAC 2nd Floor Cardio Loft,5,37,13.5
2026-05-11 20:07:19,Mon,20,RPAC Aquatic Center - Class Pool,0,32,0.0
2026-05-11 20:07:19,Mon,20,RPAC Aquatic Center - Comp Pool,0,25,0.0
2026-05-11 20:07:19,Mon,20,RPAC Aquatic Center - Hot Tub,0,15,0.0
2026-05-11 20:07:19,Mon,20,RPAC Aquatic Center - Lap Pool,6,24,25.0
2026-05-11 20:07:19,Mon,20,RPAC Aquatic Center - Leisure Pool,0,40,0.0
2026-05-11 20:07:19,Mon,20,RPAC Cardio Canyon,4,68,5.9
2026-05-11 20:07:19,Mon,20,RPAC North Gym,13,230,5.7
2026-05-11 20:07:19,Mon,20,RPAC South Gym,3,230,1.3
2026-05-11 20:07:19,Mon,20,RPAC TWD Gym Courts 1-2,0,241,0.0
2026-05-11 20:07:19,Mon,20,RPAC TWD Gym Courts 3 - 4,0,241,0.0
2026-05-11 20:07:19,Mon,20,RPAC Upper Gym Courts 1 - 2,0,241,0.0
2026-05-11 20:07:19,Mon,20,RPAC Upper Gym Courts 3 - 4 ,0,241,0.0
2026-05-11 20:07:19,Mon,20,RPAC Weight Floor,26,125,20.8
2026-05-11 21:09:00,Mon,21,RPAC 1st Floor Fitness Balcony,12,55,21.8
2026-05-11 21:09:00,Mon,21,RPAC 2nd Floor Cardio Loft,5,37,13.5
2026-05-11 21:09:00,Mon,21,RPAC Aquatic Center - Class Pool,0,32,0.0
2026-05-11 21:09:00,Mon,21,RPAC Aquatic Center - Comp Pool,0,25,0.0
2026-05-11 21:09:00,Mon,21,RPAC Aquatic Center - Hot Tub,0,15,0.0
2026-05-11 21:09:00,Mon,21,RPAC Aquatic Center - Lap Pool,6,24,25.0
2026-05-11 21:09:00,Mon,21,RPAC Aquatic Center - Leisure Pool,0,40,0.0
2026-05-11 21:09:00,Mon,21,RPAC Cardio Canyon,4,68,5.9
2026-05-11 21:09:00,Mon,21,RPAC North Gym,13,230,5.7
2026-05-11 21:09:00,Mon,21,RPAC South Gym,3,230,1.3
2026-05-11 21:09:00,Mon,21,RPAC TWD Gym Courts 1-2,0,241,0.0
2026-05-11 21:09:00,Mon,21,RPAC TWD Gym Courts 3 - 4,0,241,0.0
2026-05-11 21:09:00,Mon,21,RPAC Upper Gym Courts 1 - 2,0,241,0.0
2026-05-11 21:09:00,Mon,21,RPAC Upper Gym Courts 3 - 4 ,0,241,0.0
2026-05-11 21:09:00,Mon,21,RPAC Weight Floor,26,125,20.8
2026-05-11 21:57:33,Mon,21,RPAC 1st Floor Fitness Balcony,12,55,21.8
2026-05-11 21:57:33,Mon,21,RPAC 2nd Floor Cardio Loft,5,37,13.5
2026-05-11 21:57:33,Mon,21,RPAC Aquatic Center - Class Pool,0,32,0.0
2026-05-11 21:57:33,Mon,21,RPAC Aquatic Center - Comp Pool,0,25,0.0
2026-05-11 21:57:33,Mon,21,RPAC Aquatic Center - Hot Tub,0,15,0.0
2026-05-11 21:57:33,Mon,21,RPAC Aquatic Center - Lap Pool,6,24,25.0
2026-05-11 21:57:33,Mon,21,RPAC Aquatic Center - Leisure Pool,0,40,0.0
2026-05-11 21:57:33,Mon,21,RPAC Cardio Canyon,4,68,5.9
2026-05-11 21:57:33,Mon,21,RPAC North Gym,13,230,5.7
2026-05-11 21:57:33,Mon,21,RPAC South Gym,3,230,1.3
2026-05-11 21:57:33,Mon,21,RPAC TWD Gym Courts 1-2,0,241,0.0
2026-05-11 21:57:33,Mon,21,RPAC TWD Gym Courts 3 - 4,0,241,0.0
2026-05-11 21:57:33,Mon,21,RPAC Upper Gym Courts 1 - 2,0,241,0.0
2026-05-11 21:57:33,Mon,21,RPAC Upper Gym Courts 3 - 4 ,0,241,0.0
2026-05-11 21:57:33,Mon,21,RPAC Weight Floor,26,125,20.8
2026-05-11 23:19:55,Mon,23,RPAC 1st Floor Fitness Balcony,12,55,21.8
2026-05-11 23:19:55,Mon,23,RPAC 2nd Floor Cardio Loft,5,37,13.5
2026-05-11 23:19:55,Mon,23,RPAC Aquatic Center - Class Pool,0,32,0.0
2026-05-11 23:19:55,Mon,23,RPAC Aquatic Center - Comp Pool,0,25,0.0
2026-05-11 23:19:55,Mon,23,RPAC Aquatic Center - Hot Tub,0,15,0.0
2026-05-11 23:19:55,Mon,23,RPAC Aquatic Center - Lap Pool,6,24,25.0
2026-05-11 23:19:55,Mon,23,RPAC Aquatic Center - Leisure Pool,0,40,0.0
2026-05-11 23:19:55,Mon,23,RPAC Cardio Canyon,4,68,5.9
2026-05-11 23:19:55,Mon,23,RPAC North Gym,13,230,5.7
2026-05-11 23:19:55,Mon,23,RPAC South Gym,3,230,1.3
2026-05-11 23:19:55,Mon,23,RPAC TWD Gym Courts 1-2,0,241,0.0
2026-05-11 23:19:55,Mon,23,RPAC TWD Gym Courts 3 - 4,0,241,0.0
2026-05-11 23:19:55,Mon,23,RPAC Upper Gym Courts 1 - 2,0,241,0.0
2026-05-11 23:19:55,Mon,23,RPAC Upper Gym Courts 3 - 4 ,0,241,0.0
2026-05-11 23:19:55,Mon,23,RPAC Weight Floor,26,125,20.8
2026-05-12 00:45:08,Tue,0,RPAC 1st Floor Fitness Balcony,12,55,21.8
2026-05-12 00:45:08,Tue,0,RPAC 2nd Floor Cardio Loft,5,37,13.5
2026-05-12 00:45:08,Tue,0,RPAC Aquatic Center - Class Pool,0,32,0.0
2026-05-12 00:45:08,Tue,0,RPAC Aquatic Center - Comp Pool,0,25,0.0
2026-05-12 00:45:08,Tue,0,RPAC Aquatic Center - Hot Tub,0,15,0.0
2026-05-12 00:45:08,Tue,0,RPAC Aquatic Center - Lap Pool,6,24,25.0
2026-05-12 00:45:08,Tue,0,RPAC Aquatic Center - Leisure Pool,0,40,0.0
2026-05-12 00:45:08,Tue,0,RPAC Cardio Canyon,4,68,5.9
2026-05-12 00:45:08,Tue,0,RPAC North Gym,13,230,5.7
2026-05-12 00:45:08,Tue,0,RPAC South Gym,3,230,1.3
2026-05-12 00:45:08,Tue,0,RPAC TWD Gym Courts 1-2,0,241,0.0
2026-05-12 00:45:08,Tue,0,RPAC TWD Gym Courts 3 - 4,0,241,0.0
2026-05-12 00:45:08,Tue,0,RPAC Upper Gym Courts 1 - 2,0,241,0.0
2026-05-12 00:45:08,Tue,0,RPAC Upper Gym Courts 3 - 4 ,0,241,0.0
2026-05-12 00:45:08,Tue,0,RPAC Weight Floor,26,125,20.8
2026-05-12 01:54:29,Tue,1,RPAC 1st Floor Fitness Balcony,12,55,21.8
2026-05-12 01:54:29,Tue,1,RPAC 2nd Floor Cardio Loft,5,37,13.5
2026-05-12 01:54:29,Tue,1,RPAC Aquatic Center - Class Pool,0,32,0.0
2026-05-12 01:54:29,Tue,1,RPAC Aquatic Center - Comp Pool,0,25,0.0
2026-05-12 01:54:29,Tue,1,RPAC Aquatic Center - Hot Tub,0,15,0.0
2026-05-12 01:54:29,Tue,1,RPAC Aquatic Center - Lap Pool,6,24,25.0
2026-05-12 01:54:29,Tue,1,RPAC Aquatic Center - Leisure Pool,0,40,0.0
2026-05-12 01:54:29,Tue,1,RPAC Cardio Canyon,4,68,5.9
2026-05-12 01:54:29,Tue,1,RPAC North Gym,13,230,5.7
2026-05-12 01:54:29,Tue,1,RPAC South Gym,3,230,1.3
2026-05-12 01:54:29,Tue,1,RPAC TWD Gym Courts 1-2,0,241,0.0
2026-05-12 01:54:29,Tue,1,RPAC TWD Gym Courts 3 - 4,0,241,0.0
2026-05-12 01:54:29,Tue,1,RPAC Upper Gym Courts 1 - 2,0,241,0.0
2026-05-12 01:54:29,Tue,1,RPAC Upper Gym Courts 3 - 4 ,0,241,0.0
2026-05-12 01:54:29,Tue,1,RPAC Weight Floor,26,125,20.8
2026-05-12 03:07:14,Tue,3,RPAC 1st Floor Fitness Balcony,12,55,21.8
2026-05-12 03:07:14,Tue,3,RPAC 2nd Floor Cardio Loft,5,37,13.5
2026-05-12 03:07:14,Tue,3,RPAC Aquatic Center - Class Pool,0,32,0.0
2026-05-12 03:07:14,Tue,3,RPAC Aquatic Center - Comp Pool,0,25,0.0
2026-05-12 03:07:14,Tue,3,RPAC Aquatic Center - Hot Tub,0,15,0.0
2026-05-12 03:07:14,Tue,3,RPAC Aquatic Center - Lap Pool,6,24,25.0
2026-05-12 03:07:14,Tue,3,RPAC Aquatic Center - Leisure Pool,0,40,0.0
2026-05-12 03:07:14,Tue,3,RPAC Cardio Canyon,4,68,5.9
2026-05-12 03:07:14,Tue,3,RPAC North Gym,13,230,5.7
2026-05-12 03:07:14,Tue,3,RPAC South Gym,3,230,1.3
2026-05-12 03:07:14,Tue,3,RPAC TWD Gym Courts 1-2,0,241,0.0
2026-05-12 03:07:14,Tue,3,RPAC TWD Gym Courts 3 - 4,0,241,0.0
2026-05-12 03:07:14,Tue,3,RPAC Upper Gym Courts 1 - 2,0,241,0.0
2026-05-12 03:07:14,Tue,3,RPAC Upper Gym Courts 3 - 4 ,0,241,0.0
2026-05-12 03:07:14,Tue,3,RPAC Weight Floor,26,125,20.8
2026-05-12 04:09:47,Tue,4,RPAC 1st Floor Fitness Balcony,12,55,21.8
2026-05-12 04:09:47,Tue,4,RPAC 2nd Floor Cardio Loft,5,37,13.5
2026-05-12 04:09:47,Tue,4,RPAC Aquatic Center - Class Pool,0,32,0.0
2026-05-12 04:09:47,Tue,4,RPAC Aquatic Center - Comp Pool,0,25,0.0
2026-05-12 04:09:47,Tue,4,RPAC Aquatic Center - Hot Tub,0,15,0.0
2026-05-12 04:09:47,Tue,4,RPAC Aquatic Center - Lap Pool,6,24,25.0
2026-05-12 04:09:47,Tue,4,RPAC Aquatic Center - Leisure Pool,0,40,0.0
2026-05-12 04:09:47,Tue,4,RPAC Cardio Canyon,4,68,5.9
2026-05-12 04:09:47,Tue,4,RPAC North Gym,13,230,5.7
2026-05-12 04:09:47,Tue,4,RPAC South Gym,3,230,1.3
2026-05-12 04:09:47,Tue,4,RPAC TWD Gym Courts 1-2,0,241,0.0
2026-05-12 04:09:47,Tue,4,RPAC TWD Gym Courts 3 - 4,0,241,0.0
2026-05-12 04:09:47,Tue,4,RPAC Upper Gym Courts 1 - 2,0,241,0.0
2026-05-12 04:09:47,Tue,4,RPAC Upper Gym Courts 3 - 4 ,0,241,0.0
2026-05-12 04:09:47,Tue,4,RPAC Weight Floor,26,125,20.8
2026-05-12 05:15:07,Tue,5,RPAC 1st Floor Fitness Balcony,12,55,21.8
2026-05-12 05:15:07,Tue,5,RPAC 2nd Floor Cardio Loft,5,37,13.5
2026-05-12 05:15:07,Tue,5,RPAC Aquatic Center - Class Pool,0,32,0.0
2026-05-12 05:15:07,Tue,5,RPAC Aquatic Center - Comp Pool,0,25,0.0
2026-05-12 05:15:07,Tue,5,RPAC Aquatic Center - Hot Tub,0,15,0.0
2026-05-12 05:15:07,Tue,5,RPAC Aquatic Center - Lap Pool,6,24,25.0
2026-05-12 05:15:07,Tue,5,RPAC Aquatic Center - Leisure Pool,0,40,0.0
2026-05-12 05:15:07,Tue,5,RPAC Cardio Canyon,4,68,5.9
2026-05-12 05:15:07,Tue,5,RPAC North Gym,13,230,5.7
2026-05-12 05:15:07,Tue,5,RPAC South Gym,3,230,1.3
2026-05-12 05:15:07,Tue,5,RPAC TWD Gym Courts 1-2,0,241,0.0
2026-05-12 05:15:07,Tue,5,RPAC TWD Gym Courts 3 - 4,0,241,0.0
2026-05-12 05:15:07,Tue,5,RPAC Upper Gym Courts 1 - 2,0,241,0.0
2026-05-12 05:15:07,Tue,5,RPAC Upper Gym Courts 3 - 4 ,0,241,0.0
2026-05-12 05:15:07,Tue,5,RPAC Weight Floor,26,125,20.8
2026-05-12 06:12:43,Tue,6,RPAC 1st Floor Fitness Balcony,12,55,21.8
2026-05-12 06:12:43,Tue,6,RPAC 2nd Floor Cardio Loft,5,37,13.5
2026-05-12 06:12:43,Tue,6,RPAC Aquatic Center - Class Pool,0,32,0.0
2026-05-12 06:12:43,Tue,6,RPAC Aquatic Center - Comp Pool,0,25,0.0
2026-05-12 06:12:43,Tue,6,RPAC Aquatic Center - Hot Tub,0,15,0.0
2026-05-12 06:12:43,Tue,6,RPAC Aquatic Center - Lap Pool,6,24,25.0
2026-05-12 06:12:43,Tue,6,RPAC Aquatic Center - Leisure Pool,0,40,0.0
2026-05-12 06:12:43,Tue,6,RPAC Cardio Canyon,4,68,5.9
2026-05-12 06:12:43,Tue,6,RPAC North Gym,13,230,5.7
2026-05-12 06:12:43,Tue,6,RPAC South Gym,3,230,1.3
2026-05-12 06:12:43,Tue,6,RPAC TWD Gym Courts 1-2,0,241,0.0
2026-05-12 06:12:43,Tue,6,RPAC TWD Gym Courts 3 - 4,0,241,0.0
2026-05-12 06:12:43,Tue,6,RPAC Upper Gym Courts 1 - 2,0,241,0.0
2026-05-12 06:12:43,Tue,6,RPAC Upper Gym Courts 3 - 4 ,0,241,0.0
2026-05-12 06:12:43,Tue,6,RPAC Weight Floor,26,125,20.8
2026-05-12 07:05:39,Tue,7,RPAC 1st Floor Fitness Balcony,12,55,21.8
2026-05-12 07:05:39,Tue,7,RPAC 2nd Floor Cardio Loft,5,37,13.5
2026-05-12 07:05:39,Tue,7,RPAC Aquatic Center - Class Pool,0,32,0.0
2026-05-12 07:05:39,Tue,7,RPAC Aquatic Center - Comp Pool,0,25,0.0
2026-05-12 07:05:39,Tue,7,RPAC Aquatic Center - Hot Tub,0,15,0.0
2026-05-12 07:05:39,Tue,7,RPAC Aquatic Center - Lap Pool,6,24,25.0
2026-05-12 07:05:39,Tue,7,RPAC Aquatic Center - Leisure Pool,0,40,0.0
2026-05-12 07:05:39,Tue,7,RPAC Cardio Canyon,4,68,5.9
2026-05-12 07:05:39,Tue,7,RPAC North Gym,13,230,5.7
2026-05-12 07:05:39,Tue,7,RPAC South Gym,3,230,1.3
2026-05-12 07:05:39,Tue,7,RPAC TWD Gym Courts 1-2,0,241,0.0
2026-05-12 07:05:39,Tue,7,RPAC TWD Gym Courts 3 - 4,0,241,0.0
2026-05-12 07:05:39,Tue,7,RPAC Upper Gym Courts 1 - 2,0,241,0.0
2026-05-12 07:05:39,Tue,7,RPAC Upper Gym Courts 3 - 4 ,0,241,0.0
2026-05-12 07:05:39,Tue,7,RPAC Weight Floor,26,125,20.8
2026-05-12 07:55:55,Tue,7,RPAC 1st Floor Fitness Balcony,12,55,21.8
2026-05-12 07:55:55,Tue,7,RPAC 2nd Floor Cardio Loft,5,37,13.5
2026-05-12 07:55:55,Tue,7,RPAC Aquatic Center - Class Pool,0,32,0.0
2026-05-12 07:55:55,Tue,7,RPAC Aquatic Center - Comp Pool,0,25,0.0
2026-05-12 07:55:55,Tue,7,RPAC Aquatic Center - Hot Tub,0,15,0.0
2026-05-12 07:55:55,Tue,7,RPAC Aquatic Center - Lap Pool,6,24,25.0
2026-05-12 07:55:55,Tue,7,RPAC Aquatic Center - Leisure Pool,0,40,0.0
2026-05-12 07:55:55,Tue,7,RPAC Cardio Canyon,4,68,5.9
2026-05-12 07:55:55,Tue,7,RPAC North Gym,13,230,5.7
2026-05-12 07:55:55,Tue,7,RPAC South Gym,3,230,1.3
2026-05-12 07:55:55,Tue,7,RPAC TWD Gym Courts 1-2,0,241,0.0
2026-05-12 07:55:55,Tue,7,RPAC TWD Gym Courts 3 - 4,0,241,0.0
2026-05-12 07:55:55,Tue,7,RPAC Upper Gym Courts 1 - 2,0,241,0.0
2026-05-12 07:55:55,Tue,7,RPAC Upper Gym Courts 3 - 4 ,0,241,0.0
2026-05-12 07:55:55,Tue,7,RPAC Weight Floor,26,125,20.8
2026-05-12 08:52:55,Tue,8,RPAC 1st Floor Fitness Balcony,12,55,21.8
2026-05-12 08:52:55,Tue,8,RPAC 2nd Floor Cardio Loft,5,37,13.5
2026-05-12 08:52:55,Tue,8,RPAC Aquatic Center - Class Pool,0,32,0.0
2026-05-12 08:52:55,Tue,8,RPAC Aquatic Center - Comp Pool,0,25,0.0
2026-05-12 08:52:55,Tue,8,RPAC Aquatic Center - Hot Tub,0,15,0.0
2026-05-12 08:52:55,Tue,8,RPAC Aquatic Center - Lap Pool,6,24,25.0
2026-05-12 08:52:55,Tue,8,RPAC Aquatic Center - Leisure Pool,0,40,0.0
2026-05-12 08:52:55,Tue,8,RPAC Cardio Canyon,4,68,5.9
2026-05-12 08:52:55,Tue,8,RPAC North Gym,13,230,5.7
2026-05-12 08:52:55,Tue,8,RPAC South Gym,3,230,1.3
2026-05-12 08:52:55,Tue,8,RPAC TWD Gym Courts 1-2,0,241,0.0
2026-05-12 08:52:55,Tue,8,RPAC TWD Gym Courts 3 - 4,0,241,0.0
2026-05-12 08:52:55,Tue,8,RPAC Upper Gym Courts 1 - 2,0,241,0.0
2026-05-12 08:52:55,Tue,8,RPAC Upper Gym Courts 3 - 4 ,0,241,0.0
2026-05-12 08:52:55,Tue,8,RPAC Weight Floor,26,125,20.8
2026-05-12 09:41:49,Tue,9,RPAC 1st Floor Fitness Balcony,12,55,21.8
2026-05-12 09:41:49,Tue,9,RPAC 2nd Floor Cardio Loft,5,37,13.5
2026-05-12 09:41:49,Tue,9,RPAC Aquatic Center - Class Pool,0,32,0.0
2026-05-12 09:41:49,Tue,9,RPAC Aquatic Center - Comp Pool,0,25,0.0
2026-05-12 09:41:49,Tue,9,RPAC Aquatic Center - Hot Tub,0,15,0.0
2026-05-12 09:41:49,Tue,9,RPAC Aquatic Center - Lap Pool,6,24,25.0
2026-05-12 09:41:49,Tue,9,RPAC Aquatic Center - Leisure Pool,0,40,0.0
2026-05-12 09:41:49,Tue,9,RPAC Cardio Canyon,4,68,5.9
2026-05-12 09:41:49,Tue,9,RPAC North Gym,13,230,5.7
2026-05-12 09:41:49,Tue,9,RPAC South Gym,3,230,1.3
2026-05-12 09:41:49,Tue,9,RPAC TWD Gym Courts 1-2,0,241,0.0
2026-05-12 09:41:49,Tue,9,RPAC TWD Gym Courts 3 - 4,0,241,0.0
2026-05-12 09:41:49,Tue,9,RPAC Upper Gym Courts 1 - 2,0,241,0.0
2026-05-12 09:41:49,Tue,9,RPAC Upper Gym Courts 3 - 4 ,0,241,0.0
2026-05-12 09:41:49,Tue,9,RPAC Weight Floor,26,125,20.8
2026-05-12 10:42:15,Tue,10,RPAC 1st Floor Fitness Balcony,12,55,21.8
2026-05-12 10:42:15,Tue,10,RPAC 2nd Floor Cardio Loft,5,37,13.5
2026-05-12 10:42:15,Tue,10,RPAC Aquatic Center - Class Pool,0,32,0.0
2026-05-12 10:42:15,Tue,10,RPAC Aquatic Center - Comp Pool,0,25,0.0
2026-05-12 10:42:15,Tue,10,RPAC Aquatic Center - Hot Tub,0,15,0.0
2026-05-12 10:42:15,Tue,10,RPAC Aquatic Center - Lap Pool,6,24,25.0
2026-05-12 10:42:15,Tue,10,RPAC Aquatic Center - Leisure Pool,0,40,0.0
2026-05-12 10:42:15,Tue,10,RPAC Cardio Canyon,4,68,5.9
2026-05-12 10:42:15,Tue,10,RPAC North Gym,13,230,5.7
2026-05-12 10:42:15,Tue,10,RPAC South Gym,3,230,1.3
2026-05-12 10:42:15,Tue,10,RPAC TWD Gym Courts 1-2,0,241,0.0
2026-05-12 10:42:15,Tue,10,RPAC TWD Gym Courts 3 - 4,0,241,0.0
2026-05-12 10:42:15,Tue,10,RPAC Upper Gym Courts 1 - 2,0,241,0.0
2026-05-12 10:42:15,Tue,10,RPAC Upper Gym Courts 3 - 4 ,0,241,0.0
2026-05-12 10:42:15,Tue,10,RPAC Weight Floor,26,125,20.8
2026-05-12 11:43:10,Tue,11,RPAC 1st Floor Fitness Balcony,12,55,21.8
2026-05-12 11:43:10,Tue,11,RPAC 2nd Floor Cardio Loft,5,37,13.5
2026-05-12 11:43:10,Tue,11,RPAC Aquatic Center - Class Pool,0,32,0.0
2026-05-12 11:43:10,Tue,11,RPAC Aquatic Center - Comp Pool,0,25,0.0
2026-05-12 11:43:10,Tue,11,RPAC Aquatic Center - Hot Tub,0,15,0.0
2026-05-12 11:43:10,Tue,11,RPAC Aquatic Center - Lap Pool,6,24,25.0
2026-05-12 11:43:10,Tue,11,RPAC Aquatic Center - Leisure Pool,0,40,0.0
2026-05-12 11:43:10,Tue,11,RPAC Cardio Canyon,4,68,5.9
2026-05-12 11:43:10,Tue,11,RPAC North Gym,13,230,5.7
2026-05-12 11:43:10,Tue,11,RPAC South Gym,3,230,1.3
2026-05-12 11:43:10,Tue,11,RPAC TWD Gym Courts 1-2,0,241,0.0
2026-05-12 11:43:10,Tue,11,RPAC TWD Gym Courts 3 - 4,0,241,0.0
2026-05-12 11:43:10,Tue,11,RPAC Upper Gym Courts 1 - 2,0,241,0.0
2026-05-12 11:43:10,Tue,11,RPAC Upper Gym Courts 3 - 4 ,0,241,0.0
2026-05-12 11:43:10,Tue,11,RPAC Weight Floor,26,125,20.8
2026-05-12 12:34:10,Tue,12,RPAC 1st Floor Fitness Balcony,12,55,21.8
2026-05-12 12:34:10,Tue,12,RPAC 2nd Floor Cardio Loft,5,37,13.5
2026-05-12 12:34:10,Tue,12,RPAC Aquatic Center - Class Pool,0,32,0.0
2026-05-12 12:34:10,Tue,12,RPAC Aquatic Center - Comp Pool,0,25,0.0
2026-05-12 12:34:10,Tue,12,RPAC Aquatic Center - Hot Tub,0,15,0.0
2026-05-12 12:34:10,Tue,12,RPAC Aquatic Center - Lap Pool,6,24,25.0
2026-05-12 12:34:10,Tue,12,RPAC Aquatic Center - Leisure Pool,0,40,0.0
2026-05-12 12:34:10,Tue,12,RPAC Cardio Canyon,4,68,5.9
2026-05-12 12:34:10,Tue,12,RPAC North Gym,13,230,5.7
2026-05-12 12:34:10,Tue,12,RPAC South Gym,3,230,1.3
2026-05-12 12:34:10,Tue,12,RPAC TWD Gym Courts 1-2,0,241,0.0
2026-05-12 12:34:10,Tue,12,RPAC TWD Gym Courts 3 - 4,0,241,0.0
2026-05-12 12:34:10,Tue,12,RPAC Upper Gym Courts 1 - 2,0,241,0.0
2026-05-12 12:34:10,Tue,12,RPAC Upper Gym Courts 3 - 4 ,0,241,0.0
2026-05-12 12:34:10,Tue,12,RPAC Weight Floor,26,125,20.8
2026-05-12 13:28:23,Tue,13,RPAC 1st Floor Fitness Balcony,12,55,21.8
2026-05-12 13:28:23,Tue,13,RPAC 2nd Floor Cardio Loft,5,37,13.5
2026-05-12 13:28:23,Tue,13,RPAC Aquatic Center - Class Pool,0,32,0.0
2026-05-12 13:28:23,Tue,13,RPAC Aquatic Center - Comp Pool,0,25,0.0
2026-05-12 13:28:23,Tue,13,RPAC Aquatic Center - Hot Tub,0,15,0.0
2026-05-12 13:28:23,Tue,13,RPAC Aquatic Center - Lap Pool,6,24,25.0
2026-05-12 13:28:23,Tue,13,RPAC Aquatic Center - Leisure Pool,0,40,0.0
2026-05-12 13:28:23,Tue,13,RPAC Cardio Canyon,4,68,5.9
2026-05-12 13:28:23,Tue,13,RPAC North Gym,13,230,5.7
2026-05-12 13:28:23,Tue,13,RPAC South Gym,3,230,1.3
2026-05-12 13:28:23,Tue,13,RPAC TWD Gym Courts 1-2,0,241,0.0
2026-05-12 13:28:23,Tue,13,RPAC TWD Gym Courts 3 - 4,0,241,0.0
2026-05-12 13:28:23,Tue,13,RPAC Upper Gym Courts 1 - 2,0,241,0.0
2026-05-12 13:28:23,Tue,13,RPAC Upper Gym Courts 3 - 4 ,0,241,0.0
2026-05-12 13:28:23,Tue,13,RPAC Weight Floor,26,125,20.8
2026-05-12 14:16:47,Tue,14,RPAC 1st Floor Fitness Balcony,12,55,21.8
2026-05-12 14:16:47,Tue,14,RPAC 2nd Floor Cardio Loft,5,37,13.5
2026-05-12 14:16:47,Tue,14,RPAC Aquatic Center - Class Pool,0,32,0.0
2026-05-12 14:16:47,Tue,14,RPAC Aquatic Center - Comp Pool,0,25,0.0
2026-05-12 14:16:47,Tue,14,RPAC Aquatic Center - Hot Tub,0,15,0.0
2026-05-12 14:16:47,Tue,14,RPAC Aquatic Center - Lap Pool,6,24,25.0
2026-05-12 14:16:47,Tue,14,RPAC Aquatic Center - Leisure Pool,0,40,0.0
2026-05-12 14:16:47,Tue,14,RPAC Cardio Canyon,4,68,5.9
2026-05-12 14:16:47,Tue,14,RPAC North Gym,13,230,5.7
2026-05-12 14:16:47,Tue,14,RPAC South Gym,3,230,1.3
2026-05-12 14:16:47,Tue,14,RPAC TWD Gym Courts 1-2,0,241,0.0
2026-05-12 14:16:47,Tue,14,RPAC TWD Gym Courts 3 - 4,0,241,0.0
2026-05-12 14:16:47,Tue,14,RPAC Upper Gym Courts 1 - 2,0,241,0.0
2026-05-12 14:16:47,Tue,14,RPAC Upper Gym Courts 3 - 4 ,0,241,0.0
2026-05-12 14:16:47,Tue,14,RPAC Weight Floor,26,125,20.8
2026-05-12 15:11:10,Tue,15,RPAC 1st Floor Fitness Balcony,12,55,21.8
2026-05-12 15:11:10,Tue,15,RPAC 2nd Floor Cardio Loft,5,37,13.5
2026-05-12 15:11:10,Tue,15,RPAC Aquatic Center - Class Pool,0,32,0.0
2026-05-12 15:11:10,Tue,15,RPAC Aquatic Center - Comp Pool,0,25,0.0
2026-05-12 15:11:10,Tue,15,RPAC Aquatic Center - Hot Tub,0,15,0.0
2026-05-12 15:11:10,Tue,15,RPAC Aquatic Center - Lap Pool,6,24,25.0
2026-05-12 15:11:10,Tue,15,RPAC Aquatic Center - Leisure Pool,0,40,0.0
2026-05-12 15:11:10,Tue,15,RPAC Cardio Canyon,4,68,5.9
2026-05-12 15:11:10,Tue,15,RPAC North Gym,13,230,5.7
2026-05-12 15:11:10,Tue,15,RPAC South Gym,3,230,1.3
2026-05-12 15:11:10,Tue,15,RPAC TWD Gym Courts 1-2,0,241,0.0
2026-05-12 15:11:10,Tue,15,RPAC TWD Gym Courts 3 - 4,0,241,0.0
2026-05-12 15:11:10,Tue,15,RPAC Upper Gym Courts 1 - 2,0,241,0.0
2026-05-12 15:11:10,Tue,15,RPAC Upper Gym Courts 3 - 4 ,0,241,0.0
2026-05-12 15:11:10,Tue,15,RPAC Weight Floor,26,125,20.8
2026-05-12 15:56:43,Tue,15,RPAC 1st Floor Fitness Balcony,12,55,21.8
2026-05-12 15:56:43,Tue,15,RPAC 2nd Floor Cardio Loft,5,37,13.5
2026-05-12 15:56:43,Tue,15,RPAC Aquatic Center - Class Pool,0,32,0.0
2026-05-12 15:56:43,Tue,15,RPAC Aquatic Center - Comp Pool,0,25,0.0
2026-05-12 15:56:43,Tue,15,RPAC Aquatic Center - Hot Tub,0,15,0.0
2026-05-12 15:56:43,Tue,15,RPAC Aquatic Center - Lap Pool,6,24,25.0
2026-05-12 15:56:43,Tue,15,RPAC Aquatic Center - Leisure Pool,0,40,0.0
2026-05-12 15:56:43,Tue,15,RPAC Cardio Canyon,4,68,5.9
2026-05-12 15:56:43,Tue,15,RPAC North Gym,13,230,5.7
2026-05-12 15:56:43,Tue,15,RPAC South Gym,3,230,1.3
2026-05-12 15:56:43,Tue,15,RPAC TWD Gym Courts 1-2,0,241,0.0
2026-05-12 15:56:43,Tue,15,RPAC TWD Gym Courts 3 - 4,0,241,0.0
2026-05-12 15:56:43,Tue,15,RPAC Upper Gym Courts 1 - 2,0,241,0.0
2026-05-12 15:56:43,Tue,15,RPAC Upper Gym Courts 3 - 4 ,0,241,0.0
2026-05-12 15:56:43,Tue,15,RPAC Weight Floor,26,125,20.8
2026-05-12 16:40:46,Tue,16,RPAC 1st Floor Fitness Balcony,12,55,21.8
2026-05-12 16:40:46,Tue,16,RPAC 2nd Floor Cardio Loft,5,37,13.5
2026-05-12 16:40:46,Tue,16,RPAC Aquatic Center - Class Pool,0,32,0.0
2026-05-12 16:40:46,Tue,16,RPAC Aquatic Center - Comp Pool,0,25,0.0
2026-05-12 16:40:46,Tue,16,RPAC Aquatic Center - Hot Tub,0,15,0.0
2026-05-12 16:40:46,Tue,16,RPAC Aquatic Center - Lap Pool,6,24,25.0
2026-05-12 16:40:46,Tue,16,RPAC Aquatic Center - Leisure Pool,0,40,0.0
2026-05-12 16:40:46,Tue,16,RPAC Cardio Canyon,4,68,5.9
2026-05-12 16:40:46,Tue,16,RPAC North Gym,13,230,5.7
2026-05-12 16:40:46,Tue,16,RPAC South Gym,3,230,1.3
2026-05-12 16:40:46,Tue,16,RPAC TWD Gym Courts 1-2,0,241,0.0
2026-05-12 16:40:46,Tue,16,RPAC TWD Gym Courts 3 - 4,0,241,0.0
2026-05-12 16:40:46,Tue,16,RPAC Upper Gym Courts 1 - 2,0,241,0.0
2026-05-12 16:40:46,Tue,16,RPAC Upper Gym Courts 3 - 4 ,0,241,0.0
2026-05-12 16:40:46,Tue,16,RPAC Weight Floor,26,125,20.8
2026-05-12 17:13:05,Tue,17,RPAC 1st Floor Fitness Balcony,12,55,21.8
2026-05-12 17:13:05,Tue,17,RPAC 2nd Floor Cardio Loft,5,37,13.5
2026-05-12 17:13:05,Tue,17,RPAC Aquatic Center - Class Pool,0,32,0.0
2026-05-12 17:13:05,Tue,17,RPAC Aquatic Center - Comp Pool,0,25,0.0
2026-05-12 17:13:05,Tue,17,RPAC Aquatic Center - Hot Tub,0,15,0.0
2026-05-12 17:13:05,Tue,17,RPAC Aquatic Center - Lap Pool,6,24,25.0
2026-05-12 17:13:05,Tue,17,RPAC Aquatic Center - Leisure Pool,0,40,0.0
2026-05-12 17:13:05,Tue,17,RPAC Cardio Canyon,4,68,5.9
2026-05-12 17:13:05,Tue,17,RPAC North Gym,13,230,5.7
2026-05-12 17:13:05,Tue,17,RPAC South Gym,3,230,1.3
2026-05-12 17:13:05,Tue,17,RPAC TWD Gym Courts 1-2,0,241,0.0
2026-05-12 17:13:05,Tue,17,RPAC TWD Gym Courts 3 - 4,0,241,0.0
2026-05-12 17:13:05,Tue,17,RPAC Upper Gym Courts 1 - 2,0,241,0.0
2026-05-12 17:13:05,Tue,17,RPAC Upper Gym Courts 3 - 4 ,0,241,0.0
2026-05-12 17:13:05,Tue,17,RPAC Weight Floor,26,125,20.8
2026-05-12 17:46:36,Tue,17,RPAC 1st Floor Fitness Balcony,12,55,21.8
2026-05-12 17:46:36,Tue,17,RPAC 2nd Floor Cardio Loft,5,37,13.5
2026-05-12 17:46:36,Tue,17,RPAC Aquatic Center - Class Pool,0,32,0.0
2026-05-12 17:46:36,Tue,17,RPAC Aquatic Center - Comp Pool,0,25,0.0
2026-05-12 17:46:36,Tue,17,RPAC Aquatic Center - Hot Tub,0,15,0.0
2026-05-12 17:46:36,Tue,17,RPAC Aquatic Center - Lap Pool,6,24,25.0
2026-05-12 17:46:36,Tue,17,RPAC Aquatic Center - Leisure Pool,0,40,0.0
2026-05-12 17:46:36,Tue,17,RPAC Cardio Canyon,4,68,5.9
2026-05-12 17:46:36,Tue,17,RPAC North Gym,13,230,5.7
2026-05-12 17:46:36,Tue,17,RPAC South Gym,3,230,1.3
2026-05-12 17:46:36,Tue,17,RPAC TWD Gym Courts 1-2,0,241,0.0
2026-05-12 17:46:36,Tue,17,RPAC TWD Gym Courts 3 - 4,0,241,0.0
2026-05-12 17:46:36,Tue,17,RPAC Upper Gym Courts 1 - 2,0,241,0.0
2026-05-12 17:46:36,Tue,17,RPAC Upper Gym Courts 3 - 4 ,0,241,0.0
2026-05-12 17:46:36,Tue,17,RPAC Weight Floor,26,125,20.8
2026-05-12 18:31:06,Tue,18,RPAC 1st Floor Fitness Balcony,12,55,21.8
2026-05-12 18:31:06,Tue,18,RPAC 2nd Floor Cardio Loft,5,37,13.5
2026-05-12 18:31:06,Tue,18,RPAC Aquatic Center - Class Pool,0,32,0.0
2026-05-12 18:31:06,Tue,18,RPAC Aquatic Center - Comp Pool,0,25,0.0
2026-05-12 18:31:06,Tue,18,RPAC Aquatic Center - Hot Tub,0,15,0.0
2026-05-12 18:31:06,Tue,18,RPAC Aquatic Center - Lap Pool,6,24,25.0
2026-05-12 18:31:06,Tue,18,RPAC Aquatic Center - Leisure Pool,0,40,0.0
2026-05-12 18:31:06,Tue,18,RPAC Cardio Canyon,4,68,5.9
2026-05-12 18:31:06,Tue,18,RPAC North Gym,13,230,5.7
2026-05-12 18:31:06,Tue,18,RPAC South Gym,3,230,1.3
2026-05-12 18:31:06,Tue,18,RPAC TWD Gym Courts 1-2,0,241,0.0
2026-05-12 18:31:06,Tue,18,RPAC TWD Gym Courts 3 - 4,0,241,0.0
2026-05-12 18:31:06,Tue,18,RPAC Upper Gym Courts 1 - 2,0,241,0.0
2026-05-12 18:31:06,Tue,18,RPAC Upper Gym Courts 3 - 4 ,0,241,0.0
2026-05-12 18:31:06,Tue,18,RPAC Weight Floor,26,125,20.8
2026-05-12 19:09:11,Tue,19,RPAC 1st Floor Fitness Balcony,12,55,21.8
2026-05-12 19:09:11,Tue,19,RPAC 2nd Floor Cardio Loft,5,37,13.5
2026-05-12 19:09:11,Tue,19,RPAC Aquatic Center - Class Pool,0,32,0.0
2026-05-12 19:09:11,Tue,19,RPAC Aquatic Center - Comp Pool,0,25,0.0
2026-05-12 19:09:11,Tue,19,RPAC Aquatic Center - Hot Tub,0,15,0.0
2026-05-12 19:09:11,Tue,19,RPAC Aquatic Center - Lap Pool,6,24,25.0
2026-05-12 19:09:11,Tue,19,RPAC Aquatic Center - Leisure Pool,0,40,0.0
2026-05-12 19:09:11,Tue,19,RPAC Cardio Canyon,4,68,5.9
2026-05-12 19:09:11,Tue,19,RPAC North Gym,13,230,5.7
2026-05-12 19:09:11,Tue,19,RPAC South Gym,3,230,1.3
2026-05-12 19:09:11,Tue,19,RPAC TWD Gym Courts 1-2,0,241,0.0
2026-05-12 19:09:11,Tue,19,RPAC TWD Gym Courts 3 - 4,0,241,0.0
2026-05-12 19:09:11,Tue,19,RPAC Upper Gym Courts 1 - 2,0,241,0.0
2026-05-12 19:09:11,Tue,19,RPAC Upper Gym Courts 3 - 4 ,0,241,0.0
2026-05-12 19:09:11,Tue,19,RPAC Weight Floor,26,125,20.8
2026-05-12 19:38:36,Tue,19,RPAC 1st Floor Fitness Balcony,12,55,21.8
2026-05-12 19:38:36,Tue,19,RPAC 2nd Floor Cardio Loft,5,37,13.5
2026-05-12 19:38:36,Tue,19,RPAC Aquatic Center - Class Pool,0,32,0.0
2026-05-12 19:38:36,Tue,19,RPAC Aquatic Center - Comp Pool,0,25,0.0
2026-05-12 19:38:36,Tue,19,RPAC Aquatic Center - Hot Tub,0,15,0.0
2026-05-12 19:38:36,Tue,19,RPAC Aquatic Center - Lap Pool,6,24,25.0
2026-05-12 19:38:36,Tue,19,RPAC Aquatic Center - Leisure Pool,0,40,0.0
2026-05-12 19:38:36,Tue,19,RPAC Cardio Canyon,4,68,5.9
2026-05-12 19:38:36,Tue,19,RPAC North Gym,13,230,5.7
2026-05-12 19:38:36,Tue,19,RPAC South Gym,3,230,1.3
2026-05-12 19:38:36,Tue,19,RPAC TWD Gym Courts 1-2,0,241,0.0
2026-05-12 19:38:36,Tue,19,RPAC TWD Gym Courts 3 - 4,0,241,0.0
2026-05-12 19:38:36,Tue,19,RPAC Upper Gym Courts 1 - 2,0,241,0.0
2026-05-12 19:38:36,Tue,19,RPAC Upper Gym Courts 3 - 4 ,0,241,0.0
2026-05-12 19:38:36,Tue,19,RPAC Weight Floor,26,125,20.8
2026-05-12 20:08:59,Tue,20,RPAC 1st Floor Fitness Balcony,12,55,21.8
2026-05-12 20:08:59,Tue,20,RPAC 2nd Floor Cardio Loft,5,37,13.5
2026-05-12 20:08:59,Tue,20,RPAC Aquatic Center - Class Pool,0,32,0.0
2026-05-12 20:08:59,Tue,20,RPAC Aquatic Center - Comp Pool,0,25,0.0
2026-05-12 20:08:59,Tue,20,RPAC Aquatic Center - Hot Tub,0,15,0.0
2026-05-12 20:08:59,Tue,20,RPAC Aquatic Center - Lap Pool,6,24,25.0
2026-05-12 20:08:59,Tue,20,RPAC Aquatic Center - Leisure Pool,0,40,0.0
2026-05-12 20:08:59,Tue,20,RPAC Cardio Canyon,4,68,5.9
2026-05-12 20:08:59,Tue,20,RPAC North Gym,13,230,5.7
2026-05-12 20:08:59,Tue,20,RPAC South Gym,3,230,1.3
2026-05-12 20:08:59,Tue,20,RPAC TWD Gym Courts 1-2,0,241,0.0
2026-05-12 20:08:59,Tue,20,RPAC TWD Gym Courts 3 - 4,0,241,0.0
2026-05-12 20:08:59,Tue,20,RPAC Upper Gym Courts 1 - 2,0,241,0.0
2026-05-12 20:08:59,Tue,20,RPAC Upper Gym Courts 3 - 4 ,0,241,0.0
2026-05-12 20:08:59,Tue,20,RPAC Weight Floor,26,125,20.8
2026-05-12 21:14:20,Tue,21,RPAC 1st Floor Fitness Balcony,12,55,21.8
2026-05-12 21:14:20,Tue,21,RPAC 2nd Floor Cardio Loft,5,37,13.5
2026-05-12 21:14:20,Tue,21,RPAC Aquatic Center - Class Pool,0,32,0.0
2026-05-12 21:14:20,Tue,21,RPAC Aquatic Center - Comp Pool,0,25,0.0
2026-05-12 21:14:20,Tue,21,RPAC Aquatic Center - Hot Tub,0,15,0.0
2026-05-12 21:14:20,Tue,21,RPAC Aquatic Center - Lap Pool,6,24,25.0
2026-05-12 21:14:20,Tue,21,RPAC Aquatic Center - Leisure Pool,0,40,0.0
2026-05-12 21:14:20,Tue,21,RPAC Cardio Canyon,4,68,5.9
2026-05-12 21:14:20,Tue,21,RPAC North Gym,13,230,5.7
2026-05-12 21:14:20,Tue,21,RPAC South Gym,3,230,1.3
2026-05-12 21:14:20,Tue,21,RPAC TWD Gym Courts 1-2,0,241,0.0
2026-05-12 21:14:20,Tue,21,RPAC TWD Gym Courts 3 - 4,0,241,0.0
2026-05-12 21:14:20,Tue,21,RPAC Upper Gym Courts 1 - 2,0,241,0.0
2026-05-12 21:14:20,Tue,21,RPAC Upper Gym Courts 3 - 4 ,0,241,0.0
2026-05-12 21:14:20,Tue,21,RPAC Weight Floor,26,125,20.8
2026-05-12 22:03:46,Tue,22,RPAC 1st Floor Fitness Balcony,12,55,21.8
2026-05-12 22:03:46,Tue,22,RPAC 2nd Floor Cardio Loft,5,37,13.5
2026-05-12 22:03:46,Tue,22,RPAC Aquatic Center - Class Pool,0,32,0.0
2026-05-12 22:03:46,Tue,22,RPAC Aquatic Center - Comp Pool,0,25,0.0
2026-05-12 22:03:46,Tue,22,RPAC Aquatic Center - Hot Tub,0,15,0.0
2026-05-12 22:03:46,Tue,22,RPAC Aquatic Center - Lap Pool,6,24,25.0
2026-05-12 22:03:46,Tue,22,RPAC Aquatic Center - Leisure Pool,0,40,0.0
2026-05-12 22:03:46,Tue,22,RPAC Cardio Canyon,4,68,5.9
2026-05-12 22:03:46,Tue,22,RPAC North Gym,13,230,5.7
2026-05-12 22:03:46,Tue,22,RPAC South Gym,3,230,1.3
2026-05-12 22:03:46,Tue,22,RPAC TWD Gym Courts 1-2,0,241,0.0
2026-05-12 22:03:46,Tue,22,RPAC TWD Gym Courts 3 - 4,0,241,0.0
2026-05-12 22:03:46,Tue,22,RPAC Upper Gym Courts 1 - 2,0,241,0.0
2026-05-12 22:03:46,Tue,22,RPAC Upper Gym Courts 3 - 4 ,0,241,0.0
2026-05-12 22:03:46,Tue,22,RPAC Weight Floor,26,125,20.8
2026-05-12 23:25:43,Tue,23,RPAC 1st Floor Fitness Balcony,12,55,21.8
2026-05-12 23:25:43,Tue,23,RPAC 2nd Floor Cardio Loft,5,37,13.5
2026-05-12 23:25:43,Tue,23,RPAC Aquatic Center - Class Pool,0,32,0.0
2026-05-12 23:25:43,Tue,23,RPAC Aquatic Center - Comp Pool,0,25,0.0
2026-05-12 23:25:43,Tue,23,RPAC Aquatic Center - Hot Tub,0,15,0.0
2026-05-12 23:25:43,Tue,23,RPAC Aquatic Center - Lap Pool,6,24,25.0
2026-05-12 23:25:43,Tue,23,RPAC Aquatic Center - Leisure Pool,0,40,0.0
2026-05-12 23:25:43,Tue,23,RPAC Cardio Canyon,4,68,5.9
2026-05-12 23:25:43,Tue,23,RPAC North Gym,13,230,5.7
2026-05-12 23:25:43,Tue,23,RPAC South Gym,3,230,1.3
2026-05-12 23:25:43,Tue,23,RPAC TWD Gym Courts 1-2,0,241,0.0
2026-05-12 23:25:43,Tue,23,RPAC TWD Gym Courts 3 - 4,0,241,0.0
2026-05-12 23:25:43,Tue,23,RPAC Upper Gym Courts 1 - 2,0,241,0.0
2026-05-12 23:25:43,Tue,23,RPAC Upper Gym Courts 3 - 4 ,0,241,0.0
2026-05-12 23:25:43,Tue,23,RPAC Weight Floor,26,125,20.8
2026-05-13 00:48:31,Wed,0,RPAC 1st Floor Fitness Balcony,12,55,21.8
2026-05-13 00:48:31,Wed,0,RPAC 2nd Floor Cardio Loft,5,37,13.5
2026-05-13 00:48:31,Wed,0,RPAC Aquatic Center - Class Pool,0,32,0.0
2026-05-13 00:48:31,Wed,0,RPAC Aquatic Center - Comp Pool,0,25,0.0
2026-05-13 00:48:31,Wed,0,RPAC Aquatic Center - Hot Tub,0,15,0.0
2026-05-13 00:48:31,Wed,0,RPAC Aquatic Center - Lap Pool,6,24,25.0
2026-05-13 00:48:31,Wed,0,RPAC Aquatic Center - Leisure Pool,0,40,0.0
2026-05-13 00:48:31,Wed,0,RPAC Cardio Canyon,4,68,5.9
2026-05-13 00:48:31,Wed,0,RPAC North Gym,13,230,5.7
2026-05-13 00:48:31,Wed,0,RPAC South Gym,3,230,1.3
2026-05-13 00:48:31,Wed,0,RPAC TWD Gym Courts 1-2,0,241,0.0
2026-05-13 00:48:31,Wed,0,RPAC TWD Gym Courts 3 - 4,0,241,0.0
2026-05-13 00:48:31,Wed,0,RPAC Upper Gym Courts 1 - 2,0,241,0.0
2026-05-13 00:48:31,Wed,0,RPAC Upper Gym Courts 3 - 4 ,0,241,0.0
2026-05-13 00:48:31,Wed,0,RPAC Weight Floor,26,125,20.8
2026-05-13 02:11:17,Wed,2,RPAC 1st Floor Fitness Balcony,12,55,21.8
2026-05-13 02:11:17,Wed,2,RPAC 2nd Floor Cardio Loft,5,37,13.5
2026-05-13 02:11:17,Wed,2,RPAC Aquatic Center - Class Pool,0,32,0.0
2026-05-13 02:11:17,Wed,2,RPAC Aquatic Center - Comp Pool,0,25,0.0
2026-05-13 02:11:17,Wed,2,RPAC Aquatic Center - Hot Tub,0,15,0.0
2026-05-13 02:11:17,Wed,2,RPAC Aquatic Center - Lap Pool,6,24,25.0
2026-05-13 02:11:17,Wed,2,RPAC Aquatic Center - Leisure Pool,0,40,0.0
2026-05-13 02:11:17,Wed,2,RPAC Cardio Canyon,4,68,5.9
2026-05-13 02:11:17,Wed,2,RPAC North Gym,13,230,5.7
2026-05-13 02:11:17,Wed,2,RPAC South Gym,3,230,1.3
2026-05-13 02:11:17,Wed,2,RPAC TWD Gym Courts 1-2,0,241,0.0
2026-05-13 02:11:17,Wed,2,RPAC TWD Gym Courts 3 - 4,0,241,0.0
2026-05-13 02:11:17,Wed,2,RPAC Upper Gym Courts 1 - 2,0,241,0.0
2026-05-13 02:11:17,Wed,2,RPAC Upper Gym Courts 3 - 4 ,0,241,0.0
2026-05-13 02:11:17,Wed,2,RPAC Weight Floor,26,125,20.8
2026-05-13 03:23:13,Wed,3,RPAC 1st Floor Fitness Balcony,12,55,21.8
2026-05-13 03:23:13,Wed,3,RPAC 2nd Floor Cardio Loft,5,37,13.5
2026-05-13 03:23:13,Wed,3,RPAC Aquatic Center - Class Pool,0,32,0.0
2026-05-13 03:23:13,Wed,3,RPAC Aquatic Center - Comp Pool,0,25,0.0
2026-05-13 03:23:13,Wed,3,RPAC Aquatic Center - Hot Tub,0,15,0.0
2026-05-13 03:23:13,Wed,3,RPAC Aquatic Center - Lap Pool,6,24,25.0
2026-05-13 03:23:13,Wed,3,RPAC Aquatic Center - Leisure Pool,0,40,0.0
2026-05-13 03:23:13,Wed,3,RPAC Cardio Canyon,4,68,5.9
2026-05-13 03:23:13,Wed,3,RPAC North Gym,13,230,5.7
2026-05-13 03:23:13,Wed,3,RPAC South Gym,3,230,1.3
2026-05-13 03:23:13,Wed,3,RPAC TWD Gym Courts 1-2,0,241,0.0
2026-05-13 03:23:13,Wed,3,RPAC TWD Gym Courts 3 - 4,0,241,0.0
2026-05-13 03:23:13,Wed,3,RPAC Upper Gym Courts 1 - 2,0,241,0.0
2026-05-13 03:23:13,Wed,3,RPAC Upper Gym Courts 3 - 4 ,0,241,0.0
2026-05-13 03:23:13,Wed,3,RPAC Weight Floor,26,125,20.8
2026-05-13 04:29:45,Wed,4,RPAC 1st Floor Fitness Balcony,12,55,21.8
2026-05-13 04:29:45,Wed,4,RPAC 2nd Floor Cardio Loft,5,37,13.5
2026-05-13 04:29:45,Wed,4,RPAC Aquatic Center - Class Pool,0,32,0.0
2026-05-13 04:29:45,Wed,4,RPAC Aquatic Center - Comp Pool,0,25,0.0
2026-05-13 04:29:45,Wed,4,RPAC Aquatic Center - Hot Tub,0,15,0.0
2026-05-13 04:29:45,Wed,4,RPAC Aquatic Center - Lap Pool,6,24,25.0
2026-05-13 04:29:45,Wed,4,RPAC Aquatic Center - Leisure Pool,0,40,0.0
2026-05-13 04:29:45,Wed,4,RPAC Cardio Canyon,4,68,5.9
2026-05-13 04:29:45,Wed,4,RPAC North Gym,13,230,5.7
2026-05-13 04:29:45,Wed,4,RPAC South Gym,3,230,1.3
2026-05-13 04:29:45,Wed,4,RPAC TWD Gym Courts 1-2,0,241,0.0
2026-05-13 04:29:45,Wed,4,RPAC TWD Gym Courts 3 - 4,0,241,0.0
2026-05-13 04:29:45,Wed,4,RPAC Upper Gym Courts 1 - 2,0,241,0.0
2026-05-13 04:29:45,Wed,4,RPAC Upper Gym Courts 3 - 4 ,0,241,0.0
2026-05-13 04:29:45,Wed,4,RPAC Weight Floor,26,125,20.8
2026-05-13 05:31:47,Wed,5,RPAC 1st Floor Fitness Balcony,12,55,21.8
2026-05-13 05:31:47,Wed,5,RPAC 2nd Floor Cardio Loft,5,37,13.5
2026-05-13 05:31:47,Wed,5,RPAC Aquatic Center - Class Pool,0,32,0.0
2026-05-13 05:31:47,Wed,5,RPAC Aquatic Center - Comp Pool,0,25,0.0
2026-05-13 05:31:47,Wed,5,RPAC Aquatic Center - Hot Tub,0,15,0.0
2026-05-13 05:31:47,Wed,5,RPAC Aquatic Center - Lap Pool,6,24,25.0
2026-05-13 05:31:47,Wed,5,RPAC Aquatic Center - Leisure Pool,0,40,0.0
2026-05-13 05:31:47,Wed,5,RPAC Cardio Canyon,4,68,5.9
2026-05-13 05:31:47,Wed,5,RPAC North Gym,13,230,5.7
2026-05-13 05:31:47,Wed,5,RPAC South Gym,3,230,1.3
2026-05-13 05:31:47,Wed,5,RPAC TWD Gym Courts 1-2,0,241,0.0
2026-05-13 05:31:47,Wed,5,RPAC TWD Gym Courts 3 - 4,0,241,0.0
2026-05-13 05:31:47,Wed,5,RPAC Upper Gym Courts 1 - 2,0,241,0.0
2026-05-13 05:31:47,Wed,5,RPAC Upper Gym Courts 3 - 4 ,0,241,0.0
2026-05-13 05:31:47,Wed,5,RPAC Weight Floor,26,125,20.8
2026-05-13 06:38:43,Wed,6,RPAC 1st Floor Fitness Balcony,12,55,21.8
2026-05-13 06:38:43,Wed,6,RPAC 2nd Floor Cardio Loft,5,37,13.5
2026-05-13 06:38:43,Wed,6,RPAC Aquatic Center - Class Pool,0,32,0.0
2026-05-13 06:38:43,Wed,6,RPAC Aquatic Center - Comp Pool,0,25,0.0
2026-05-13 06:38:43,Wed,6,RPAC Aquatic Center - Hot Tub,0,15,0.0
2026-05-13 06:38:43,Wed,6,RPAC Aquatic Center - Lap Pool,6,24,25.0
2026-05-13 06:38:43,Wed,6,RPAC Aquatic Center - Leisure Pool,0,40,0.0
2026-05-13 06:38:43,Wed,6,RPAC Cardio Canyon,4,68,5.9
2026-05-13 06:38:43,Wed,6,RPAC North Gym,13,230,5.7
2026-05-13 06:38:43,Wed,6,RPAC South Gym,3,230,1.3
2026-05-13 06:38:43,Wed,6,RPAC TWD Gym Courts 1-2,0,241,0.0
2026-05-13 06:38:43,Wed,6,RPAC TWD Gym Courts 3 - 4,0,241,0.0
2026-05-13 06:38:43,Wed,6,RPAC Upper Gym Courts 1 - 2,0,241,0.0
2026-05-13 06:38:43,Wed,6,RPAC Upper Gym Courts 3 - 4 ,0,241,0.0
2026-05-13 06:38:43,Wed,6,RPAC Weight Floor,26,125,20.8
2026-05-13 07:35:46,Wed,7,RPAC 1st Floor Fitness Balcony,12,55,21.8
2026-05-13 07:35:46,Wed,7,RPAC 2nd Floor Cardio Loft,5,37,13.5
2026-05-13 07:35:46,Wed,7,RPAC Aquatic Center - Class Pool,0,32,0.0
2026-05-13 07:35:46,Wed,7,RPAC Aquatic Center - Comp Pool,0,25,0.0
2026-05-13 07:35:46,Wed,7,RPAC Aquatic Center - Hot Tub,0,15,0.0
2026-05-13 07:35:46,Wed,7,RPAC Aquatic Center - Lap Pool,6,24,25.0
2026-05-13 07:35:46,Wed,7,RPAC Aquatic Center - Leisure Pool,0,40,0.0
2026-05-13 07:35:46,Wed,7,RPAC Cardio Canyon,4,68,5.9
2026-05-13 07:35:46,Wed,7,RPAC North Gym,13,230,5.7
2026-05-13 07:35:46,Wed,7,RPAC South Gym,3,230,1.3
2026-05-13 07:35:46,Wed,7,RPAC TWD Gym Courts 1-2,0,241,0.0
2026-05-13 07:35:46,Wed,7,RPAC TWD Gym Courts 3 - 4,0,241,0.0
2026-05-13 07:35:46,Wed,7,RPAC Upper Gym Courts 1 - 2,0,241,0.0
2026-05-13 07:35:46,Wed,7,RPAC Upper Gym Courts 3 - 4 ,0,241,0.0
2026-05-13 07:35:46,Wed,7,RPAC Weight Floor,26,125,20.8
2026-05-13 08:27:04,Wed,8,RPAC 1st Floor Fitness Balcony,12,55,21.8
2026-05-13 08:27:04,Wed,8,RPAC 2nd Floor Cardio Loft,5,37,13.5
2026-05-13 08:27:04,Wed,8,RPAC Aquatic Center - Class Pool,0,32,0.0
2026-05-13 08:27:04,Wed,8,RPAC Aquatic Center - Comp Pool,0,25,0.0
2026-05-13 08:27:04,Wed,8,RPAC Aquatic Center - Hot Tub,0,15,0.0
2026-05-13 08:27:04,Wed,8,RPAC Aquatic Center - Lap Pool,6,24,25.0
2026-05-13 08:27:04,Wed,8,RPAC Aquatic Center - Leisure Pool,0,40,0.0
2026-05-13 08:27:04,Wed,8,RPAC Cardio Canyon,4,68,5.9
2026-05-13 08:27:04,Wed,8,RPAC North Gym,13,230,5.7
2026-05-13 08:27:04,Wed,8,RPAC South Gym,3,230,1.3
2026-05-13 08:27:04,Wed,8,RPAC TWD Gym Courts 1-2,0,241,0.0
2026-05-13 08:27:04,Wed,8,RPAC TWD Gym Courts 3 - 4,0,241,0.0
2026-05-13 08:27:04,Wed,8,RPAC Upper Gym Courts 1 - 2,0,241,0.0
2026-05-13 08:27:04,Wed,8,RPAC Upper Gym Courts 3 - 4 ,0,241,0.0
2026-05-13 08:27:04,Wed,8,RPAC Weight Floor,26,125,20.8
2026-05-13 09:20:34,Wed,9,RPAC 1st Floor Fitness Balcony,12,55,21.8
2026-05-13 09:20:34,Wed,9,RPAC 2nd Floor Cardio Loft,5,37,13.5
2026-05-13 09:20:34,Wed,9,RPAC Aquatic Center - Class Pool,0,32,0.0
2026-05-13 09:20:34,Wed,9,RPAC Aquatic Center - Comp Pool,0,25,0.0
2026-05-13 09:20:34,Wed,9,RPAC Aquatic Center - Hot Tub,0,15,0.0
2026-05-13 09:20:34,Wed,9,RPAC Aquatic Center - Lap Pool,6,24,25.0
2026-05-13 09:20:34,Wed,9,RPAC Aquatic Center - Leisure Pool,0,40,0.0
2026-05-13 09:20:34,Wed,9,RPAC Cardio Canyon,4,68,5.9
2026-05-13 09:20:34,Wed,9,RPAC North Gym,13,230,5.7
2026-05-13 09:20:34,Wed,9,RPAC South Gym,3,230,1.3
2026-05-13 09:20:34,Wed,9,RPAC TWD Gym Courts 1-2,0,241,0.0
2026-05-13 09:20:34,Wed,9,RPAC TWD Gym Courts 3 - 4,0,241,0.0
2026-05-13 09:20:34,Wed,9,RPAC Upper Gym Courts 1 - 2,0,241,0.0
2026-05-13 09:20:34,Wed,9,RPAC Upper Gym Courts 3 - 4 ,0,241,0.0
2026-05-13 09:20:34,Wed,9,RPAC Weight Floor,26,125,20.8
2026-05-13 10:19:47,Wed,10,RPAC 1st Floor Fitness Balcony,12,55,21.8
2026-05-13 10:19:47,Wed,10,RPAC 2nd Floor Cardio Loft,5,37,13.5
2026-05-13 10:19:47,Wed,10,RPAC Aquatic Center - Class Pool,0,32,0.0
2026-05-13 10:19:47,Wed,10,RPAC Aquatic Center - Comp Pool,0,25,0.0
2026-05-13 10:19:47,Wed,10,RPAC Aquatic Center - Hot Tub,0,15,0.0
2026-05-13 10:19:47,Wed,10,RPAC Aquatic Center - Lap Pool,6,24,25.0
2026-05-13 10:19:47,Wed,10,RPAC Aquatic Center - Leisure Pool,0,40,0.0
2026-05-13 10:19:47,Wed,10,RPAC Cardio Canyon,4,68,5.9
2026-05-13 10:19:47,Wed,10,RPAC North Gym,13,230,5.7
2026-05-13 10:19:47,Wed,10,RPAC South Gym,3,230,1.3
2026-05-13 10:19:47,Wed,10,RPAC TWD Gym Courts 1-2,0,241,0.0
2026-05-13 10:19:47,Wed,10,RPAC TWD Gym Courts 3 - 4,0,241,0.0
2026-05-13 10:19:47,Wed,10,RPAC Upper Gym Courts 1 - 2,0,241,0.0
2026-05-13 10:19:47,Wed,10,RPAC Upper Gym Courts 3 - 4 ,0,241,0.0
2026-05-13 10:19:47,Wed,10,RPAC Weight Floor,26,125,20.8
2026-05-13 11:30:33,Wed,11,RPAC 1st Floor Fitness Balcony,12,55,21.8
2026-05-13 11:30:33,Wed,11,RPAC 2nd Floor Cardio Loft,5,37,13.5
2026-05-13 11:30:33,Wed,11,RPAC Aquatic Center - Class Pool,0,32,0.0
2026-05-13 11:30:33,Wed,11,RPAC Aquatic Center - Comp Pool,0,25,0.0
2026-05-13 11:30:33,Wed,11,RPAC Aquatic Center - Hot Tub,0,15,0.0
2026-05-13 11:30:33,Wed,11,RPAC Aquatic Center - Lap Pool,6,24,25.0
2026-05-13 11:30:33,Wed,11,RPAC Aquatic Center - Leisure Pool,0,40,0.0
2026-05-13 11:30:33,Wed,11,RPAC Cardio Canyon,4,68,5.9
2026-05-13 11:30:33,Wed,11,RPAC North Gym,13,230,5.7
2026-05-13 11:30:33,Wed,11,RPAC South Gym,3,230,1.3
2026-05-13 11:30:33,Wed,11,RPAC TWD Gym Courts 1-2,0,241,0.0
2026-05-13 11:30:33,Wed,11,RPAC TWD Gym Courts 3 - 4,0,241,0.0
2026-05-13 11:30:33,Wed,11,RPAC Upper Gym Courts 1 - 2,0,241,0.0
2026-05-13 11:30:33,Wed,11,RPAC Upper Gym Courts 3 - 4 ,0,241,0.0
2026-05-13 11:30:33,Wed,11,RPAC Weight Floor,26,125,20.8
2026-05-13 12:33:10,Wed,12,RPAC 1st Floor Fitness Balcony,12,55,21.8
2026-05-13 12:33:10,Wed,12,RPAC 2nd Floor Cardio Loft,5,37,13.5
2026-05-13 12:33:10,Wed,12,RPAC Aquatic Center - Class Pool,0,32,0.0
2026-05-13 12:33:10,Wed,12,RPAC Aquatic Center - Comp Pool,0,25,0.0
2026-05-13 12:33:10,Wed,12,RPAC Aquatic Center - Hot Tub,0,15,0.0
2026-05-13 12:33:10,Wed,12,RPAC Aquatic Center - Lap Pool,6,24,25.0
2026-05-13 12:33:10,Wed,12,RPAC Aquatic Center - Leisure Pool,0,40,0.0
2026-05-13 12:33:10,Wed,12,RPAC Cardio Canyon,4,68,5.9
2026-05-13 12:33:10,Wed,12,RPAC North Gym,13,230,5.7
2026-05-13 12:33:10,Wed,12,RPAC South Gym,3,230,1.3
2026-05-13 12:33:10,Wed,12,RPAC TWD Gym Courts 1-2,0,241,0.0
2026-05-13 12:33:10,Wed,12,RPAC TWD Gym Courts 3 - 4,0,241,0.0
2026-05-13 12:33:10,Wed,12,RPAC Upper Gym Courts 1 - 2,0,241,0.0
2026-05-13 12:33:10,Wed,12,RPAC Upper Gym Courts 3 - 4 ,0,241,0.0
2026-05-13 12:33:10,Wed,12,RPAC Weight Floor,26,125,20.8
2026-05-13 13:28:53,Wed,13,RPAC 1st Floor Fitness Balcony,12,55,21.8
2026-05-13 13:28:53,Wed,13,RPAC 2nd Floor Cardio Loft,5,37,13.5
2026-05-13 13:28:53,Wed,13,RPAC Aquatic Center - Class Pool,0,32,0.0
2026-05-13 13:28:53,Wed,13,RPAC Aquatic Center - Comp Pool,0,25,0.0
2026-05-13 13:28:53,Wed,13,RPAC Aquatic Center - Hot Tub,0,15,0.0
2026-05-13 13:28:53,Wed,13,RPAC Aquatic Center - Lap Pool,6,24,25.0
2026-05-13 13:28:53,Wed,13,RPAC Aquatic Center - Leisure Pool,0,40,0.0
2026-05-13 13:28:53,Wed,13,RPAC Cardio Canyon,4,68,5.9
2026-05-13 13:28:53,Wed,13,RPAC North Gym,13,230,5.7
2026-05-13 13:28:53,Wed,13,RPAC South Gym,3,230,1.3
2026-05-13 13:28:53,Wed,13,RPAC TWD Gym Courts 1-2,0,241,0.0
2026-05-13 13:28:53,Wed,13,RPAC TWD Gym Courts 3 - 4,0,241,0.0
2026-05-13 13:28:53,Wed,13,RPAC Upper Gym Courts 1 - 2,0,241,0.0
2026-05-13 13:28:53,Wed,13,RPAC Upper Gym Courts 3 - 4 ,0,241,0.0
2026-05-13 13:28:53,Wed,13,RPAC Weight Floor,26,125,20.8
2026-05-13 14:16:41,Wed,14,RPAC 1st Floor Fitness Balcony,12,55,21.8
2026-05-13 14:16:41,Wed,14,RPAC 2nd Floor Cardio Loft,5,37,13.5
2026-05-13 14:16:41,Wed,14,RPAC Aquatic Center - Class Pool,0,32,0.0
2026-05-13 14:16:41,Wed,14,RPAC Aquatic Center - Comp Pool,0,25,0.0
2026-05-13 14:16:41,Wed,14,RPAC Aquatic Center - Hot Tub,0,15,0.0
2026-05-13 14:16:41,Wed,14,RPAC Aquatic Center - Lap Pool,6,24,25.0
2026-05-13 14:16:41,Wed,14,RPAC Aquatic Center - Leisure Pool,0,40,0.0
2026-05-13 14:16:41,Wed,14,RPAC Cardio Canyon,4,68,5.9
2026-05-13 14:16:41,Wed,14,RPAC North Gym,13,230,5.7
2026-05-13 14:16:41,Wed,14,RPAC South Gym,3,230,1.3
2026-05-13 14:16:41,Wed,14,RPAC TWD Gym Courts 1-2,0,241,0.0
2026-05-13 14:16:41,Wed,14,RPAC TWD Gym Courts 3 - 4,0,241,0.0
2026-05-13 14:16:41,Wed,14,RPAC Upper Gym Courts 1 - 2,0,241,0.0
2026-05-13 14:16:41,Wed,14,RPAC Upper Gym Courts 3 - 4 ,0,241,0.0
2026-05-13 14:16:41,Wed,14,RPAC Weight Floor,26,125,20.8
2026-05-13 15:09:42,Wed,15,RPAC 1st Floor Fitness Balcony,12,55,21.8
2026-05-13 15:09:42,Wed,15,RPAC 2nd Floor Cardio Loft,5,37,13.5
2026-05-13 15:09:42,Wed,15,RPAC Aquatic Center - Class Pool,0,32,0.0
2026-05-13 15:09:42,Wed,15,RPAC Aquatic Center - Comp Pool,0,25,0.0
2026-05-13 15:09:42,Wed,15,RPAC Aquatic Center - Hot Tub,0,15,0.0
2026-05-13 15:09:42,Wed,15,RPAC Aquatic Center - Lap Pool,6,24,25.0
2026-05-13 15:09:42,Wed,15,RPAC Aquatic Center - Leisure Pool,0,40,0.0
2026-05-13 15:09:42,Wed,15,RPAC Cardio Canyon,4,68,5.9
2026-05-13 15:09:42,Wed,15,RPAC North Gym,13,230,5.7
2026-05-13 15:09:42,Wed,15,RPAC South Gym,3,230,1.3
2026-05-13 15:09:42,Wed,15,RPAC TWD Gym Courts 1-2,0,241,0.0
2026-05-13 15:09:42,Wed,15,RPAC TWD Gym Courts 3 - 4,0,241,0.0
2026-05-13 15:09:42,Wed,15,RPAC Upper Gym Courts 1 - 2,0,241,0.0
2026-05-13 15:09:42,Wed,15,RPAC Upper Gym Courts 3 - 4 ,0,241,0.0
2026-05-13 15:09:42,Wed,15,RPAC Weight Floor,26,125,20.8
2026-05-13 15:55:31,Wed,15,RPAC 1st Floor Fitness Balcony,12,55,21.8
2026-05-13 15:55:31,Wed,15,RPAC 2nd Floor Cardio Loft,5,37,13.5
2026-05-13 15:55:31,Wed,15,RPAC Aquatic Center - Class Pool,0,32,0.0
2026-05-13 15:55:31,Wed,15,RPAC Aquatic Center - Comp Pool,0,25,0.0
2026-05-13 15:55:31,Wed,15,RPAC Aquatic Center - Hot Tub,0,15,0.0
2026-05-13 15:55:31,Wed,15,RPAC Aquatic Center - Lap Pool,6,24,25.0
2026-05-13 15:55:31,Wed,15,RPAC Aquatic Center - Leisure Pool,0,40,0.0
2026-05-13 15:55:31,Wed,15,RPAC Cardio Canyon,4,68,5.9
2026-05-13 15:55:31,Wed,15,RPAC North Gym,13,230,5.7
2026-05-13 15:55:31,Wed,15,RPAC South Gym,3,230,1.3
2026-05-13 15:55:31,Wed,15,RPAC TWD Gym Courts 1-2,0,241,0.0
2026-05-13 15:55:31,Wed,15,RPAC TWD Gym Courts 3 - 4,0,241,0.0
2026-05-13 15:55:31,Wed,15,RPAC Upper Gym Courts 1 - 2,0,241,0.0
2026-05-13 15:55:31,Wed,15,RPAC Upper Gym Courts 3 - 4 ,0,241,0.0
2026-05-13 15:55:31,Wed,15,RPAC Weight Floor,26,125,20.8
2026-05-13 16:39:37,Wed,16,RPAC 1st Floor Fitness Balcony,12,55,21.8
2026-05-13 16:39:37,Wed,16,RPAC 2nd Floor Cardio Loft,5,37,13.5
2026-05-13 16:39:37,Wed,16,RPAC Aquatic Center - Class Pool,0,32,0.0
2026-05-13 16:39:37,Wed,16,RPAC Aquatic Center - Comp Pool,0,25,0.0
2026-05-13 16:39:37,Wed,16,RPAC Aquatic Center - Hot Tub,0,15,0.0
2026-05-13 16:39:37,Wed,16,RPAC Aquatic Center - Lap Pool,6,24,25.0
2026-05-13 16:39:37,Wed,16,RPAC Aquatic Center - Leisure Pool,0,40,0.0
2026-05-13 16:39:37,Wed,16,RPAC Cardio Canyon,4,68,5.9
2026-05-13 16:39:37,Wed,16,RPAC North Gym,13,230,5.7
2026-05-13 16:39:37,Wed,16,RPAC South Gym,3,230,1.3
2026-05-13 16:39:37,Wed,16,RPAC TWD Gym Courts 1-2,0,241,0.0
2026-05-13 16:39:37,Wed,16,RPAC TWD Gym Courts 3 - 4,0,241,0.0
2026-05-13 16:39:37,Wed,16,RPAC Upper Gym Courts 1 - 2,0,241,0.0
2026-05-13 16:39:37,Wed,16,RPAC Upper Gym Courts 3 - 4 ,0,241,0.0
2026-05-13 16:39:37,Wed,16,RPAC Weight Floor,26,125,20.8
2026-05-13 17:13:14,Wed,17,RPAC 1st Floor Fitness Balcony,12,55,21.8
2026-05-13 17:13:14,Wed,17,RPAC 2nd Floor Cardio Loft,5,37,13.5
2026-05-13 17:13:14,Wed,17,RPAC Aquatic Center - Class Pool,0,32,0.0
2026-05-13 17:13:14,Wed,17,RPAC Aquatic Center - Comp Pool,0,25,0.0
2026-05-13 17:13:14,Wed,17,RPAC Aquatic Center - Hot Tub,0,15,0.0
2026-05-13 17:13:14,Wed,17,RPAC Aquatic Center - Lap Pool,6,24,25.0
2026-05-13 17:13:14,Wed,17,RPAC Aquatic Center - Leisure Pool,0,40,0.0
2026-05-13 17:13:14,Wed,17,RPAC Cardio Canyon,4,68,5.9
2026-05-13 17:13:14,Wed,17,RPAC North Gym,13,230,5.7
2026-05-13 17:13:14,Wed,17,RPAC South Gym,3,230,1.3
2026-05-13 17:13:14,Wed,17,RPAC TWD Gym Courts 1-2,0,241,0.0
2026-05-13 17:13:14,Wed,17,RPAC TWD Gym Courts 3 - 4,0,241,0.0
2026-05-13 17:13:14,Wed,17,RPAC Upper Gym Courts 1 - 2,0,241,0.0
2026-05-13 17:13:14,Wed,17,RPAC Upper Gym Courts 3 - 4 ,0,241,0.0
2026-05-13 17:13:14,Wed,17,RPAC Weight Floor,26,125,20.8
2026-05-13 17:48:38,Wed,17,RPAC 1st Floor Fitness Balcony,12,55,21.8
2026-05-13 17:48:38,Wed,17,RPAC 2nd Floor Cardio Loft,5,37,13.5
2026-05-13 17:48:38,Wed,17,RPAC Aquatic Center - Class Pool,0,32,0.0
2026-05-13 17:48:38,Wed,17,RPAC Aquatic Center - Comp Pool,0,25,0.0
2026-05-13 17:48:38,Wed,17,RPAC Aquatic Center - Hot Tub,0,15,0.0
2026-05-13 17:48:38,Wed,17,RPAC Aquatic Center - Lap Pool,6,24,25.0
2026-05-13 17:48:38,Wed,17,RPAC Aquatic Center - Leisure Pool,0,40,0.0
2026-05-13 17:48:38,Wed,17,RPAC Cardio Canyon,4,68,5.9
2026-05-13 17:48:38,Wed,17,RPAC North Gym,13,230,5.7
2026-05-13 17:48:38,Wed,17,RPAC South Gym,3,230,1.3
2026-05-13 17:48:38,Wed,17,RPAC TWD Gym Courts 1-2,0,241,0.0
2026-05-13 17:48:38,Wed,17,RPAC TWD Gym Courts 3 - 4,0,241,0.0
2026-05-13 17:48:38,Wed,17,RPAC Upper Gym Courts 1 - 2,0,241,0.0
2026-05-13 17:48:38,Wed,17,RPAC Upper Gym Courts 3 - 4 ,0,241,0.0
2026-05-13 17:48:38,Wed,17,RPAC Weight Floor,26,125,20.8
2026-05-13 18:30:50,Wed,18,RPAC 1st Floor Fitness Balcony,12,55,21.8
2026-05-13 18:30:50,Wed,18,RPAC 2nd Floor Cardio Loft,5,37,13.5
2026-05-13 18:30:50,Wed,18,RPAC Aquatic Center - Class Pool,0,32,0.0
2026-05-13 18:30:50,Wed,18,RPAC Aquatic Center - Comp Pool,0,25,0.0
2026-05-13 18:30:50,Wed,18,RPAC Aquatic Center - Hot Tub,0,15,0.0
2026-05-13 18:30:50,Wed,18,RPAC Aquatic Center - Lap Pool,6,24,25.0
2026-05-13 18:30:50,Wed,18,RPAC Aquatic Center - Leisure Pool,0,40,0.0
2026-05-13 18:30:50,Wed,18,RPAC Cardio Canyon,4,68,5.9
2026-05-13 18:30:50,Wed,18,RPAC North Gym,13,230,5.7
2026-05-13 18:30:50,Wed,18,RPAC South Gym,3,230,1.3
2026-05-13 18:30:50,Wed,18,RPAC TWD Gym Courts 1-2,0,241,0.0
2026-05-13 18:30:50,Wed,18,RPAC TWD Gym Courts 3 - 4,0,241,0.0
2026-05-13 18:30:50,Wed,18,RPAC Upper Gym Courts 1 - 2,0,241,0.0
2026-05-13 18:30:50,Wed,18,RPAC Upper Gym Courts 3 - 4 ,0,241,0.0
2026-05-13 18:30:50,Wed,18,RPAC Weight Floor,26,125,20.8
2026-05-13 19:09:40,Wed,19,RPAC 1st Floor Fitness Balcony,12,55,21.8
2026-05-13 19:09:40,Wed,19,RPAC 2nd Floor Cardio Loft,5,37,13.5
2026-05-13 19:09:40,Wed,19,RPAC Aquatic Center - Class Pool,0,32,0.0
2026-05-13 19:09:40,Wed,19,RPAC Aquatic Center - Comp Pool,0,25,0.0
2026-05-13 19:09:40,Wed,19,RPAC Aquatic Center - Hot Tub,0,15,0.0
2026-05-13 19:09:40,Wed,19,RPAC Aquatic Center - Lap Pool,6,24,25.0
2026-05-13 19:09:40,Wed,19,RPAC Aquatic Center - Leisure Pool,0,40,0.0
2026-05-13 19:09:40,Wed,19,RPAC Cardio Canyon,4,68,5.9
2026-05-13 19:09:40,Wed,19,RPAC North Gym,13,230,5.7
2026-05-13 19:09:40,Wed,19,RPAC South Gym,3,230,1.3
2026-05-13 19:09:40,Wed,19,RPAC TWD Gym Courts 1-2,0,241,0.0
2026-05-13 19:09:40,Wed,19,RPAC TWD Gym Courts 3 - 4,0,241,0.0
2026-05-13 19:09:40,Wed,19,RPAC Upper Gym Courts 1 - 2,0,241,0.0
2026-05-13 19:09:40,Wed,19,RPAC Upper Gym Courts 3 - 4 ,0,241,0.0
2026-05-13 19:09:40,Wed,19,RPAC Weight Floor,26,125,20.8
2026-05-13 19:38:25,Wed,19,RPAC 1st Floor Fitness Balcony,12,55,21.8
2026-05-13 19:38:25,Wed,19,RPAC 2nd Floor Cardio Loft,5,37,13.5
2026-05-13 19:38:25,Wed,19,RPAC Aquatic Center - Class Pool,0,32,0.0
2026-05-13 19:38:25,Wed,19,RPAC Aquatic Center - Comp Pool,0,25,0.0
2026-05-13 19:38:25,Wed,19,RPAC Aquatic Center - Hot Tub,0,15,0.0
2026-05-13 19:38:25,Wed,19,RPAC Aquatic Center - Lap Pool,6,24,25.0
2026-05-13 19:38:25,Wed,19,RPAC Aquatic Center - Leisure Pool,0,40,0.0
2026-05-13 19:38:25,Wed,19,RPAC Cardio Canyon,4,68,5.9
2026-05-13 19:38:25,Wed,19,RPAC North Gym,13,230,5.7
2026-05-13 19:38:25,Wed,19,RPAC South Gym,3,230,1.3
2026-05-13 19:38:25,Wed,19,RPAC TWD Gym Courts 1-2,0,241,0.0
2026-05-13 19:38:25,Wed,19,RPAC TWD Gym Courts 3 - 4,0,241,0.0
2026-05-13 19:38:25,Wed,19,RPAC Upper Gym Courts 1 - 2,0,241,0.0
2026-05-13 19:38:25,Wed,19,RPAC Upper Gym Courts 3 - 4 ,0,241,0.0
2026-05-13 19:38:25,Wed,19,RPAC Weight Floor,26,125,20.8
2026-05-13 20:09:26,Wed,20,RPAC 1st Floor Fitness Balcony,12,55,21.8
2026-05-13 20:09:26,Wed,20,RPAC 2nd Floor Cardio Loft,5,37,13.5
2026-05-13 20:09:26,Wed,20,RPAC Aquatic Center - Class Pool,0,32,0.0
2026-05-13 20:09:26,Wed,20,RPAC Aquatic Center - Comp Pool,0,25,0.0
2026-05-13 20:09:26,Wed,20,RPAC Aquatic Center - Hot Tub,0,15,0.0
2026-05-13 20:09:26,Wed,20,RPAC Aquatic Center - Lap Pool,6,24,25.0
2026-05-13 20:09:26,Wed,20,RPAC Aquatic Center - Leisure Pool,0,40,0.0
2026-05-13 20:09:26,Wed,20,RPAC Cardio Canyon,4,68,5.9
2026-05-13 20:09:26,Wed,20,RPAC North Gym,13,230,5.7
2026-05-13 20:09:26,Wed,20,RPAC South Gym,3,230,1.3
2026-05-13 20:09:26,Wed,20,RPAC TWD Gym Courts 1-2,0,241,0.0
2026-05-13 20:09:26,Wed,20,RPAC TWD Gym Courts 3 - 4,0,241,0.0
2026-05-13 20:09:26,Wed,20,RPAC Upper Gym Courts 1 - 2,0,241,0.0
2026-05-13 20:09:26,Wed,20,RPAC Upper Gym Courts 3 - 4 ,0,241,0.0
2026-05-13 20:09:26,Wed,20,RPAC Weight Floor,26,125,20.8
2026-05-13 21:15:26,Wed,21,RPAC 1st Floor Fitness Balcony,12,55,21.8
2026-05-13 21:15:26,Wed,21,RPAC 2nd Floor Cardio Loft,5,37,13.5
2026-05-13 21:15:26,Wed,21,RPAC Aquatic Center - Class Pool,0,32,0.0
2026-05-13 21:15:26,Wed,21,RPAC Aquatic Center - Comp Pool,0,25,0.0
2026-05-13 21:15:26,Wed,21,RPAC Aquatic Center - Hot Tub,0,15,0.0
2026-05-13 21:15:26,Wed,21,RPAC Aquatic Center - Lap Pool,6,24,25.0
2026-05-13 21:15:26,Wed,21,RPAC Aquatic Center - Leisure Pool,0,40,0.0
2026-05-13 21:15:26,Wed,21,RPAC Cardio Canyon,4,68,5.9
2026-05-13 21:15:26,Wed,21,RPAC North Gym,13,230,5.7
2026-05-13 21:15:26,Wed,21,RPAC South Gym,3,230,1.3
2026-05-13 21:15:26,Wed,21,RPAC TWD Gym Courts 1-2,0,241,0.0
2026-05-13 21:15:26,Wed,21,RPAC TWD Gym Courts 3 - 4,0,241,0.0
2026-05-13 21:15:26,Wed,21,RPAC Upper Gym Courts 1 - 2,0,241,0.0
2026-05-13 21:15:26,Wed,21,RPAC Upper Gym Courts 3 - 4 ,0,241,0.0
2026-05-13 21:15:26,Wed,21,RPAC Weight Floor,26,125,20.8
2026-05-13 22:22:27,Wed,22,RPAC 1st Floor Fitness Balcony,12,55,21.8
2026-05-13 22:22:27,Wed,22,RPAC 2nd Floor Cardio Loft,5,37,13.5
2026-05-13 22:22:27,Wed,22,RPAC Aquatic Center - Class Pool,0,32,0.0
2026-05-13 22:22:27,Wed,22,RPAC Aquatic Center - Comp Pool,0,25,0.0
2026-05-13 22:22:27,Wed,22,RPAC Aquatic Center - Hot Tub,0,15,0.0
2026-05-13 22:22:27,Wed,22,RPAC Aquatic Center - Lap Pool,6,24,25.0
2026-05-13 22:22:27,Wed,22,RPAC Aquatic Center - Leisure Pool,0,40,0.0
2026-05-13 22:22:27,Wed,22,RPAC Cardio Canyon,4,68,5.9
2026-05-13 22:22:27,Wed,22,RPAC North Gym,13,230,5.7
2026-05-13 22:22:27,Wed,22,RPAC South Gym,3,230,1.3
2026-05-13 22:22:27,Wed,22,RPAC TWD Gym Courts 1-2,0,241,0.0
2026-05-13 22:22:27,Wed,22,RPAC TWD Gym Courts 3 - 4,0,241,0.0
2026-05-13 22:22:27,Wed,22,RPAC Upper Gym Courts 1 - 2,0,241,0.0
2026-05-13 22:22:27,Wed,22,RPAC Upper Gym Courts 3 - 4 ,0,241,0.0
2026-05-13 22:22:27,Wed,22,RPAC Weight Floor,26,125,20.8
2026-05-13 23:47:17,Wed,23,RPAC 1st Floor Fitness Balcony,12,55,21.8
2026-05-13 23:47:17,Wed,23,RPAC 2nd Floor Cardio Loft,5,37,13.5
2026-05-13 23:47:17,Wed,23,RPAC Aquatic Center - Class Pool,0,32,0.0
2026-05-13 23:47:17,Wed,23,RPAC Aquatic Center - Comp Pool,0,25,0.0
2026-05-13 23:47:17,Wed,23,RPAC Aquatic Center - Hot Tub,0,15,0.0
2026-05-13 23:47:17,Wed,23,RPAC Aquatic Center - Lap Pool,6,24,25.0
2026-05-13 23:47:17,Wed,23,RPAC Aquatic Center - Leisure Pool,0,40,0.0
2026-05-13 23:47:17,Wed,23,RPAC Cardio Canyon,4,68,5.9
2026-05-13 23:47:17,Wed,23,RPAC North Gym,13,230,5.7
2026-05-13 23:47:17,Wed,23,RPAC South Gym,3,230,1.3
2026-05-13 23:47:17,Wed,23,RPAC TWD Gym Courts 1-2,0,241,0.0
2026-05-13 23:47:17,Wed,23,RPAC TWD Gym Courts 3 - 4,0,241,0.0
2026-05-13 23:47:17,Wed,23,RPAC Upper Gym Courts 1 - 2,0,241,0.0
2026-05-13 23:47:17,Wed,23,RPAC Upper Gym Courts 3 - 4 ,0,241,0.0
2026-05-13 23:47:17,Wed,23,RPAC Weight Floor,26,125,20.8
2026-05-14 01:22:23,Thu,1,RPAC 1st Floor Fitness Balcony,12,55,21.8
2026-05-14 01:22:23,Thu,1,RPAC 2nd Floor Cardio Loft,5,37,13.5
2026-05-14 01:22:23,Thu,1,RPAC Aquatic Center - Class Pool,0,32,0.0
2026-05-14 01:22:23,Thu,1,RPAC Aquatic Center - Comp Pool,0,25,0.0
2026-05-14 01:22:23,Thu,1,RPAC Aquatic Center - Hot Tub,0,15,0.0
2026-05-14 01:22:23,Thu,1,RPAC Aquatic Center - Lap Pool,6,24,25.0
2026-05-14 01:22:23,Thu,1,RPAC Aquatic Center - Leisure Pool,0,40,0.0
2026-05-14 01:22:23,Thu,1,RPAC Cardio Canyon,4,68,5.9
2026-05-14 01:22:23,Thu,1,RPAC North Gym,13,230,5.7
2026-05-14 01:22:23,Thu,1,RPAC South Gym,3,230,1.3
2026-05-14 01:22:23,Thu,1,RPAC TWD Gym Courts 1-2,0,241,0.0
2026-05-14 01:22:23,Thu,1,RPAC TWD Gym Courts 3 - 4,0,241,0.0
2026-05-14 01:22:23,Thu,1,RPAC Upper Gym Courts 1 - 2,0,241,0.0
2026-05-14 01:22:23,Thu,1,RPAC Upper Gym Courts 3 - 4 ,0,241,0.0
2026-05-14 01:22:23,Thu,1,RPAC Weight Floor,26,125,20.8
2026-05-14 02:34:39,Thu,2,RPAC 1st Floor Fitness Balcony,12,55,21.8
2026-05-14 02:34:39,Thu,2,RPAC 2nd Floor Cardio Loft,5,37,13.5
2026-05-14 02:34:39,Thu,2,RPAC Aquatic Center - Class Pool,0,32,0.0
2026-05-14 02:34:39,Thu,2,RPAC Aquatic Center - Comp Pool,0,25,0.0
2026-05-14 02:34:39,Thu,2,RPAC Aquatic Center - Hot Tub,0,15,0.0
2026-05-14 02:34:39,Thu,2,RPAC Aquatic Center - Lap Pool,6,24,25.0
2026-05-14 02:34:39,Thu,2,RPAC Aquatic Center - Leisure Pool,0,40,0.0
2026-05-14 02:34:39,Thu,2,RPAC Cardio Canyon,4,68,5.9
2026-05-14 02:34:39,Thu,2,RPAC North Gym,13,230,5.7
2026-05-14 02:34:39,Thu,2,RPAC South Gym,3,230,1.3
2026-05-14 02:34:39,Thu,2,RPAC TWD Gym Courts 1-2,0,241,0.0
2026-05-14 02:34:39,Thu,2,RPAC TWD Gym Courts 3 - 4,0,241,0.0
2026-05-14 02:34:39,Thu,2,RPAC Upper Gym Courts 1 - 2,0,241,0.0
2026-05-14 02:34:39,Thu,2,RPAC Upper Gym Courts 3 - 4 ,0,241,0.0
2026-05-14 02:34:39,Thu,2,RPAC Weight Floor,26,125,20.8
2026-05-14 03:40:48,Thu,3,RPAC 1st Floor Fitness Balcony,12,55,21.8
2026-05-14 03:40:48,Thu,3,RPAC 2nd Floor Cardio Loft,5,37,13.5
2026-05-14 03:40:48,Thu,3,RPAC Aquatic Center - Class Pool,0,32,0.0
2026-05-14 03:40:48,Thu,3,RPAC Aquatic Center - Comp Pool,0,25,0.0
2026-05-14 03:40:48,Thu,3,RPAC Aquatic Center - Hot Tub,0,15,0.0
2026-05-14 03:40:48,Thu,3,RPAC Aquatic Center - Lap Pool,6,24,25.0
2026-05-14 03:40:48,Thu,3,RPAC Aquatic Center - Leisure Pool,0,40,0.0
2026-05-14 03:40:48,Thu,3,RPAC Cardio Canyon,4,68,5.9
2026-05-14 03:40:48,Thu,3,RPAC North Gym,13,230,5.7
2026-05-14 03:40:48,Thu,3,RPAC South Gym,3,230,1.3
2026-05-14 03:40:48,Thu,3,RPAC TWD Gym Courts 1-2,0,241,0.0
2026-05-14 03:40:48,Thu,3,RPAC TWD Gym Courts 3 - 4,0,241,0.0
2026-05-14 03:40:48,Thu,3,RPAC Upper Gym Courts 1 - 2,0,241,0.0
2026-05-14 03:40:48,Thu,3,RPAC Upper Gym Courts 3 - 4 ,0,241,0.0
2026-05-14 03:40:48,Thu,3,RPAC Weight Floor,26,125,20.8
2026-05-14 04:41:02,Thu,4,RPAC 1st Floor Fitness Balcony,12,55,21.8
2026-05-14 04:41:02,Thu,4,RPAC 2nd Floor Cardio Loft,5,37,13.5
2026-05-14 04:41:02,Thu,4,RPAC Aquatic Center - Class Pool,0,32,0.0
2026-05-14 04:41:02,Thu,4,RPAC Aquatic Center - Comp Pool,0,25,0.0
2026-05-14 04:41:02,Thu,4,RPAC Aquatic Center - Hot Tub,0,15,0.0
2026-05-14 04:41:02,Thu,4,RPAC Aquatic Center - Lap Pool,6,24,25.0
2026-05-14 04:41:02,Thu,4,RPAC Aquatic Center - Leisure Pool,0,40,0.0
2026-05-14 04:41:02,Thu,4,RPAC Cardio Canyon,4,68,5.9
2026-05-14 04:41:02,Thu,4,RPAC North Gym,13,230,5.7
2026-05-14 04:41:02,Thu,4,RPAC South Gym,3,230,1.3
2026-05-14 04:41:02,Thu,4,RPAC TWD Gym Courts 1-2,0,241,0.0
2026-05-14 04:41:02,Thu,4,RPAC TWD Gym Courts 3 - 4,0,241,0.0
2026-05-14 04:41:02,Thu,4,RPAC Upper Gym Courts 1 - 2,0,241,0.0
2026-05-14 04:41:02,Thu,4,RPAC Upper Gym Courts 3 - 4 ,0,241,0.0
2026-05-14 04:41:02,Thu,4,RPAC Weight Floor,26,125,20.8
2026-05-14 05:38:31,Thu,5,RPAC 1st Floor Fitness Balcony,12,55,21.8
2026-05-14 05:38:31,Thu,5,RPAC 2nd Floor Cardio Loft,5,37,13.5
2026-05-14 05:38:31,Thu,5,RPAC Aquatic Center - Class Pool,0,32,0.0
2026-05-14 05:38:31,Thu,5,RPAC Aquatic Center - Comp Pool,0,25,0.0
2026-05-14 05:38:31,Thu,5,RPAC Aquatic Center - Hot Tub,0,15,0.0
2026-05-14 05:38:31,Thu,5,RPAC Aquatic Center - Lap Pool,6,24,25.0
2026-05-14 05:38:31,Thu,5,RPAC Aquatic Center - Leisure Pool,0,40,0.0
2026-05-14 05:38:31,Thu,5,RPAC Cardio Canyon,4,68,5.9
2026-05-14 05:38:31,Thu,5,RPAC North Gym,13,230,5.7
2026-05-14 05:38:31,Thu,5,RPAC South Gym,3,230,1.3
2026-05-14 05:38:31,Thu,5,RPAC TWD Gym Courts 1-2,0,241,0.0
2026-05-14 05:38:31,Thu,5,RPAC TWD Gym Courts 3 - 4,0,241,0.0
2026-05-14 05:38:31,Thu,5,RPAC Upper Gym Courts 1 - 2,0,241,0.0
2026-05-14 05:38:31,Thu,5,RPAC Upper Gym Courts 3 - 4 ,0,241,0.0
2026-05-14 05:38:31,Thu,5,RPAC Weight Floor,26,125,20.8
2026-05-14 06:33:24,Thu,6,RPAC 1st Floor Fitness Balcony,12,55,21.8
2026-05-14 06:33:24,Thu,6,RPAC 2nd Floor Cardio Loft,5,37,13.5
2026-05-14 06:33:24,Thu,6,RPAC Aquatic Center - Class Pool,0,32,0.0
2026-05-14 06:33:24,Thu,6,RPAC Aquatic Center - Comp Pool,0,25,0.0
2026-05-14 06:33:24,Thu,6,RPAC Aquatic Center - Hot Tub,0,15,0.0
2026-05-14 06:33:24,Thu,6,RPAC Aquatic Center - Lap Pool,6,24,25.0
2026-05-14 06:33:24,Thu,6,RPAC Aquatic Center - Leisure Pool,0,40,0.0
2026-05-14 06:33:24,Thu,6,RPAC Cardio Canyon,4,68,5.9
2026-05-14 06:33:24,Thu,6,RPAC North Gym,13,230,5.7
2026-05-14 06:33:24,Thu,6,RPAC South Gym,3,230,1.3
2026-05-14 06:33:24,Thu,6,RPAC TWD Gym Courts 1-2,0,241,0.0
2026-05-14 06:33:24,Thu,6,RPAC TWD Gym Courts 3 - 4,0,241,0.0
2026-05-14 06:33:24,Thu,6,RPAC Upper Gym Courts 1 - 2,0,241,0.0
2026-05-14 06:33:24,Thu,6,RPAC Upper Gym Courts 3 - 4 ,0,241,0.0
2026-05-14 06:33:24,Thu,6,RPAC Weight Floor,26,125,20.8
2026-05-14 07:26:09,Thu,7,RPAC 1st Floor Fitness Balcony,12,55,21.8
2026-05-14 07:26:09,Thu,7,RPAC 2nd Floor Cardio Loft,5,37,13.5
2026-05-14 07:26:09,Thu,7,RPAC Aquatic Center - Class Pool,0,32,0.0
2026-05-14 07:26:09,Thu,7,RPAC Aquatic Center - Comp Pool,0,25,0.0
2026-05-14 07:26:09,Thu,7,RPAC Aquatic Center - Hot Tub,0,15,0.0
2026-05-14 07:26:09,Thu,7,RPAC Aquatic Center - Lap Pool,6,24,25.0
2026-05-14 07:26:09,Thu,7,RPAC Aquatic Center - Leisure Pool,0,40,0.0
2026-05-14 07:26:09,Thu,7,RPAC Cardio Canyon,4,68,5.9
2026-05-14 07:26:09,Thu,7,RPAC North Gym,13,230,5.7
2026-05-14 07:26:09,Thu,7,RPAC South Gym,3,230,1.3
2026-05-14 07:26:09,Thu,7,RPAC TWD Gym Courts 1-2,0,241,0.0
2026-05-14 07:26:09,Thu,7,RPAC TWD Gym Courts 3 - 4,0,241,0.0
2026-05-14 07:26:09,Thu,7,RPAC Upper Gym Courts 1 - 2,0,241,0.0
2026-05-14 07:26:09,Thu,7,RPAC Upper Gym Courts 3 - 4 ,0,241,0.0
2026-05-14 07:26:09,Thu,7,RPAC Weight Floor,26,125,20.8
2026-05-14 08:09:31,Thu,8,RPAC 1st Floor Fitness Balcony,12,55,21.8
2026-05-14 08:09:31,Thu,8,RPAC 2nd Floor Cardio Loft,5,37,13.5
2026-05-14 08:09:31,Thu,8,RPAC Aquatic Center - Class Pool,0,32,0.0
2026-05-14 08:09:31,Thu,8,RPAC Aquatic Center - Comp Pool,0,25,0.0
2026-05-14 08:09:31,Thu,8,RPAC Aquatic Center - Hot Tub,0,15,0.0
2026-05-14 08:09:31,Thu,8,RPAC Aquatic Center - Lap Pool,6,24,25.0
2026-05-14 08:09:31,Thu,8,RPAC Aquatic Center - Leisure Pool,0,40,0.0
2026-05-14 08:09:31,Thu,8,RPAC Cardio Canyon,4,68,5.9
2026-05-14 08:09:31,Thu,8,RPAC North Gym,13,230,5.7
2026-05-14 08:09:31,Thu,8,RPAC South Gym,3,230,1.3
2026-05-14 08:09:31,Thu,8,RPAC TWD Gym Courts 1-2,0,241,0.0
2026-05-14 08:09:31,Thu,8,RPAC TWD Gym Courts 3 - 4,0,241,0.0
2026-05-14 08:09:31,Thu,8,RPAC Upper Gym Courts 1 - 2,0,241,0.0
2026-05-14 08:09:31,Thu,8,RPAC Upper Gym Courts 3 - 4 ,0,241,0.0
2026-05-14 08:09:31,Thu,8,RPAC Weight Floor,26,125,20.8
2026-05-14 08:55:12,Thu,8,RPAC 1st Floor Fitness Balcony,12,55,21.8
2026-05-14 08:55:12,Thu,8,RPAC 2nd Floor Cardio Loft,5,37,13.5
2026-05-14 08:55:12,Thu,8,RPAC Aquatic Center - Class Pool,0,32,0.0
2026-05-14 08:55:12,Thu,8,RPAC Aquatic Center - Comp Pool,0,25,0.0
2026-05-14 08:55:12,Thu,8,RPAC Aquatic Center - Hot Tub,0,15,0.0
2026-05-14 08:55:12,Thu,8,RPAC Aquatic Center - Lap Pool,6,24,25.0
2026-05-14 08:55:12,Thu,8,RPAC Aquatic Center - Leisure Pool,0,40,0.0
2026-05-14 08:55:12,Thu,8,RPAC Cardio Canyon,4,68,5.9
2026-05-14 08:55:12,Thu,8,RPAC North Gym,13,230,5.7
2026-05-14 08:55:12,Thu,8,RPAC South Gym,3,230,1.3
2026-05-14 08:55:12,Thu,8,RPAC TWD Gym Courts 1-2,0,241,0.0
2026-05-14 08:55:12,Thu,8,RPAC TWD Gym Courts 3 - 4,0,241,0.0
2026-05-14 08:55:12,Thu,8,RPAC Upper Gym Courts 1 - 2,0,241,0.0
2026-05-14 08:55:12,Thu,8,RPAC Upper Gym Courts 3 - 4 ,0,241,0.0
2026-05-14 08:55:12,Thu,8,RPAC Weight Floor,26,125,20.8
2026-05-14 09:40:14,Thu,9,RPAC 1st Floor Fitness Balcony,12,55,21.8
2026-05-14 09:40:14,Thu,9,RPAC 2nd Floor Cardio Loft,5,37,13.5
2026-05-14 09:40:14,Thu,9,RPAC Aquatic Center - Class Pool,0,32,0.0
2026-05-14 09:40:14,Thu,9,RPAC Aquatic Center - Comp Pool,0,25,0.0
2026-05-14 09:40:14,Thu,9,RPAC Aquatic Center - Hot Tub,0,15,0.0
2026-05-14 09:40:14,Thu,9,RPAC Aquatic Center - Lap Pool,6,24,25.0
2026-05-14 09:40:14,Thu,9,RPAC Aquatic Center - Leisure Pool,0,40,0.0
2026-05-14 09:40:14,Thu,9,RPAC Cardio Canyon,4,68,5.9
2026-05-14 09:40:14,Thu,9,RPAC North Gym,13,230,5.7
2026-05-14 09:40:14,Thu,9,RPAC South Gym,3,230,1.3
2026-05-14 09:40:14,Thu,9,RPAC TWD Gym Courts 1-2,0,241,0.0
2026-05-14 09:40:14,Thu,9,RPAC TWD Gym Courts 3 - 4,0,241,0.0
2026-05-14 09:40:14,Thu,9,RPAC Upper Gym Courts 1 - 2,0,241,0.0
2026-05-14 09:40:14,Thu,9,RPAC Upper Gym Courts 3 - 4 ,0,241,0.0
2026-05-14 09:40:14,Thu,9,RPAC Weight Floor,26,125,20.8
2026-05-14 10:36:49,Thu,10,RPAC 1st Floor Fitness Balcony,12,55,21.8
2026-05-14 10:36:49,Thu,10,RPAC 2nd Floor Cardio Loft,5,37,13.5
2026-05-14 10:36:49,Thu,10,RPAC Aquatic Center - Class Pool,0,32,0.0
2026-05-14 10:36:49,Thu,10,RPAC Aquatic Center - Comp Pool,0,25,0.0
2026-05-14 10:36:49,Thu,10,RPAC Aquatic Center - Hot Tub,0,15,0.0
2026-05-14 10:36:49,Thu,10,RPAC Aquatic Center - Lap Pool,6,24,25.0
2026-05-14 10:36:49,Thu,10,RPAC Aquatic Center - Leisure Pool,0,40,0.0
2026-05-14 10:36:49,Thu,10,RPAC Cardio Canyon,4,68,5.9
2026-05-14 10:36:49,Thu,10,RPAC North Gym,13,230,5.7
2026-05-14 10:36:49,Thu,10,RPAC South Gym,3,230,1.3
2026-05-14 10:36:49,Thu,10,RPAC TWD Gym Courts 1-2,0,241,0.0
2026-05-14 10:36:49,Thu,10,RPAC TWD Gym Courts 3 - 4,0,241,0.0
2026-05-14 10:36:49,Thu,10,RPAC Upper Gym Courts 1 - 2,0,241,0.0
2026-05-14 10:36:49,Thu,10,RPAC Upper Gym Courts 3 - 4 ,0,241,0.0
2026-05-14 10:36:49,Thu,10,RPAC Weight Floor,26,125,20.8
2026-05-14 11:33:04,Thu,11,RPAC 1st Floor Fitness Balcony,12,55,21.8
2026-05-14 11:33:04,Thu,11,RPAC 2nd Floor Cardio Loft,5,37,13.5
2026-05-14 11:33:04,Thu,11,RPAC Aquatic Center - Class Pool,0,32,0.0
2026-05-14 11:33:04,Thu,11,RPAC Aquatic Center - Comp Pool,0,25,0.0
2026-05-14 11:33:04,Thu,11,RPAC Aquatic Center - Hot Tub,0,15,0.0
2026-05-14 11:33:04,Thu,11,RPAC Aquatic Center - Lap Pool,6,24,25.0
2026-05-14 11:33:04,Thu,11,RPAC Aquatic Center - Leisure Pool,0,40,0.0
2026-05-14 11:33:04,Thu,11,RPAC Cardio Canyon,4,68,5.9
2026-05-14 11:33:04,Thu,11,RPAC North Gym,13,230,5.7
2026-05-14 11:33:04,Thu,11,RPAC South Gym,3,230,1.3
2026-05-14 11:33:04,Thu,11,RPAC TWD Gym Courts 1-2,0,241,0.0
2026-05-14 11:33:04,Thu,11,RPAC TWD Gym Courts 3 - 4,0,241,0.0
2026-05-14 11:33:04,Thu,11,RPAC Upper Gym Courts 1 - 2,0,241,0.0
2026-05-14 11:33:04,Thu,11,RPAC Upper Gym Courts 3 - 4 ,0,241,0.0
2026-05-14 11:33:04,Thu,11,RPAC Weight Floor,26,125,20.8
2026-05-14 12:26:15,Thu,12,RPAC 1st Floor Fitness Balcony,12,55,21.8
2026-05-14 12:26:15,Thu,12,RPAC 2nd Floor Cardio Loft,5,37,13.5
2026-05-14 12:26:15,Thu,12,RPAC Aquatic Center - Class Pool,0,32,0.0
2026-05-14 12:26:15,Thu,12,RPAC Aquatic Center - Comp Pool,0,25,0.0
2026-05-14 12:26:15,Thu,12,RPAC Aquatic Center - Hot Tub,0,15,0.0
2026-05-14 12:26:15,Thu,12,RPAC Aquatic Center - Lap Pool,6,24,25.0
2026-05-14 12:26:15,Thu,12,RPAC Aquatic Center - Leisure Pool,0,40,0.0
2026-05-14 12:26:15,Thu,12,RPAC Cardio Canyon,4,68,5.9
2026-05-14 12:26:15,Thu,12,RPAC North Gym,13,230,5.7
2026-05-14 12:26:15,Thu,12,RPAC South Gym,3,230,1.3
2026-05-14 12:26:15,Thu,12,RPAC TWD Gym Courts 1-2,0,241,0.0
2026-05-14 12:26:15,Thu,12,RPAC TWD Gym Courts 3 - 4,0,241,0.0
2026-05-14 12:26:15,Thu,12,RPAC Upper Gym Courts 1 - 2,0,241,0.0
2026-05-14 12:26:15,Thu,12,RPAC Upper Gym Courts 3 - 4 ,0,241,0.0
2026-05-14 12:26:15,Thu,12,RPAC Weight Floor,26,125,20.8
2026-05-14 13:12:59,Thu,13,RPAC 1st Floor Fitness Balcony,12,55,21.8
2026-05-14 13:12:59,Thu,13,RPAC 2nd Floor Cardio Loft,5,37,13.5
2026-05-14 13:12:59,Thu,13,RPAC Aquatic Center - Class Pool,0,32,0.0
2026-05-14 13:12:59,Thu,13,RPAC Aquatic Center - Comp Pool,0,25,0.0
2026-05-14 13:12:59,Thu,13,RPAC Aquatic Center - Hot Tub,0,15,0.0
2026-05-14 13:12:59,Thu,13,RPAC Aquatic Center - Lap Pool,6,24,25.0
2026-05-14 13:12:59,Thu,13,RPAC Aquatic Center - Leisure Pool,0,40,0.0
2026-05-14 13:12:59,Thu,13,RPAC Cardio Canyon,4,68,5.9
2026-05-14 13:12:59,Thu,13,RPAC North Gym,13,230,5.7
2026-05-14 13:12:59,Thu,13,RPAC South Gym,3,230,1.3
2026-05-14 13:12:59,Thu,13,RPAC TWD Gym Courts 1-2,0,241,0.0
2026-05-14 13:12:59,Thu,13,RPAC TWD Gym Courts 3 - 4,0,241,0.0
2026-05-14 13:12:59,Thu,13,RPAC Upper Gym Courts 1 - 2,0,241,0.0
2026-05-14 13:12:59,Thu,13,RPAC Upper Gym Courts 3 - 4 ,0,241,0.0
2026-05-14 13:12:59,Thu,13,RPAC Weight Floor,26,125,20.8
2026-05-14 13:59:24,Thu,13,RPAC 1st Floor Fitness Balcony,12,55,21.8
2026-05-14 13:59:24,Thu,13,RPAC 2nd Floor Cardio Loft,5,37,13.5
2026-05-14 13:59:24,Thu,13,RPAC Aquatic Center - Class Pool,0,32,0.0
2026-05-14 13:59:24,Thu,13,RPAC Aquatic Center - Comp Pool,0,25,0.0
2026-05-14 13:59:24,Thu,13,RPAC Aquatic Center - Hot Tub,0,15,0.0
2026-05-14 13:59:24,Thu,13,RPAC Aquatic Center - Lap Pool,6,24,25.0
2026-05-14 13:59:24,Thu,13,RPAC Aquatic Center - Leisure Pool,0,40,0.0
2026-05-14 13:59:24,Thu,13,RPAC Cardio Canyon,4,68,5.9
2026-05-14 13:59:24,Thu,13,RPAC North Gym,13,230,5.7
2026-05-14 13:59:24,Thu,13,RPAC South Gym,3,230,1.3
2026-05-14 13:59:24,Thu,13,RPAC TWD Gym Courts 1-2,0,241,0.0
2026-05-14 13:59:24,Thu,13,RPAC TWD Gym Courts 3 - 4,0,241,0.0
2026-05-14 13:59:24,Thu,13,RPAC Upper Gym Courts 1 - 2,0,241,0.0
2026-05-14 13:59:24,Thu,13,RPAC Upper Gym Courts 3 - 4 ,0,241,0.0
2026-05-14 13:59:24,Thu,13,RPAC Weight Floor,26,125,20.8
2026-05-14 14:47:40,Thu,14,RPAC 1st Floor Fitness Balcony,12,55,21.8
2026-05-14 14:47:40,Thu,14,RPAC 2nd Floor Cardio Loft,5,37,13.5
2026-05-14 14:47:40,Thu,14,RPAC Aquatic Center - Class Pool,0,32,0.0
2026-05-14 14:47:40,Thu,14,RPAC Aquatic Center - Comp Pool,0,25,0.0
2026-05-14 14:47:40,Thu,14,RPAC Aquatic Center - Hot Tub,0,15,0.0
2026-05-14 14:47:40,Thu,14,RPAC Aquatic Center - Lap Pool,6,24,25.0
2026-05-14 14:47:40,Thu,14,RPAC Aquatic Center - Leisure Pool,0,40,0.0
2026-05-14 14:47:40,Thu,14,RPAC Cardio Canyon,4,68,5.9
2026-05-14 14:47:40,Thu,14,RPAC North Gym,13,230,5.7
2026-05-14 14:47:40,Thu,14,RPAC South Gym,3,230,1.3
2026-05-14 14:47:40,Thu,14,RPAC TWD Gym Courts 1-2,0,241,0.0
2026-05-14 14:47:40,Thu,14,RPAC TWD Gym Courts 3 - 4,0,241,0.0
2026-05-14 14:47:40,Thu,14,RPAC Upper Gym Courts 1 - 2,0,241,0.0
2026-05-14 14:47:40,Thu,14,RPAC Upper Gym Courts 3 - 4 ,0,241,0.0
2026-05-14 14:47:40,Thu,14,RPAC Weight Floor,26,125,20.8
2026-05-14 15:36:10,Thu,15,RPAC 1st Floor Fitness Balcony,12,55,21.8
2026-05-14 15:36:10,Thu,15,RPAC 2nd Floor Cardio Loft,5,37,13.5
2026-05-14 15:36:10,Thu,15,RPAC Aquatic Center - Class Pool,0,32,0.0
2026-05-14 15:36:10,Thu,15,RPAC Aquatic Center - Comp Pool,0,25,0.0
2026-05-14 15:36:10,Thu,15,RPAC Aquatic Center - Hot Tub,0,15,0.0
2026-05-14 15:36:10,Thu,15,RPAC Aquatic Center - Lap Pool,6,24,25.0
2026-05-14 15:36:10,Thu,15,RPAC Aquatic Center - Leisure Pool,0,40,0.0
2026-05-14 15:36:10,Thu,15,RPAC Cardio Canyon,4,68,5.9
2026-05-14 15:36:10,Thu,15,RPAC North Gym,13,230,5.7
2026-05-14 15:36:10,Thu,15,RPAC South Gym,3,230,1.3
2026-05-14 15:36:10,Thu,15,RPAC TWD Gym Courts 1-2,0,241,0.0
2026-05-14 15:36:10,Thu,15,RPAC TWD Gym Courts 3 - 4,0,241,0.0
2026-05-14 15:36:10,Thu,15,RPAC Upper Gym Courts 1 - 2,0,241,0.0
2026-05-14 15:36:10,Thu,15,RPAC Upper Gym Courts 3 - 4 ,0,241,0.0
2026-05-14 15:36:10,Thu,15,RPAC Weight Floor,26,125,20.8
2026-05-14 16:18:52,Thu,16,RPAC 1st Floor Fitness Balcony,12,55,21.8
2026-05-14 16:18:52,Thu,16,RPAC 2nd Floor Cardio Loft,5,37,13.5
2026-05-14 16:18:52,Thu,16,RPAC Aquatic Center - Class Pool,0,32,0.0
2026-05-14 16:18:52,Thu,16,RPAC Aquatic Center - Comp Pool,0,25,0.0
2026-05-14 16:18:52,Thu,16,RPAC Aquatic Center - Hot Tub,0,15,0.0
2026-05-14 16:18:52,Thu,16,RPAC Aquatic Center - Lap Pool,6,24,25.0
2026-05-14 16:18:52,Thu,16,RPAC Aquatic Center - Leisure Pool,0,40,0.0
2026-05-14 16:18:52,Thu,16,RPAC Cardio Canyon,4,68,5.9
2026-05-14 16:18:52,Thu,16,RPAC North Gym,13,230,5.7
2026-05-14 16:18:52,Thu,16,RPAC South Gym,3,230,1.3
2026-05-14 16:18:52,Thu,16,RPAC TWD Gym Courts 1-2,0,241,0.0
2026-05-14 16:18:52,Thu,16,RPAC TWD Gym Courts 3 - 4,0,241,0.0
2026-05-14 16:18:52,Thu,16,RPAC Upper Gym Courts 1 - 2,0,241,0.0
2026-05-14 16:18:52,Thu,16,RPAC Upper Gym Courts 3 - 4 ,0,241,0.0
2026-05-14 16:18:52,Thu,16,RPAC Weight Floor,26,125,20.8
2026-05-14 16:57:23,Thu,16,RPAC 1st Floor Fitness Balcony,12,55,21.8
2026-05-14 16:57:23,Thu,16,RPAC 2nd Floor Cardio Loft,5,37,13.5
2026-05-14 16:57:23,Thu,16,RPAC Aquatic Center - Class Pool,0,32,0.0
2026-05-14 16:57:23,Thu,16,RPAC Aquatic Center - Comp Pool,0,25,0.0
2026-05-14 16:57:23,Thu,16,RPAC Aquatic Center - Hot Tub,0,15,0.0
2026-05-14 16:57:23,Thu,16,RPAC Aquatic Center - Lap Pool,6,24,25.0
2026-05-14 16:57:23,Thu,16,RPAC Aquatic Center - Leisure Pool,0,40,0.0
2026-05-14 16:57:23,Thu,16,RPAC Cardio Canyon,4,68,5.9
2026-05-14 16:57:23,Thu,16,RPAC North Gym,13,230,5.7
2026-05-14 16:57:23,Thu,16,RPAC South Gym,3,230,1.3
2026-05-14 16:57:23,Thu,16,RPAC TWD Gym Courts 1-2,0,241,0.0
2026-05-14 16:57:23,Thu,16,RPAC TWD Gym Courts 3 - 4,0,241,0.0
2026-05-14 16:57:23,Thu,16,RPAC Upper Gym Courts 1 - 2,0,241,0.0
2026-05-14 16:57:23,Thu,16,RPAC Upper Gym Courts 3 - 4 ,0,241,0.0
2026-05-14 16:57:23,Thu,16,RPAC Weight Floor,26,125,20.8
2026-05-14 17:33:45,Thu,17,RPAC 1st Floor Fitness Balcony,12,55,21.8
2026-05-14 17:33:45,Thu,17,RPAC 2nd Floor Cardio Loft,5,37,13.5
2026-05-14 17:33:45,Thu,17,RPAC Aquatic Center - Class Pool,0,32,0.0
2026-05-14 17:33:45,Thu,17,RPAC Aquatic Center - Comp Pool,0,25,0.0
2026-05-14 17:33:45,Thu,17,RPAC Aquatic Center - Hot Tub,0,15,0.0
2026-05-14 17:33:45,Thu,17,RPAC Aquatic Center - Lap Pool,6,24,25.0
2026-05-14 17:33:45,Thu,17,RPAC Aquatic Center - Leisure Pool,0,40,0.0
2026-05-14 17:33:45,Thu,17,RPAC Cardio Canyon,4,68,5.9
2026-05-14 17:33:45,Thu,17,RPAC North Gym,13,230,5.7
2026-05-14 17:33:45,Thu,17,RPAC South Gym,3,230,1.3
2026-05-14 17:33:45,Thu,17,RPAC TWD Gym Courts 1-2,0,241,0.0
2026-05-14 17:33:45,Thu,17,RPAC TWD Gym Courts 3 - 4,0,241,0.0
2026-05-14 17:33:45,Thu,17,RPAC Upper Gym Courts 1 - 2,0,241,0.0
2026-05-14 17:33:45,Thu,17,RPAC Upper Gym Courts 3 - 4 ,0,241,0.0
2026-05-14 17:33:45,Thu,17,RPAC Weight Floor,26,125,20.8
2026-05-14 18:10:46,Thu,18,RPAC 1st Floor Fitness Balcony,12,55,21.8
2026-05-14 18:10:46,Thu,18,RPAC 2nd Floor Cardio Loft,5,37,13.5
2026-05-14 18:10:46,Thu,18,RPAC Aquatic Center - Class Pool,0,32,0.0
2026-05-14 18:10:46,Thu,18,RPAC Aquatic Center - Comp Pool,0,25,0.0
2026-05-14 18:10:46,Thu,18,RPAC Aquatic Center - Hot Tub,0,15,0.0
2026-05-14 18:10:46,Thu,18,RPAC Aquatic Center - Lap Pool,6,24,25.0
2026-05-14 18:10:46,Thu,18,RPAC Aquatic Center - Leisure Pool,0,40,0.0
2026-05-14 18:10:46,Thu,18,RPAC Cardio Canyon,4,68,5.9
2026-05-14 18:10:46,Thu,18,RPAC North Gym,13,230,5.7
2026-05-14 18:10:46,Thu,18,RPAC South Gym,3,230,1.3
2026-05-14 18:10:46,Thu,18,RPAC TWD Gym Courts 1-2,0,241,0.0
2026-05-14 18:10:46,Thu,18,RPAC TWD Gym Courts 3 - 4,0,241,0.0
2026-05-14 18:10:46,Thu,18,RPAC Upper Gym Courts 1 - 2,0,241,0.0
2026-05-14 18:10:46,Thu,18,RPAC Upper Gym Courts 3 - 4 ,0,241,0.0
2026-05-14 18:10:46,Thu,18,RPAC Weight Floor,26,125,20.8
2026-05-14 18:38:30,Thu,18,RPAC 1st Floor Fitness Balcony,12,55,21.8
2026-05-14 18:38:30,Thu,18,RPAC 2nd Floor Cardio Loft,5,37,13.5
2026-05-14 18:38:30,Thu,18,RPAC Aquatic Center - Class Pool,0,32,0.0
2026-05-14 18:38:30,Thu,18,RPAC Aquatic Center - Comp Pool,0,25,0.0
2026-05-14 18:38:30,Thu,18,RPAC Aquatic Center - Hot Tub,0,15,0.0
2026-05-14 18:38:30,Thu,18,RPAC Aquatic Center - Lap Pool,6,24,25.0
2026-05-14 18:38:30,Thu,18,RPAC Aquatic Center - Leisure Pool,0,40,0.0
2026-05-14 18:38:30,Thu,18,RPAC Cardio Canyon,4,68,5.9
2026-05-14 18:38:30,Thu,18,RPAC North Gym,13,230,5.7
2026-05-14 18:38:30,Thu,18,RPAC South Gym,3,230,1.3
2026-05-14 18:38:30,Thu,18,RPAC TWD Gym Courts 1-2,0,241,0.0
2026-05-14 18:38:30,Thu,18,RPAC TWD Gym Courts 3 - 4,0,241,0.0
2026-05-14 18:38:30,Thu,18,RPAC Upper Gym Courts 1 - 2,0,241,0.0
2026-05-14 18:38:30,Thu,18,RPAC Upper Gym Courts 3 - 4 ,0,241,0.0
2026-05-14 18:38:30,Thu,18,RPAC Weight Floor,26,125,20.8
2026-05-14 19:07:32,Thu,19,RPAC 1st Floor Fitness Balcony,12,55,21.8
2026-05-14 19:07:32,Thu,19,RPAC 2nd Floor Cardio Loft,5,37,13.5
2026-05-14 19:07:32,Thu,19,RPAC Aquatic Center - Class Pool,0,32,0.0
2026-05-14 19:07:32,Thu,19,RPAC Aquatic Center - Comp Pool,0,25,0.0
2026-05-14 19:07:32,Thu,19,RPAC Aquatic Center - Hot Tub,0,15,0.0
2026-05-14 19:07:32,Thu,19,RPAC Aquatic Center - Lap Pool,6,24,25.0
2026-05-14 19:07:32,Thu,19,RPAC Aquatic Center - Leisure Pool,0,40,0.0
2026-05-14 19:07:32,Thu,19,RPAC Cardio Canyon,4,68,5.9
2026-05-14 19:07:32,Thu,19,RPAC North Gym,13,230,5.7
2026-05-14 19:07:32,Thu,19,RPAC South Gym,3,230,1.3
2026-05-14 19:07:32,Thu,19,RPAC TWD Gym Courts 1-2,0,241,0.0
2026-05-14 19:07:32,Thu,19,RPAC TWD Gym Courts 3 - 4,0,241,0.0
2026-05-14 19:07:32,Thu,19,RPAC Upper Gym Courts 1 - 2,0,241,0.0
2026-05-14 19:07:32,Thu,19,RPAC Upper Gym Courts 3 - 4 ,0,241,0.0
2026-05-14 19:07:32,Thu,19,RPAC Weight Floor,26,125,20.8
2026-05-14 19:34:42,Thu,19,RPAC 1st Floor Fitness Balcony,12,55,21.8
2026-05-14 19:34:42,Thu,19,RPAC 2nd Floor Cardio Loft,5,37,13.5
2026-05-14 19:34:42,Thu,19,RPAC Aquatic Center - Class Pool,0,32,0.0
2026-05-14 19:34:42,Thu,19,RPAC Aquatic Center - Comp Pool,0,25,0.0
2026-05-14 19:34:42,Thu,19,RPAC Aquatic Center - Hot Tub,0,15,0.0
2026-05-14 19:34:42,Thu,19,RPAC Aquatic Center - Lap Pool,6,24,25.0
2026-05-14 19:34:42,Thu,19,RPAC Aquatic Center - Leisure Pool,0,40,0.0
2026-05-14 19:34:42,Thu,19,RPAC Cardio Canyon,4,68,5.9
2026-05-14 19:34:42,Thu,19,RPAC North Gym,13,230,5.7
2026-05-14 19:34:42,Thu,19,RPAC South Gym,3,230,1.3
2026-05-14 19:34:42,Thu,19,RPAC TWD Gym Courts 1-2,0,241,0.0
2026-05-14 19:34:42,Thu,19,RPAC TWD Gym Courts 3 - 4,0,241,0.0
2026-05-14 19:34:42,Thu,19,RPAC Upper Gym Courts 1 - 2,0,241,0.0
2026-05-14 19:34:42,Thu,19,RPAC Upper Gym Courts 3 - 4 ,0,241,0.0
2026-05-14 19:34:42,Thu,19,RPAC Weight Floor,26,125,20.8
2026-05-14 20:06:55,Thu,20,RPAC 1st Floor Fitness Balcony,12,55,21.8
2026-05-14 20:06:55,Thu,20,RPAC 2nd Floor Cardio Loft,5,37,13.5
2026-05-14 20:06:55,Thu,20,RPAC Aquatic Center - Class Pool,0,32,0.0
2026-05-14 20:06:55,Thu,20,RPAC Aquatic Center - Comp Pool,0,25,0.0
2026-05-14 20:06:55,Thu,20,RPAC Aquatic Center - Hot Tub,0,15,0.0
2026-05-14 20:06:55,Thu,20,RPAC Aquatic Center - Lap Pool,6,24,25.0
2026-05-14 20:06:55,Thu,20,RPAC Aquatic Center - Leisure Pool,0,40,0.0
2026-05-14 20:06:55,Thu,20,RPAC Cardio Canyon,4,68,5.9
2026-05-14 20:06:55,Thu,20,RPAC North Gym,13,230,5.7
2026-05-14 20:06:55,Thu,20,RPAC South Gym,3,230,1.3
2026-05-14 20:06:55,Thu,20,RPAC TWD Gym Courts 1-2,0,241,0.0
2026-05-14 20:06:55,Thu,20,RPAC TWD Gym Courts 3 - 4,0,241,0.0
2026-05-14 20:06:55,Thu,20,RPAC Upper Gym Courts 1 - 2,0,241,0.0
2026-05-14 20:06:55,Thu,20,RPAC Upper Gym Courts 3 - 4 ,0,241,0.0
2026-05-14 20:06:55,Thu,20,RPAC Weight Floor,26,125,20.8
2026-05-14 21:12:57,Thu,21,RPAC 1st Floor Fitness Balcony,12,55,21.8
2026-05-14 21:12:57,Thu,21,RPAC 2nd Floor Cardio Loft,5,37,13.5
2026-05-14 21:12:57,Thu,21,RPAC Aquatic Center - Class Pool,0,32,0.0
2026-05-14 21:12:57,Thu,21,RPAC Aquatic Center - Comp Pool,0,25,0.0
2026-05-14 21:12:57,Thu,21,RPAC Aquatic Center - Hot Tub,0,15,0.0
2026-05-14 21:12:57,Thu,21,RPAC Aquatic Center - Lap Pool,6,24,25.0
2026-05-14 21:12:57,Thu,21,RPAC Aquatic Center - Leisure Pool,0,40,0.0
2026-05-14 21:12:57,Thu,21,RPAC Cardio Canyon,4,68,5.9
2026-05-14 21:12:57,Thu,21,RPAC North Gym,13,230,5.7
2026-05-14 21:12:57,Thu,21,RPAC South Gym,3,230,1.3
2026-05-14 21:12:57,Thu,21,RPAC TWD Gym Courts 1-2,0,241,0.0
2026-05-14 21:12:57,Thu,21,RPAC TWD Gym Courts 3 - 4,0,241,0.0
2026-05-14 21:12:57,Thu,21,RPAC Upper Gym Courts 1 - 2,0,241,0.0
2026-05-14 21:12:57,Thu,21,RPAC Upper Gym Courts 3 - 4 ,0,241,0.0
2026-05-14 21:12:57,Thu,21,RPAC Weight Floor,26,125,20.8
2026-05-14 22:01:55,Thu,22,RPAC 1st Floor Fitness Balcony,12,55,21.8
2026-05-14 22:01:55,Thu,22,RPAC 2nd Floor Cardio Loft,5,37,13.5
2026-05-14 22:01:55,Thu,22,RPAC Aquatic Center - Class Pool,0,32,0.0
2026-05-14 22:01:55,Thu,22,RPAC Aquatic Center - Comp Pool,0,25,0.0
2026-05-14 22:01:55,Thu,22,RPAC Aquatic Center - Hot Tub,0,15,0.0
2026-05-14 22:01:55,Thu,22,RPAC Aquatic Center - Lap Pool,6,24,25.0
2026-05-14 22:01:55,Thu,22,RPAC Aquatic Center - Leisure Pool,0,40,0.0
2026-05-14 22:01:55,Thu,22,RPAC Cardio Canyon,4,68,5.9
2026-05-14 22:01:55,Thu,22,RPAC North Gym,13,230,5.7
2026-05-14 22:01:55,Thu,22,RPAC South Gym,3,230,1.3
2026-05-14 22:01:55,Thu,22,RPAC TWD Gym Courts 1-2,0,241,0.0
2026-05-14 22:01:55,Thu,22,RPAC TWD Gym Courts 3 - 4,0,241,0.0
2026-05-14 22:01:55,Thu,22,RPAC Upper Gym Courts 1 - 2,0,241,0.0
2026-05-14 22:01:55,Thu,22,RPAC Upper Gym Courts 3 - 4 ,0,241,0.0
2026-05-14 22:01:55,Thu,22,RPAC Weight Floor,26,125,20.8
2026-05-14 23:25:46,Thu,23,RPAC 1st Floor Fitness Balcony,12,55,21.8
2026-05-14 23:25:46,Thu,23,RPAC 2nd Floor Cardio Loft,5,37,13.5
2026-05-14 23:25:46,Thu,23,RPAC Aquatic Center - Class Pool,0,32,0.0
2026-05-14 23:25:46,Thu,23,RPAC Aquatic Center - Comp Pool,0,25,0.0
2026-05-14 23:25:46,Thu,23,RPAC Aquatic Center - Hot Tub,0,15,0.0
2026-05-14 23:25:46,Thu,23,RPAC Aquatic Center - Lap Pool,6,24,25.0
2026-05-14 23:25:46,Thu,23,RPAC Aquatic Center - Leisure Pool,0,40,0.0
2026-05-14 23:25:46,Thu,23,RPAC Cardio Canyon,4,68,5.9
2026-05-14 23:25:46,Thu,23,RPAC North Gym,13,230,5.7
2026-05-14 23:25:46,Thu,23,RPAC South Gym,3,230,1.3
2026-05-14 23:25:46,Thu,23,RPAC TWD Gym Courts 1-2,0,241,0.0
2026-05-14 23:25:46,Thu,23,RPAC TWD Gym Courts 3 - 4,0,241,0.0
2026-05-14 23:25:46,Thu,23,RPAC Upper Gym Courts 1 - 2,0,241,0.0
2026-05-14 23:25:46,Thu,23,RPAC Upper Gym Courts 3 - 4 ,0,241,0.0
2026-05-14 23:25:46,Thu,23,RPAC Weight Floor,26,125,20.8
2026-05-15 00:49:24,Fri,0,RPAC 1st Floor Fitness Balcony,12,55,21.8
2026-05-15 00:49:24,Fri,0,RPAC 2nd Floor Cardio Loft,5,37,13.5
2026-05-15 00:49:24,Fri,0,RPAC Aquatic Center - Class Pool,0,32,0.0
2026-05-15 00:49:24,Fri,0,RPAC Aquatic Center - Comp Pool,0,25,0.0
2026-05-15 00:49:24,Fri,0,RPAC Aquatic Center - Hot Tub,0,15,0.0
2026-05-15 00:49:24,Fri,0,RPAC Aquatic Center - Lap Pool,6,24,25.0
2026-05-15 00:49:24,Fri,0,RPAC Aquatic Center - Leisure Pool,0,40,0.0
2026-05-15 00:49:24,Fri,0,RPAC Cardio Canyon,4,68,5.9
2026-05-15 00:49:24,Fri,0,RPAC North Gym,13,230,5.7
2026-05-15 00:49:24,Fri,0,RPAC South Gym,3,230,1.3
2026-05-15 00:49:24,Fri,0,RPAC TWD Gym Courts 1-2,0,241,0.0
2026-05-15 00:49:24,Fri,0,RPAC TWD Gym Courts 3 - 4,0,241,0.0
2026-05-15 00:49:24,Fri,0,RPAC Upper Gym Courts 1 - 2,0,241,0.0
2026-05-15 00:49:24,Fri,0,RPAC Upper Gym Courts 3 - 4 ,0,241,0.0
2026-05-15 00:49:24,Fri,0,RPAC Weight Floor,26,125,20.8
2026-05-15 02:16:26,Fri,2,RPAC 1st Floor Fitness Balcony,12,55,21.8
2026-05-15 02:16:26,Fri,2,RPAC 2nd Floor Cardio Loft,5,37,13.5
2026-05-15 02:16:26,Fri,2,RPAC Aquatic Center - Class Pool,0,32,0.0
2026-05-15 02:16:26,Fri,2,RPAC Aquatic Center - Comp Pool,0,25,0.0
2026-05-15 02:16:26,Fri,2,RPAC Aquatic Center - Hot Tub,0,15,0.0
2026-05-15 02:16:26,Fri,2,RPAC Aquatic Center - Lap Pool,6,24,25.0
2026-05-15 02:16:26,Fri,2,RPAC Aquatic Center - Leisure Pool,0,40,0.0
2026-05-15 02:16:26,Fri,2,RPAC Cardio Canyon,4,68,5.9
2026-05-15 02:16:26,Fri,2,RPAC North Gym,13,230,5.7
2026-05-15 02:16:26,Fri,2,RPAC South Gym,3,230,1.3
2026-05-15 02:16:26,Fri,2,RPAC TWD Gym Courts 1-2,0,241,0.0
2026-05-15 02:16:26,Fri,2,RPAC TWD Gym Courts 3 - 4,0,241,0.0
2026-05-15 02:16:26,Fri,2,RPAC Upper Gym Courts 1 - 2,0,241,0.0
2026-05-15 02:16:26,Fri,2,RPAC Upper Gym Courts 3 - 4 ,0,241,0.0
2026-05-15 02:16:26,Fri,2,RPAC Weight Floor,26,125,20.8
2026-05-15 03:37:14,Fri,3,RPAC 1st Floor Fitness Balcony,12,55,21.8
2026-05-15 03:37:14,Fri,3,RPAC 2nd Floor Cardio Loft,5,37,13.5
2026-05-15 03:37:14,Fri,3,RPAC Aquatic Center - Class Pool,0,32,0.0
2026-05-15 03:37:14,Fri,3,RPAC Aquatic Center - Comp Pool,0,25,0.0
2026-05-15 03:37:14,Fri,3,RPAC Aquatic Center - Hot Tub,0,15,0.0
2026-05-15 03:37:14,Fri,3,RPAC Aquatic Center - Lap Pool,6,24,25.0
2026-05-15 03:37:14,Fri,3,RPAC Aquatic Center - Leisure Pool,0,40,0.0
2026-05-15 03:37:14,Fri,3,RPAC Cardio Canyon,4,68,5.9
2026-05-15 03:37:14,Fri,3,RPAC North Gym,13,230,5.7
2026-05-15 03:37:14,Fri,3,RPAC South Gym,3,230,1.3
2026-05-15 03:37:14,Fri,3,RPAC TWD Gym Courts 1-2,0,241,0.0
2026-05-15 03:37:14,Fri,3,RPAC TWD Gym Courts 3 - 4,0,241,0.0
2026-05-15 03:37:14,Fri,3,RPAC Upper Gym Courts 1 - 2,0,241,0.0
2026-05-15 03:37:14,Fri,3,RPAC Upper Gym Courts 3 - 4 ,0,241,0.0
2026-05-15 03:37:14,Fri,3,RPAC Weight Floor,26,125,20.8
2026-05-15 04:41:49,Fri,4,RPAC 1st Floor Fitness Balcony,12,55,21.8
2026-05-15 04:41:49,Fri,4,RPAC 2nd Floor Cardio Loft,5,37,13.5
2026-05-15 04:41:49,Fri,4,RPAC Aquatic Center - Class Pool,0,32,0.0
2026-05-15 04:41:49,Fri,4,RPAC Aquatic Center - Comp Pool,0,25,0.0
2026-05-15 04:41:49,Fri,4,RPAC Aquatic Center - Hot Tub,0,15,0.0
2026-05-15 04:41:49,Fri,4,RPAC Aquatic Center - Lap Pool,6,24,25.0
2026-05-15 04:41:49,Fri,4,RPAC Aquatic Center - Leisure Pool,0,40,0.0
2026-05-15 04:41:49,Fri,4,RPAC Cardio Canyon,4,68,5.9
2026-05-15 04:41:49,Fri,4,RPAC North Gym,13,230,5.7
2026-05-15 04:41:49,Fri,4,RPAC South Gym,3,230,1.3
2026-05-15 04:41:49,Fri,4,RPAC TWD Gym Courts 1-2,0,241,0.0
2026-05-15 04:41:49,Fri,4,RPAC TWD Gym Courts 3 - 4,0,241,0.0
2026-05-15 04:41:49,Fri,4,RPAC Upper Gym Courts 1 - 2,0,241,0.0
2026-05-15 04:41:49,Fri,4,RPAC Upper Gym Courts 3 - 4 ,0,241,0.0
2026-05-15 04:41:49,Fri,4,RPAC Weight Floor,26,125,20.8
2026-05-15 05:43:53,Fri,5,RPAC 1st Floor Fitness Balcony,12,55,21.8
2026-05-15 05:43:53,Fri,5,RPAC 2nd Floor Cardio Loft,5,37,13.5
2026-05-15 05:43:53,Fri,5,RPAC Aquatic Center - Class Pool,0,32,0.0
2026-05-15 05:43:53,Fri,5,RPAC Aquatic Center - Comp Pool,0,25,0.0
2026-05-15 05:43:53,Fri,5,RPAC Aquatic Center - Hot Tub,0,15,0.0
2026-05-15 05:43:53,Fri,5,RPAC Aquatic Center - Lap Pool,6,24,25.0
2026-05-15 05:43:53,Fri,5,RPAC Aquatic Center - Leisure Pool,0,40,0.0
2026-05-15 05:43:53,Fri,5,RPAC Cardio Canyon,4,68,5.9
2026-05-15 05:43:53,Fri,5,RPAC North Gym,13,230,5.7
2026-05-15 05:43:53,Fri,5,RPAC South Gym,3,230,1.3
2026-05-15 05:43:53,Fri,5,RPAC TWD Gym Courts 1-2,0,241,0.0
2026-05-15 05:43:53,Fri,5,RPAC TWD Gym Courts 3 - 4,0,241,0.0
2026-05-15 05:43:53,Fri,5,RPAC Upper Gym Courts 1 - 2,0,241,0.0
2026-05-15 05:43:53,Fri,5,RPAC Upper Gym Courts 3 - 4 ,0,241,0.0
2026-05-15 05:43:53,Fri,5,RPAC Weight Floor,26,125,20.8
2026-05-15 06:38:13,Fri,6,RPAC 1st Floor Fitness Balcony,12,55,21.8
2026-05-15 06:38:13,Fri,6,RPAC 2nd Floor Cardio Loft,5,37,13.5
2026-05-15 06:38:13,Fri,6,RPAC Aquatic Center - Class Pool,0,32,0.0
2026-05-15 06:38:13,Fri,6,RPAC Aquatic Center - Comp Pool,0,25,0.0
2026-05-15 06:38:13,Fri,6,RPAC Aquatic Center - Hot Tub,0,15,0.0
2026-05-15 06:38:13,Fri,6,RPAC Aquatic Center - Lap Pool,6,24,25.0
2026-05-15 06:38:13,Fri,6,RPAC Aquatic Center - Leisure Pool,0,40,0.0
2026-05-15 06:38:13,Fri,6,RPAC Cardio Canyon,4,68,5.9
2026-05-15 06:38:13,Fri,6,RPAC North Gym,13,230,5.7
2026-05-15 06:38:13,Fri,6,RPAC South Gym,3,230,1.3
2026-05-15 06:38:13,Fri,6,RPAC TWD Gym Courts 1-2,0,241,0.0
2026-05-15 06:38:13,Fri,6,RPAC TWD Gym Courts 3 - 4,0,241,0.0
2026-05-15 06:38:13,Fri,6,RPAC Upper Gym Courts 1 - 2,0,241,0.0
2026-05-15 06:38:13,Fri,6,RPAC Upper Gym Courts 3 - 4 ,0,241,0.0
2026-05-15 06:38:13,Fri,6,RPAC Weight Floor,26,125,20.8
2026-05-15 07:31:16,Fri,7,RPAC 1st Floor Fitness Balcony,12,55,21.8
2026-05-15 07:31:16,Fri,7,RPAC 2nd Floor Cardio Loft,5,37,13.5
2026-05-15 07:31:16,Fri,7,RPAC Aquatic Center - Class Pool,0,32,0.0
2026-05-15 07:31:16,Fri,7,RPAC Aquatic Center - Comp Pool,0,25,0.0
2026-05-15 07:31:16,Fri,7,RPAC Aquatic Center - Hot Tub,0,15,0.0
2026-05-15 07:31:16,Fri,7,RPAC Aquatic Center - Lap Pool,6,24,25.0
2026-05-15 07:31:16,Fri,7,RPAC Aquatic Center - Leisure Pool,0,40,0.0
2026-05-15 07:31:16,Fri,7,RPAC Cardio Canyon,4,68,5.9
2026-05-15 07:31:16,Fri,7,RPAC North Gym,13,230,5.7
2026-05-15 07:31:16,Fri,7,RPAC South Gym,3,230,1.3
2026-05-15 07:31:16,Fri,7,RPAC TWD Gym Courts 1-2,0,241,0.0
2026-05-15 07:31:16,Fri,7,RPAC TWD Gym Courts 3 - 4,0,241,0.0
2026-05-15 07:31:16,Fri,7,RPAC Upper Gym Courts 1 - 2,0,241,0.0
2026-05-15 07:31:16,Fri,7,RPAC Upper Gym Courts 3 - 4 ,0,241,0.0
2026-05-15 07:31:16,Fri,7,RPAC Weight Floor,26,125,20.8
2026-05-15 08:21:07,Fri,8,RPAC 1st Floor Fitness Balcony,12,55,21.8
2026-05-15 08:21:07,Fri,8,RPAC 2nd Floor Cardio Loft,5,37,13.5
2026-05-15 08:21:07,Fri,8,RPAC Aquatic Center - Class Pool,0,32,0.0
2026-05-15 08:21:07,Fri,8,RPAC Aquatic Center - Comp Pool,0,25,0.0
2026-05-15 08:21:07,Fri,8,RPAC Aquatic Center - Hot Tub,0,15,0.0
2026-05-15 08:21:07,Fri,8,RPAC Aquatic Center - Lap Pool,6,24,25.0
2026-05-15 08:21:07,Fri,8,RPAC Aquatic Center - Leisure Pool,0,40,0.0
2026-05-15 08:21:07,Fri,8,RPAC Cardio Canyon,4,68,5.9
2026-05-15 08:21:07,Fri,8,RPAC North Gym,13,230,5.7
2026-05-15 08:21:07,Fri,8,RPAC South Gym,3,230,1.3
2026-05-15 08:21:07,Fri,8,RPAC TWD Gym Courts 1-2,0,241,0.0
2026-05-15 08:21:07,Fri,8,RPAC TWD Gym Courts 3 - 4,0,241,0.0
2026-05-15 08:21:07,Fri,8,RPAC Upper Gym Courts 1 - 2,0,241,0.0
2026-05-15 08:21:07,Fri,8,RPAC Upper Gym Courts 3 - 4 ,0,241,0.0
2026-05-15 08:21:07,Fri,8,RPAC Weight Floor,26,125,20.8
2026-05-15 09:59:00,Fri,9,RPAC 1st Floor Fitness Balcony,12,55,21.8
2026-05-15 09:59:00,Fri,9,RPAC 2nd Floor Cardio Loft,5,37,13.5
2026-05-15 09:59:00,Fri,9,RPAC Aquatic Center - Class Pool,0,32,0.0
2026-05-15 09:59:00,Fri,9,RPAC Aquatic Center - Comp Pool,0,25,0.0
2026-05-15 09:59:00,Fri,9,RPAC Aquatic Center - Hot Tub,0,15,0.0
2026-05-15 09:59:00,Fri,9,RPAC Aquatic Center - Lap Pool,6,24,25.0
2026-05-15 09:59:00,Fri,9,RPAC Aquatic Center - Leisure Pool,0,40,0.0
2026-05-15 09:59:00,Fri,9,RPAC Cardio Canyon,4,68,5.9
2026-05-15 09:59:00,Fri,9,RPAC North Gym,13,230,5.7
2026-05-15 09:59:00,Fri,9,RPAC South Gym,3,230,1.3
2026-05-15 09:59:00,Fri,9,RPAC TWD Gym Courts 1-2,0,241,0.0
2026-05-15 09:59:00,Fri,9,RPAC TWD Gym Courts 3 - 4,0,241,0.0
2026-05-15 09:59:00,Fri,9,RPAC Upper Gym Courts 1 - 2,0,241,0.0
2026-05-15 09:59:00,Fri,9,RPAC Upper Gym Courts 3 - 4 ,0,241,0.0
2026-05-15 09:59:00,Fri,9,RPAC Weight Floor,26,125,20.8
2026-05-15 10:57:52,Fri,10,RPAC 1st Floor Fitness Balcony,12,55,21.8
2026-05-15 10:57:52,Fri,10,RPAC 2nd Floor Cardio Loft,5,37,13.5
2026-05-15 10:57:52,Fri,10,RPAC Aquatic Center - Class Pool,0,32,0.0
2026-05-15 10:57:52,Fri,10,RPAC Aquatic Center - Comp Pool,0,25,0.0
2026-05-15 10:57:52,Fri,10,RPAC Aquatic Center - Hot Tub,0,15,0.0
2026-05-15 10:57:52,Fri,10,RPAC Aquatic Center - Lap Pool,6,24,25.0
2026-05-15 10:57:52,Fri,10,RPAC Aquatic Center - Leisure Pool,0,40,0.0
2026-05-15 10:57:52,Fri,10,RPAC Cardio Canyon,4,68,5.9
2026-05-15 10:57:52,Fri,10,RPAC North Gym,13,230,5.7
2026-05-15 10:57:52,Fri,10,RPAC South Gym,3,230,1.3
2026-05-15 10:57:52,Fri,10,RPAC TWD Gym Courts 1-2,0,241,0.0
2026-05-15 10:57:52,Fri,10,RPAC TWD Gym Courts 3 - 4,0,241,0.0
2026-05-15 10:57:52,Fri,10,RPAC Upper Gym Courts 1 - 2,0,241,0.0
2026-05-15 10:57:52,Fri,10,RPAC Upper Gym Courts 3 - 4 ,0,241,0.0
2026-05-15 10:57:52,Fri,10,RPAC Weight Floor,26,125,20.8
2026-05-15 11:49:52,Fri,11,RPAC 1st Floor Fitness Balcony,12,55,21.8
2026-05-15 11:49:52,Fri,11,RPAC 2nd Floor Cardio Loft,5,37,13.5
2026-05-15 11:49:52,Fri,11,RPAC Aquatic Center - Class Pool,0,32,0.0
2026-05-15 11:49:52,Fri,11,RPAC Aquatic Center - Comp Pool,0,25,0.0
2026-05-15 11:49:52,Fri,11,RPAC Aquatic Center - Hot Tub,0,15,0.0
2026-05-15 11:49:52,Fri,11,RPAC Aquatic Center - Lap Pool,6,24,25.0
2026-05-15 11:49:52,Fri,11,RPAC Aquatic Center - Leisure Pool,0,40,0.0
2026-05-15 11:49:52,Fri,11,RPAC Cardio Canyon,4,68,5.9
2026-05-15 11:49:52,Fri,11,RPAC North Gym,13,230,5.7
2026-05-15 11:49:52,Fri,11,RPAC South Gym,3,230,1.3
2026-05-15 11:49:52,Fri,11,RPAC TWD Gym Courts 1-2,0,241,0.0
2026-05-15 11:49:52,Fri,11,RPAC TWD Gym Courts 3 - 4,0,241,0.0
2026-05-15 11:49:52,Fri,11,RPAC Upper Gym Courts 1 - 2,0,241,0.0
2026-05-15 11:49:52,Fri,11,RPAC Upper Gym Courts 3 - 4 ,0,241,0.0
2026-05-15 11:49:52,Fri,11,RPAC Weight Floor,26,125,20.8
2026-05-15 12:40:23,Fri,12,RPAC 1st Floor Fitness Balcony,12,55,21.8
2026-05-15 12:40:23,Fri,12,RPAC 2nd Floor Cardio Loft,5,37,13.5
2026-05-15 12:40:23,Fri,12,RPAC Aquatic Center - Class Pool,0,32,0.0
2026-05-15 12:40:23,Fri,12,RPAC Aquatic Center - Comp Pool,0,25,0.0
2026-05-15 12:40:23,Fri,12,RPAC Aquatic Center - Hot Tub,0,15,0.0
2026-05-15 12:40:23,Fri,12,RPAC Aquatic Center - Lap Pool,6,24,25.0
2026-05-15 12:40:23,Fri,12,RPAC Aquatic Center - Leisure Pool,0,40,0.0
2026-05-15 12:40:23,Fri,12,RPAC Cardio Canyon,4,68,5.9
2026-05-15 12:40:23,Fri,12,RPAC North Gym,13,230,5.7
2026-05-15 12:40:23,Fri,12,RPAC South Gym,3,230,1.3
2026-05-15 12:40:23,Fri,12,RPAC TWD Gym Courts 1-2,0,241,0.0
2026-05-15 12:40:23,Fri,12,RPAC TWD Gym Courts 3 - 4,0,241,0.0
2026-05-15 12:40:23,Fri,12,RPAC Upper Gym Courts 1 - 2,0,241,0.0
2026-05-15 12:40:23,Fri,12,RPAC Upper Gym Courts 3 - 4 ,0,241,0.0
2026-05-15 12:40:23,Fri,12,RPAC Weight Floor,26,125,20.8
2026-05-15 13:16:12,Fri,13,RPAC 1st Floor Fitness Balcony,12,55,21.8
2026-05-15 13:16:12,Fri,13,RPAC 2nd Floor Cardio Loft,5,37,13.5
2026-05-15 13:16:12,Fri,13,RPAC Aquatic Center - Class Pool,0,32,0.0
2026-05-15 13:16:12,Fri,13,RPAC Aquatic Center - Comp Pool,0,25,0.0
2026-05-15 13:16:12,Fri,13,RPAC Aquatic Center - Hot Tub,0,15,0.0
2026-05-15 13:16:12,Fri,13,RPAC Aquatic Center - Lap Pool,6,24,25.0
2026-05-15 13:16:12,Fri,13,RPAC Aquatic Center - Leisure Pool,0,40,0.0
2026-05-15 13:16:12,Fri,13,RPAC Cardio Canyon,4,68,5.9
2026-05-15 13:16:12,Fri,13,RPAC North Gym,13,230,5.7
2026-05-15 13:16:12,Fri,13,RPAC South Gym,3,230,1.3
2026-05-15 13:16:12,Fri,13,RPAC TWD Gym Courts 1-2,0,241,0.0
2026-05-15 13:16:12,Fri,13,RPAC TWD Gym Courts 3 - 4,0,241,0.0
2026-05-15 13:16:12,Fri,13,RPAC Upper Gym Courts 1 - 2,0,241,0.0
2026-05-15 13:16:12,Fri,13,RPAC Upper Gym Courts 3 - 4 ,0,241,0.0
2026-05-15 13:16:12,Fri,13,RPAC Weight Floor,26,125,20.8
2026-05-15 14:03:45,Fri,14,RPAC 1st Floor Fitness Balcony,12,55,21.8
2026-05-15 14:03:45,Fri,14,RPAC 2nd Floor Cardio Loft,5,37,13.5
2026-05-15 14:03:45,Fri,14,RPAC Aquatic Center - Class Pool,0,32,0.0
2026-05-15 14:03:45,Fri,14,RPAC Aquatic Center - Comp Pool,0,25,0.0
2026-05-15 14:03:45,Fri,14,RPAC Aquatic Center - Hot Tub,0,15,0.0
2026-05-15 14:03:45,Fri,14,RPAC Aquatic Center - Lap Pool,6,24,25.0
2026-05-15 14:03:45,Fri,14,RPAC Aquatic Center - Leisure Pool,0,40,0.0
2026-05-15 14:03:45,Fri,14,RPAC Cardio Canyon,4,68,5.9
2026-05-15 14:03:45,Fri,14,RPAC North Gym,13,230,5.7
2026-05-15 14:03:45,Fri,14,RPAC South Gym,3,230,1.3
2026-05-15 14:03:45,Fri,14,RPAC TWD Gym Courts 1-2,0,241,0.0
2026-05-15 14:03:45,Fri,14,RPAC TWD Gym Courts 3 - 4,0,241,0.0
2026-05-15 14:03:45,Fri,14,RPAC Upper Gym Courts 1 - 2,0,241,0.0
2026-05-15 14:03:45,Fri,14,RPAC Upper Gym Courts 3 - 4 ,0,241,0.0
2026-05-15 14:03:45,Fri,14,RPAC Weight Floor,26,125,20.8
2026-05-15 14:50:05,Fri,14,RPAC 1st Floor Fitness Balcony,12,55,21.8
2026-05-15 14:50:05,Fri,14,RPAC 2nd Floor Cardio Loft,5,37,13.5
2026-05-15 14:50:05,Fri,14,RPAC Aquatic Center - Class Pool,0,32,0.0
2026-05-15 14:50:05,Fri,14,RPAC Aquatic Center - Comp Pool,0,25,0.0
2026-05-15 14:50:05,Fri,14,RPAC Aquatic Center - Hot Tub,0,15,0.0
2026-05-15 14:50:05,Fri,14,RPAC Aquatic Center - Lap Pool,6,24,25.0
2026-05-15 14:50:05,Fri,14,RPAC Aquatic Center - Leisure Pool,0,40,0.0
2026-05-15 14:50:05,Fri,14,RPAC Cardio Canyon,4,68,5.9
2026-05-15 14:50:05,Fri,14,RPAC North Gym,13,230,5.7
2026-05-15 14:50:05,Fri,14,RPAC South Gym,3,230,1.3
2026-05-15 14:50:05,Fri,14,RPAC TWD Gym Courts 1-2,0,241,0.0
2026-05-15 14:50:05,Fri,14,RPAC TWD Gym Courts 3 - 4,0,241,0.0
2026-05-15 14:50:05,Fri,14,RPAC Upper Gym Courts 1 - 2,0,241,0.0
2026-05-15 14:50:05,Fri,14,RPAC Upper Gym Courts 3 - 4 ,0,241,0.0
2026-05-15 14:50:05,Fri,14,RPAC Weight Floor,26,125,20.8
2026-05-15 15:35:42,Fri,15,RPAC 1st Floor Fitness Balcony,12,55,21.8
2026-05-15 15:35:42,Fri,15,RPAC 2nd Floor Cardio Loft,5,37,13.5
2026-05-15 15:35:42,Fri,15,RPAC Aquatic Center - Class Pool,0,32,0.0
2026-05-15 15:35:42,Fri,15,RPAC Aquatic Center - Comp Pool,0,25,0.0
2026-05-15 15:35:42,Fri,15,RPAC Aquatic Center - Hot Tub,0,15,0.0
2026-05-15 15:35:42,Fri,15,RPAC Aquatic Center - Lap Pool,6,24,25.0
2026-05-15 15:35:42,Fri,15,RPAC Aquatic Center - Leisure Pool,0,40,0.0
2026-05-15 15:35:42,Fri,15,RPAC Cardio Canyon,4,68,5.9
2026-05-15 15:35:42,Fri,15,RPAC North Gym,13,230,5.7
2026-05-15 15:35:42,Fri,15,RPAC South Gym,3,230,1.3
2026-05-15 15:35:42,Fri,15,RPAC TWD Gym Courts 1-2,0,241,0.0
2026-05-15 15:35:42,Fri,15,RPAC TWD Gym Courts 3 - 4,0,241,0.0
2026-05-15 15:35:42,Fri,15,RPAC Upper Gym Courts 1 - 2,0,241,0.0
2026-05-15 15:35:42,Fri,15,RPAC Upper Gym Courts 3 - 4 ,0,241,0.0
2026-05-15 15:35:42,Fri,15,RPAC Weight Floor,26,125,20.8
2026-05-15 16:11:42,Fri,16,RPAC 1st Floor Fitness Balcony,12,55,21.8
2026-05-15 16:11:42,Fri,16,RPAC 2nd Floor Cardio Loft,5,37,13.5
2026-05-15 16:11:42,Fri,16,RPAC Aquatic Center - Class Pool,0,32,0.0
2026-05-15 16:11:42,Fri,16,RPAC Aquatic Center - Comp Pool,0,25,0.0
2026-05-15 16:11:42,Fri,16,RPAC Aquatic Center - Hot Tub,0,15,0.0
2026-05-15 16:11:42,Fri,16,RPAC Aquatic Center - Lap Pool,6,24,25.0
2026-05-15 16:11:42,Fri,16,RPAC Aquatic Center - Leisure Pool,0,40,0.0
2026-05-15 16:11:42,Fri,16,RPAC Cardio Canyon,4,68,5.9
2026-05-15 16:11:42,Fri,16,RPAC North Gym,13,230,5.7
2026-05-15 16:11:42,Fri,16,RPAC South Gym,3,230,1.3
2026-05-15 16:11:42,Fri,16,RPAC TWD Gym Courts 1-2,0,241,0.0
2026-05-15 16:11:42,Fri,16,RPAC TWD Gym Courts 3 - 4,0,241,0.0
2026-05-15 16:11:42,Fri,16,RPAC Upper Gym Courts 1 - 2,0,241,0.0
2026-05-15 16:11:42,Fri,16,RPAC Upper Gym Courts 3 - 4 ,0,241,0.0
2026-05-15 16:11:42,Fri,16,RPAC Weight Floor,26,125,20.8
2026-05-15 16:41:25,Fri,16,RPAC 1st Floor Fitness Balcony,12,55,21.8
2026-05-15 16:41:25,Fri,16,RPAC 2nd Floor Cardio Loft,5,37,13.5
2026-05-15 16:41:25,Fri,16,RPAC Aquatic Center - Class Pool,0,32,0.0
2026-05-15 16:41:25,Fri,16,RPAC Aquatic Center - Comp Pool,0,25,0.0
2026-05-15 16:41:25,Fri,16,RPAC Aquatic Center - Hot Tub,0,15,0.0
2026-05-15 16:41:25,Fri,16,RPAC Aquatic Center - Lap Pool,6,24,25.0
2026-05-15 16:41:25,Fri,16,RPAC Aquatic Center - Leisure Pool,0,40,0.0
2026-05-15 16:41:25,Fri,16,RPAC Cardio Canyon,4,68,5.9
2026-05-15 16:41:25,Fri,16,RPAC North Gym,13,230,5.7
2026-05-15 16:41:25,Fri,16,RPAC South Gym,3,230,1.3
2026-05-15 16:41:25,Fri,16,RPAC TWD Gym Courts 1-2,0,241,0.0
2026-05-15 16:41:25,Fri,16,RPAC TWD Gym Courts 3 - 4,0,241,0.0
2026-05-15 16:41:25,Fri,16,RPAC Upper Gym Courts 1 - 2,0,241,0.0
2026-05-15 16:41:25,Fri,16,RPAC Upper Gym Courts 3 - 4 ,0,241,0.0
2026-05-15 16:41:25,Fri,16,RPAC Weight Floor,26,125,20.8
2026-05-15 17:11:29,Fri,17,RPAC 1st Floor Fitness Balcony,12,55,21.8
2026-05-15 17:11:29,Fri,17,RPAC 2nd Floor Cardio Loft,5,37,13.5
2026-05-15 17:11:29,Fri,17,RPAC Aquatic Center - Class Pool,0,32,0.0
2026-05-15 17:11:29,Fri,17,RPAC Aquatic Center - Comp Pool,0,25,0.0
2026-05-15 17:11:29,Fri,17,RPAC Aquatic Center - Hot Tub,0,15,0.0
2026-05-15 17:11:29,Fri,17,RPAC Aquatic Center - Lap Pool,6,24,25.0
2026-05-15 17:11:29,Fri,17,RPAC Aquatic Center - Leisure Pool,0,40,0.0
2026-05-15 17:11:29,Fri,17,RPAC Cardio Canyon,4,68,5.9
2026-05-15 17:11:29,Fri,17,RPAC North Gym,13,230,5.7
2026-05-15 17:11:29,Fri,17,RPAC South Gym,3,230,1.3
2026-05-15 17:11:29,Fri,17,RPAC TWD Gym Courts 1-2,0,241,0.0
2026-05-15 17:11:29,Fri,17,RPAC TWD Gym Courts 3 - 4,0,241,0.0
2026-05-15 17:11:29,Fri,17,RPAC Upper Gym Courts 1 - 2,0,241,0.0
2026-05-15 17:11:29,Fri,17,RPAC Upper Gym Courts 3 - 4 ,0,241,0.0
2026-05-15 17:11:29,Fri,17,RPAC Weight Floor,26,125,20.8
2026-05-15 17:38:19,Fri,17,RPAC 1st Floor Fitness Balcony,12,55,21.8
2026-05-15 17:38:19,Fri,17,RPAC 2nd Floor Cardio Loft,5,37,13.5
2026-05-15 17:38:19,Fri,17,RPAC Aquatic Center - Class Pool,0,32,0.0
2026-05-15 17:38:19,Fri,17,RPAC Aquatic Center - Comp Pool,0,25,0.0
2026-05-15 17:38:19,Fri,17,RPAC Aquatic Center - Hot Tub,0,15,0.0
2026-05-15 17:38:19,Fri,17,RPAC Aquatic Center - Lap Pool,6,24,25.0
2026-05-15 17:38:19,Fri,17,RPAC Aquatic Center - Leisure Pool,0,40,0.0
2026-05-15 17:38:19,Fri,17,RPAC Cardio Canyon,4,68,5.9
2026-05-15 17:38:19,Fri,17,RPAC North Gym,13,230,5.7
2026-05-15 17:38:19,Fri,17,RPAC South Gym,3,230,1.3
2026-05-15 17:38:19,Fri,17,RPAC TWD Gym Courts 1-2,0,241,0.0
2026-05-15 17:38:19,Fri,17,RPAC TWD Gym Courts 3 - 4,0,241,0.0
2026-05-15 17:38:19,Fri,17,RPAC Upper Gym Courts 1 - 2,0,241,0.0
2026-05-15 17:38:19,Fri,17,RPAC Upper Gym Courts 3 - 4 ,0,241,0.0
2026-05-15 17:38:19,Fri,17,RPAC Weight Floor,26,125,20.8
2026-05-15 18:07:53,Fri,18,RPAC 1st Floor Fitness Balcony,12,55,21.8
2026-05-15 18:07:53,Fri,18,RPAC 2nd Floor Cardio Loft,5,37,13.5
2026-05-15 18:07:53,Fri,18,RPAC Aquatic Center - Class Pool,0,32,0.0
2026-05-15 18:07:53,Fri,18,RPAC Aquatic Center - Comp Pool,0,25,0.0
2026-05-15 18:07:53,Fri,18,RPAC Aquatic Center - Hot Tub,0,15,0.0
2026-05-15 18:07:53,Fri,18,RPAC Aquatic Center - Lap Pool,6,24,25.0
2026-05-15 18:07:53,Fri,18,RPAC Aquatic Center - Leisure Pool,0,40,0.0
2026-05-15 18:07:53,Fri,18,RPAC Cardio Canyon,4,68,5.9
2026-05-15 18:07:53,Fri,18,RPAC North Gym,13,230,5.7
2026-05-15 18:07:53,Fri,18,RPAC South Gym,3,230,1.3
2026-05-15 18:07:53,Fri,18,RPAC TWD Gym Courts 1-2,0,241,0.0
2026-05-15 18:07:53,Fri,18,RPAC TWD Gym Courts 3 - 4,0,241,0.0
2026-05-15 18:07:53,Fri,18,RPAC Upper Gym Courts 1 - 2,0,241,0.0
2026-05-15 18:07:53,Fri,18,RPAC Upper Gym Courts 3 - 4 ,0,241,0.0
2026-05-15 18:07:53,Fri,18,RPAC Weight Floor,26,125,20.8
2026-05-15 18:35:05,Fri,18,RPAC 1st Floor Fitness Balcony,12,55,21.8
2026-05-15 18:35:05,Fri,18,RPAC 2nd Floor Cardio Loft,5,37,13.5
2026-05-15 18:35:05,Fri,18,RPAC Aquatic Center - Class Pool,0,32,0.0
2026-05-15 18:35:05,Fri,18,RPAC Aquatic Center - Comp Pool,0,25,0.0
2026-05-15 18:35:05,Fri,18,RPAC Aquatic Center - Hot Tub,0,15,0.0
2026-05-15 18:35:05,Fri,18,RPAC Aquatic Center - Lap Pool,6,24,25.0
2026-05-15 18:35:05,Fri,18,RPAC Aquatic Center - Leisure Pool,0,40,0.0
2026-05-15 18:35:05,Fri,18,RPAC Cardio Canyon,4,68,5.9
2026-05-15 18:35:05,Fri,18,RPAC North Gym,13,230,5.7
2026-05-15 18:35:05,Fri,18,RPAC South Gym,3,230,1.3
2026-05-15 18:35:05,Fri,18,RPAC TWD Gym Courts 1-2,0,241,0.0
2026-05-15 18:35:05,Fri,18,RPAC TWD Gym Courts 3 - 4,0,241,0.0
2026-05-15 18:35:05,Fri,18,RPAC Upper Gym Courts 1 - 2,0,241,0.0
2026-05-15 18:35:05,Fri,18,RPAC Upper Gym Courts 3 - 4 ,0,241,0.0
2026-05-15 18:35:05,Fri,18,RPAC Weight Floor,26,125,20.8
2026-05-15 19:07:17,Fri,19,RPAC 1st Floor Fitness Balcony,12,55,21.8
2026-05-15 19:07:17,Fri,19,RPAC 2nd Floor Cardio Loft,5,37,13.5
2026-05-15 19:07:17,Fri,19,RPAC Aquatic Center - Class Pool,0,32,0.0
2026-05-15 19:07:17,Fri,19,RPAC Aquatic Center - Comp Pool,0,25,0.0
2026-05-15 19:07:17,Fri,19,RPAC Aquatic Center - Hot Tub,0,15,0.0
2026-05-15 19:07:17,Fri,19,RPAC Aquatic Center - Lap Pool,6,24,25.0
2026-05-15 19:07:17,Fri,19,RPAC Aquatic Center - Leisure Pool,0,40,0.0
2026-05-15 19:07:17,Fri,19,RPAC Cardio Canyon,4,68,5.9
2026-05-15 19:07:17,Fri,19,RPAC North Gym,13,230,5.7
2026-05-15 19:07:17,Fri,19,RPAC South Gym,3,230,1.3
2026-05-15 19:07:17,Fri,19,RPAC TWD Gym Courts 1-2,0,241,0.0
2026-05-15 19:07:17,Fri,19,RPAC TWD Gym Courts 3 - 4,0,241,0.0
2026-05-15 19:07:17,Fri,19,RPAC Upper Gym Courts 1 - 2,0,241,0.0
2026-05-15 19:07:17,Fri,19,RPAC Upper Gym Courts 3 - 4 ,0,241,0.0
2026-05-15 19:07:17,Fri,19,RPAC Weight Floor,26,125,20.8
2026-05-15 19:35:00,Fri,19,RPAC 1st Floor Fitness Balcony,12,55,21.8
2026-05-15 19:35:00,Fri,19,RPAC 2nd Floor Cardio Loft,5,37,13.5
2026-05-15 19:35:00,Fri,19,RPAC Aquatic Center - Class Pool,0,32,0.0
2026-05-15 19:35:00,Fri,19,RPAC Aquatic Center - Comp Pool,0,25,0.0
2026-05-15 19:35:00,Fri,19,RPAC Aquatic Center - Hot Tub,0,15,0.0
2026-05-15 19:35:00,Fri,19,RPAC Aquatic Center - Lap Pool,6,24,25.0
2026-05-15 19:35:00,Fri,19,RPAC Aquatic Center - Leisure Pool,0,40,0.0
2026-05-15 19:35:00,Fri,19,RPAC Cardio Canyon,4,68,5.9
2026-05-15 19:35:00,Fri,19,RPAC North Gym,13,230,5.7
2026-05-15 19:35:00,Fri,19,RPAC South Gym,3,230,1.3
2026-05-15 19:35:00,Fri,19,RPAC TWD Gym Courts 1-2,0,241,0.0
2026-05-15 19:35:00,Fri,19,RPAC TWD Gym Courts 3 - 4,0,241,0.0
2026-05-15 19:35:00,Fri,19,RPAC Upper Gym Courts 1 - 2,0,241,0.0
2026-05-15 19:35:00,Fri,19,RPAC Upper Gym Courts 3 - 4 ,0,241,0.0
2026-05-15 19:35:00,Fri,19,RPAC Weight Floor,26,125,20.8
2026-05-15 20:04:40,Fri,20,RPAC 1st Floor Fitness Balcony,12,55,21.8
2026-05-15 20:04:40,Fri,20,RPAC 2nd Floor Cardio Loft,5,37,13.5
2026-05-15 20:04:40,Fri,20,RPAC Aquatic Center - Class Pool,0,32,0.0
2026-05-15 20:04:40,Fri,20,RPAC Aquatic Center - Comp Pool,0,25,0.0
2026-05-15 20:04:40,Fri,20,RPAC Aquatic Center - Hot Tub,0,15,0.0
2026-05-15 20:04:40,Fri,20,RPAC Aquatic Center - Lap Pool,6,24,25.0
2026-05-15 20:04:40,Fri,20,RPAC Aquatic Center - Leisure Pool,0,40,0.0
2026-05-15 20:04:40,Fri,20,RPAC Cardio Canyon,4,68,5.9
2026-05-15 20:04:40,Fri,20,RPAC North Gym,13,230,5.7
2026-05-15 20:04:40,Fri,20,RPAC South Gym,3,230,1.3
2026-05-15 20:04:40,Fri,20,RPAC TWD Gym Courts 1-2,0,241,0.0
2026-05-15 20:04:40,Fri,20,RPAC TWD Gym Courts 3 - 4,0,241,0.0
2026-05-15 20:04:40,Fri,20,RPAC Upper Gym Courts 1 - 2,0,241,0.0
2026-05-15 20:04:40,Fri,20,RPAC Upper Gym Courts 3 - 4 ,0,241,0.0
2026-05-15 20:04:40,Fri,20,RPAC Weight Floor,26,125,20.8
2026-05-15 21:08:32,Fri,21,RPAC 1st Floor Fitness Balcony,12,55,21.8
2026-05-15 21:08:32,Fri,21,RPAC 2nd Floor Cardio Loft,5,37,13.5
2026-05-15 21:08:32,Fri,21,RPAC Aquatic Center - Class Pool,0,32,0.0
2026-05-15 21:08:32,Fri,21,RPAC Aquatic Center - Comp Pool,0,25,0.0
2026-05-15 21:08:32,Fri,21,RPAC Aquatic Center - Hot Tub,0,15,0.0
2026-05-15 21:08:32,Fri,21,RPAC Aquatic Center - Lap Pool,6,24,25.0
2026-05-15 21:08:32,Fri,21,RPAC Aquatic Center - Leisure Pool,0,40,0.0
2026-05-15 21:08:32,Fri,21,RPAC Cardio Canyon,4,68,5.9
2026-05-15 21:08:32,Fri,21,RPAC North Gym,13,230,5.7
2026-05-15 21:08:32,Fri,21,RPAC South Gym,3,230,1.3
2026-05-15 21:08:32,Fri,21,RPAC TWD Gym Courts 1-2,0,241,0.0
2026-05-15 21:08:32,Fri,21,RPAC TWD Gym Courts 3 - 4,0,241,0.0
2026-05-15 21:08:32,Fri,21,RPAC Upper Gym Courts 1 - 2,0,241,0.0
2026-05-15 21:08:32,Fri,21,RPAC Upper Gym Courts 3 - 4 ,0,241,0.0
2026-05-15 21:08:32,Fri,21,RPAC Weight Floor,26,125,20.8
2026-05-15 21:57:20,Fri,21,RPAC 1st Floor Fitness Balcony,12,55,21.8
2026-05-15 21:57:20,Fri,21,RPAC 2nd Floor Cardio Loft,5,37,13.5
2026-05-15 21:57:20,Fri,21,RPAC Aquatic Center - Class Pool,0,32,0.0
2026-05-15 21:57:20,Fri,21,RPAC Aquatic Center - Comp Pool,0,25,0.0
2026-05-15 21:57:20,Fri,21,RPAC Aquatic Center - Hot Tub,0,15,0.0
2026-05-15 21:57:20,Fri,21,RPAC Aquatic Center - Lap Pool,6,24,25.0
2026-05-15 21:57:20,Fri,21,RPAC Aquatic Center - Leisure Pool,0,40,0.0
2026-05-15 21:57:20,Fri,21,RPAC Cardio Canyon,4,68,5.9
2026-05-15 21:57:20,Fri,21,RPAC North Gym,13,230,5.7
2026-05-15 21:57:20,Fri,21,RPAC South Gym,3,230,1.3
2026-05-15 21:57:20,Fri,21,RPAC TWD Gym Courts 1-2,0,241,0.0
2026-05-15 21:57:20,Fri,21,RPAC TWD Gym Courts 3 - 4,0,241,0.0
2026-05-15 21:57:20,Fri,21,RPAC Upper Gym Courts 1 - 2,0,241,0.0
2026-05-15 21:57:20,Fri,21,RPAC Upper Gym Courts 3 - 4 ,0,241,0.0
2026-05-15 21:57:20,Fri,21,RPAC Weight Floor,26,125,20.8
2026-05-15 23:18:01,Fri,23,RPAC 1st Floor Fitness Balcony,12,55,21.8
2026-05-15 23:18:01,Fri,23,RPAC 2nd Floor Cardio Loft,5,37,13.5
2026-05-15 23:18:01,Fri,23,RPAC Aquatic Center - Class Pool,0,32,0.0
2026-05-15 23:18:01,Fri,23,RPAC Aquatic Center - Comp Pool,0,25,0.0
2026-05-15 23:18:01,Fri,23,RPAC Aquatic Center - Hot Tub,0,15,0.0
2026-05-15 23:18:01,Fri,23,RPAC Aquatic Center - Lap Pool,6,24,25.0
2026-05-15 23:18:01,Fri,23,RPAC Aquatic Center - Leisure Pool,0,40,0.0
2026-05-15 23:18:01,Fri,23,RPAC Cardio Canyon,4,68,5.9
2026-05-15 23:18:01,Fri,23,RPAC North Gym,13,230,5.7
2026-05-15 23:18:01,Fri,23,RPAC South Gym,3,230,1.3
2026-05-15 23:18:01,Fri,23,RPAC TWD Gym Courts 1-2,0,241,0.0
2026-05-15 23:18:01,Fri,23,RPAC TWD Gym Courts 3 - 4,0,241,0.0
2026-05-15 23:18:01,Fri,23,RPAC Upper Gym Courts 1 - 2,0,241,0.0
2026-05-15 23:18:01,Fri,23,RPAC Upper Gym Courts 3 - 4 ,0,241,0.0
2026-05-15 23:18:01,Fri,23,RPAC Weight Floor,26,125,20.8
2026-05-16 00:39:25,Sat,0,RPAC 1st Floor Fitness Balcony,12,55,21.8
2026-05-16 00:39:25,Sat,0,RPAC 2nd Floor Cardio Loft,5,37,13.5
2026-05-16 00:39:25,Sat,0,RPAC Aquatic Center - Class Pool,0,32,0.0
2026-05-16 00:39:25,Sat,0,RPAC Aquatic Center - Comp Pool,0,25,0.0
2026-05-16 00:39:25,Sat,0,RPAC Aquatic Center - Hot Tub,0,15,0.0
2026-05-16 00:39:25,Sat,0,RPAC Aquatic Center - Lap Pool,6,24,25.0
2026-05-16 00:39:25,Sat,0,RPAC Aquatic Center - Leisure Pool,0,40,0.0
2026-05-16 00:39:25,Sat,0,RPAC Cardio Canyon,4,68,5.9
2026-05-16 00:39:25,Sat,0,RPAC North Gym,13,230,5.7
2026-05-16 00:39:25,Sat,0,RPAC South Gym,3,230,1.3
2026-05-16 00:39:25,Sat,0,RPAC TWD Gym Courts 1-2,0,241,0.0
2026-05-16 00:39:25,Sat,0,RPAC TWD Gym Courts 3 - 4,0,241,0.0
2026-05-16 00:39:25,Sat,0,RPAC Upper Gym Courts 1 - 2,0,241,0.0
2026-05-16 00:39:25,Sat,0,RPAC Upper Gym Courts 3 - 4 ,0,241,0.0
2026-05-16 00:39:25,Sat,0,RPAC Weight Floor,26,125,20.8
2026-05-16 01:43:02,Sat,1,RPAC 1st Floor Fitness Balcony,12,55,21.8
2026-05-16 01:43:02,Sat,1,RPAC 2nd Floor Cardio Loft,5,37,13.5
2026-05-16 01:43:02,Sat,1,RPAC Aquatic Center - Class Pool,0,32,0.0
2026-05-16 01:43:02,Sat,1,RPAC Aquatic Center - Comp Pool,0,25,0.0
2026-05-16 01:43:02,Sat,1,RPAC Aquatic Center - Hot Tub,0,15,0.0
2026-05-16 01:43:02,Sat,1,RPAC Aquatic Center - Lap Pool,6,24,25.0
2026-05-16 01:43:02,Sat,1,RPAC Aquatic Center - Leisure Pool,0,40,0.0
2026-05-16 01:43:02,Sat,1,RPAC Cardio Canyon,4,68,5.9
2026-05-16 01:43:02,Sat,1,RPAC North Gym,13,230,5.7
2026-05-16 01:43:02,Sat,1,RPAC South Gym,3,230,1.3
2026-05-16 01:43:02,Sat,1,RPAC TWD Gym Courts 1-2,0,241,0.0
2026-05-16 01:43:02,Sat,1,RPAC TWD Gym Courts 3 - 4,0,241,0.0
2026-05-16 01:43:02,Sat,1,RPAC Upper Gym Courts 1 - 2,0,241,0.0
2026-05-16 01:43:02,Sat,1,RPAC Upper Gym Courts 3 - 4 ,0,241,0.0
2026-05-16 01:43:02,Sat,1,RPAC Weight Floor,26,125,20.8
2026-05-16 02:36:03,Sat,2,RPAC 1st Floor Fitness Balcony,12,55,21.8
2026-05-16 02:36:03,Sat,2,RPAC 2nd Floor Cardio Loft,5,37,13.5
2026-05-16 02:36:03,Sat,2,RPAC Aquatic Center - Class Pool,0,32,0.0
2026-05-16 02:36:03,Sat,2,RPAC Aquatic Center - Comp Pool,0,25,0.0
2026-05-16 02:36:03,Sat,2,RPAC Aquatic Center - Hot Tub,0,15,0.0
2026-05-16 02:36:03,Sat,2,RPAC Aquatic Center - Lap Pool,6,24,25.0
2026-05-16 02:36:03,Sat,2,RPAC Aquatic Center - Leisure Pool,0,40,0.0
2026-05-16 02:36:03,Sat,2,RPAC Cardio Canyon,4,68,5.9
2026-05-16 02:36:03,Sat,2,RPAC North Gym,13,230,5.7
2026-05-16 02:36:03,Sat,2,RPAC South Gym,3,230,1.3
2026-05-16 02:36:03,Sat,2,RPAC TWD Gym Courts 1-2,0,241,0.0
2026-05-16 02:36:03,Sat,2,RPAC TWD Gym Courts 3 - 4,0,241,0.0
2026-05-16 02:36:03,Sat,2,RPAC Upper Gym Courts 1 - 2,0,241,0.0
2026-05-16 02:36:03,Sat,2,RPAC Upper Gym Courts 3 - 4 ,0,241,0.0
2026-05-16 02:36:03,Sat,2,RPAC Weight Floor,26,125,20.8
2026-05-16 03:28:03,Sat,3,RPAC 1st Floor Fitness Balcony,12,55,21.8
2026-05-16 03:28:03,Sat,3,RPAC 2nd Floor Cardio Loft,5,37,13.5
2026-05-16 03:28:03,Sat,3,RPAC Aquatic Center - Class Pool,0,32,0.0
2026-05-16 03:28:03,Sat,3,RPAC Aquatic Center - Comp Pool,0,25,0.0
2026-05-16 03:28:03,Sat,3,RPAC Aquatic Center - Hot Tub,0,15,0.0
2026-05-16 03:28:03,Sat,3,RPAC Aquatic Center - Lap Pool,6,24,25.0
2026-05-16 03:28:03,Sat,3,RPAC Aquatic Center - Leisure Pool,0,40,0.0
2026-05-16 03:28:03,Sat,3,RPAC Cardio Canyon,4,68,5.9
2026-05-16 03:28:03,Sat,3,RPAC North Gym,13,230,5.7
2026-05-16 03:28:03,Sat,3,RPAC South Gym,3,230,1.3
2026-05-16 03:28:03,Sat,3,RPAC TWD Gym Courts 1-2,0,241,0.0
2026-05-16 03:28:03,Sat,3,RPAC TWD Gym Courts 3 - 4,0,241,0.0
2026-05-16 03:28:03,Sat,3,RPAC Upper Gym Courts 1 - 2,0,241,0.0
2026-05-16 03:28:03,Sat,3,RPAC Upper Gym Courts 3 - 4 ,0,241,0.0
2026-05-16 03:28:03,Sat,3,RPAC Weight Floor,26,125,20.8
2026-05-16 04:18:28,Sat,4,RPAC 1st Floor Fitness Balcony,12,55,21.8
2026-05-16 04:18:28,Sat,4,RPAC 2nd Floor Cardio Loft,5,37,13.5
2026-05-16 04:18:28,Sat,4,RPAC Aquatic Center - Class Pool,0,32,0.0
2026-05-16 04:18:28,Sat,4,RPAC Aquatic Center - Comp Pool,0,25,0.0
2026-05-16 04:18:28,Sat,4,RPAC Aquatic Center - Hot Tub,0,15,0.0
2026-05-16 04:18:28,Sat,4,RPAC Aquatic Center - Lap Pool,6,24,25.0
2026-05-16 04:18:28,Sat,4,RPAC Aquatic Center - Leisure Pool,0,40,0.0
2026-05-16 04:18:28,Sat,4,RPAC Cardio Canyon,4,68,5.9
2026-05-16 04:18:28,Sat,4,RPAC North Gym,13,230,5.7
2026-05-16 04:18:28,Sat,4,RPAC South Gym,3,230,1.3
2026-05-16 04:18:28,Sat,4,RPAC TWD Gym Courts 1-2,0,241,0.0
2026-05-16 04:18:28,Sat,4,RPAC TWD Gym Courts 3 - 4,0,241,0.0
2026-05-16 04:18:28,Sat,4,RPAC Upper Gym Courts 1 - 2,0,241,0.0
2026-05-16 04:18:28,Sat,4,RPAC Upper Gym Courts 3 - 4 ,0,241,0.0
2026-05-16 04:18:28,Sat,4,RPAC Weight Floor,26,125,20.8
2026-05-16 05:07:13,Sat,5,RPAC 1st Floor Fitness Balcony,12,55,21.8
2026-05-16 05:07:13,Sat,5,RPAC 2nd Floor Cardio Loft,5,37,13.5
2026-05-16 05:07:13,Sat,5,RPAC Aquatic Center - Class Pool,0,32,0.0
2026-05-16 05:07:13,Sat,5,RPAC Aquatic Center - Comp Pool,0,25,0.0
2026-05-16 05:07:13,Sat,5,RPAC Aquatic Center - Hot Tub,0,15,0.0
2026-05-16 05:07:13,Sat,5,RPAC Aquatic Center - Lap Pool,6,24,25.0
2026-05-16 05:07:13,Sat,5,RPAC Aquatic Center - Leisure Pool,0,40,0.0
2026-05-16 05:07:13,Sat,5,RPAC Cardio Canyon,4,68,5.9
2026-05-16 05:07:13,Sat,5,RPAC North Gym,13,230,5.7
2026-05-16 05:07:13,Sat,5,RPAC South Gym,3,230,1.3
2026-05-16 05:07:13,Sat,5,RPAC TWD Gym Courts 1-2,0,241,0.0
2026-05-16 05:07:13,Sat,5,RPAC TWD Gym Courts 3 - 4,0,241,0.0
2026-05-16 05:07:13,Sat,5,RPAC Upper Gym Courts 1 - 2,0,241,0.0
2026-05-16 05:07:13,Sat,5,RPAC Upper Gym Courts 3 - 4 ,0,241,0.0
2026-05-16 05:07:13,Sat,5,RPAC Weight Floor,26,125,20.8
2026-05-16 05:50:13,Sat,5,RPAC 1st Floor Fitness Balcony,12,55,21.8
2026-05-16 05:50:13,Sat,5,RPAC 2nd Floor Cardio Loft,5,37,13.5
2026-05-16 05:50:13,Sat,5,RPAC Aquatic Center - Class Pool,0,32,0.0
2026-05-16 05:50:13,Sat,5,RPAC Aquatic Center - Comp Pool,0,25,0.0
2026-05-16 05:50:13,Sat,5,RPAC Aquatic Center - Hot Tub,0,15,0.0
2026-05-16 05:50:13,Sat,5,RPAC Aquatic Center - Lap Pool,6,24,25.0
2026-05-16 05:50:13,Sat,5,RPAC Aquatic Center - Leisure Pool,0,40,0.0
2026-05-16 05:50:13,Sat,5,RPAC Cardio Canyon,4,68,5.9
2026-05-16 05:50:13,Sat,5,RPAC North Gym,13,230,5.7
2026-05-16 05:50:13,Sat,5,RPAC South Gym,3,230,1.3
2026-05-16 05:50:13,Sat,5,RPAC TWD Gym Courts 1-2,0,241,0.0
2026-05-16 05:50:13,Sat,5,RPAC TWD Gym Courts 3 - 4,0,241,0.0
2026-05-16 05:50:13,Sat,5,RPAC Upper Gym Courts 1 - 2,0,241,0.0
2026-05-16 05:50:13,Sat,5,RPAC Upper Gym Courts 3 - 4 ,0,241,0.0
2026-05-16 05:50:13,Sat,5,RPAC Weight Floor,26,125,20.8
2026-05-16 06:31:48,Sat,6,RPAC 1st Floor Fitness Balcony,12,55,21.8
2026-05-16 06:31:48,Sat,6,RPAC 2nd Floor Cardio Loft,5,37,13.5
2026-05-16 06:31:48,Sat,6,RPAC Aquatic Center - Class Pool,0,32,0.0
2026-05-16 06:31:48,Sat,6,RPAC Aquatic Center - Comp Pool,0,25,0.0
2026-05-16 06:31:48,Sat,6,RPAC Aquatic Center - Hot Tub,0,15,0.0
2026-05-16 06:31:48,Sat,6,RPAC Aquatic Center - Lap Pool,6,24,25.0
2026-05-16 06:31:48,Sat,6,RPAC Aquatic Center - Leisure Pool,0,40,0.0
2026-05-16 06:31:48,Sat,6,RPAC Cardio Canyon,4,68,5.9
2026-05-16 06:31:48,Sat,6,RPAC North Gym,13,230,5.7
2026-05-16 06:31:48,Sat,6,RPAC South Gym,3,230,1.3
2026-05-16 06:31:48,Sat,6,RPAC TWD Gym Courts 1-2,0,241,0.0
2026-05-16 06:31:48,Sat,6,RPAC TWD Gym Courts 3 - 4,0,241,0.0
2026-05-16 06:31:48,Sat,6,RPAC Upper Gym Courts 1 - 2,0,241,0.0
2026-05-16 06:31:48,Sat,6,RPAC Upper Gym Courts 3 - 4 ,0,241,0.0
2026-05-16 06:31:48,Sat,6,RPAC Weight Floor,26,125,20.8
2026-05-16 07:08:56,Sat,7,RPAC 1st Floor Fitness Balcony,12,55,21.8
2026-05-16 07:08:56,Sat,7,RPAC 2nd Floor Cardio Loft,5,37,13.5
2026-05-16 07:08:56,Sat,7,RPAC Aquatic Center - Class Pool,0,32,0.0
2026-05-16 07:08:56,Sat,7,RPAC Aquatic Center - Comp Pool,0,25,0.0
2026-05-16 07:08:56,Sat,7,RPAC Aquatic Center - Hot Tub,0,15,0.0
2026-05-16 07:08:56,Sat,7,RPAC Aquatic Center - Lap Pool,6,24,25.0
2026-05-16 07:08:56,Sat,7,RPAC Aquatic Center - Leisure Pool,0,40,0.0
2026-05-16 07:08:56,Sat,7,RPAC Cardio Canyon,4,68,5.9
2026-05-16 07:08:56,Sat,7,RPAC North Gym,13,230,5.7
2026-05-16 07:08:56,Sat,7,RPAC South Gym,3,230,1.3
2026-05-16 07:08:56,Sat,7,RPAC TWD Gym Courts 1-2,0,241,0.0
2026-05-16 07:08:56,Sat,7,RPAC TWD Gym Courts 3 - 4,0,241,0.0
2026-05-16 07:08:56,Sat,7,RPAC Upper Gym Courts 1 - 2,0,241,0.0
2026-05-16 07:08:56,Sat,7,RPAC Upper Gym Courts 3 - 4 ,0,241,0.0
2026-05-16 07:08:56,Sat,7,RPAC Weight Floor,26,125,20.8
2026-05-16 07:34:54,Sat,7,RPAC 1st Floor Fitness Balcony,12,55,21.8
2026-05-16 07:34:54,Sat,7,RPAC 2nd Floor Cardio Loft,5,37,13.5
2026-05-16 07:34:54,Sat,7,RPAC Aquatic Center - Class Pool,0,32,0.0
2026-05-16 07:34:54,Sat,7,RPAC Aquatic Center - Comp Pool,0,25,0.0
2026-05-16 07:34:54,Sat,7,RPAC Aquatic Center - Hot Tub,0,15,0.0
2026-05-16 07:34:54,Sat,7,RPAC Aquatic Center - Lap Pool,6,24,25.0
2026-05-16 07:34:54,Sat,7,RPAC Aquatic Center - Leisure Pool,0,40,0.0
2026-05-16 07:34:54,Sat,7,RPAC Cardio Canyon,4,68,5.9
2026-05-16 07:34:54,Sat,7,RPAC North Gym,13,230,5.7
2026-05-16 07:34:54,Sat,7,RPAC South Gym,3,230,1.3
2026-05-16 07:34:54,Sat,7,RPAC TWD Gym Courts 1-2,0,241,0.0
2026-05-16 07:34:54,Sat,7,RPAC TWD Gym Courts 3 - 4,0,241,0.0
2026-05-16 07:34:54,Sat,7,RPAC Upper Gym Courts 1 - 2,0,241,0.0
2026-05-16 07:34:54,Sat,7,RPAC Upper Gym Courts 3 - 4 ,0,241,0.0
2026-05-16 07:34:54,Sat,7,RPAC Weight Floor,26,125,20.8
2026-05-16 08:04:09,Sat,8,RPAC 1st Floor Fitness Balcony,12,55,21.8
2026-05-16 08:04:09,Sat,8,RPAC 2nd Floor Cardio Loft,5,37,13.5
2026-05-16 08:04:09,Sat,8,RPAC Aquatic Center - Class Pool,0,32,0.0
2026-05-16 08:04:09,Sat,8,RPAC Aquatic Center - Comp Pool,0,25,0.0
2026-05-16 08:04:09,Sat,8,RPAC Aquatic Center - Hot Tub,0,15,0.0
2026-05-16 08:04:09,Sat,8,RPAC Aquatic Center - Lap Pool,6,24,25.0
2026-05-16 08:04:09,Sat,8,RPAC Aquatic Center - Leisure Pool,0,40,0.0
2026-05-16 08:04:09,Sat,8,RPAC Cardio Canyon,4,68,5.9
2026-05-16 08:04:09,Sat,8,RPAC North Gym,13,230,5.7
2026-05-16 08:04:09,Sat,8,RPAC South Gym,3,230,1.3
2026-05-16 08:04:09,Sat,8,RPAC TWD Gym Courts 1-2,0,241,0.0
2026-05-16 08:04:09,Sat,8,RPAC TWD Gym Courts 3 - 4,0,241,0.0
2026-05-16 08:04:09,Sat,8,RPAC Upper Gym Courts 1 - 2,0,241,0.0
2026-05-16 08:04:09,Sat,8,RPAC Upper Gym Courts 3 - 4 ,0,241,0.0
2026-05-16 08:04:09,Sat,8,RPAC Weight Floor,26,125,20.8
2026-05-16 08:39:18,Sat,8,RPAC 1st Floor Fitness Balcony,12,55,21.8
2026-05-16 08:39:18,Sat,8,RPAC 2nd Floor Cardio Loft,5,37,13.5
2026-05-16 08:39:18,Sat,8,RPAC Aquatic Center - Class Pool,0,32,0.0
2026-05-16 08:39:18,Sat,8,RPAC Aquatic Center - Comp Pool,0,25,0.0
2026-05-16 08:39:18,Sat,8,RPAC Aquatic Center - Hot Tub,0,15,0.0
2026-05-16 08:39:18,Sat,8,RPAC Aquatic Center - Lap Pool,6,24,25.0
2026-05-16 08:39:18,Sat,8,RPAC Aquatic Center - Leisure Pool,0,40,0.0
2026-05-16 08:39:18,Sat,8,RPAC Cardio Canyon,4,68,5.9
2026-05-16 08:39:18,Sat,8,RPAC North Gym,13,230,5.7
2026-05-16 08:39:18,Sat,8,RPAC South Gym,3,230,1.3
2026-05-16 08:39:18,Sat,8,RPAC TWD Gym Courts 1-2,0,241,0.0
2026-05-16 08:39:18,Sat,8,RPAC TWD Gym Courts 3 - 4,0,241,0.0
2026-05-16 08:39:18,Sat,8,RPAC Upper Gym Courts 1 - 2,0,241,0.0
2026-05-16 08:39:18,Sat,8,RPAC Upper Gym Courts 3 - 4 ,0,241,0.0
2026-05-16 08:39:18,Sat,8,RPAC Weight Floor,26,125,20.8
2026-05-16 09:11:31,Sat,9,RPAC 1st Floor Fitness Balcony,12,55,21.8
2026-05-16 09:11:31,Sat,9,RPAC 2nd Floor Cardio Loft,5,37,13.5
2026-05-16 09:11:31,Sat,9,RPAC Aquatic Center - Class Pool,0,32,0.0
2026-05-16 09:11:31,Sat,9,RPAC Aquatic Center - Comp Pool,0,25,0.0
2026-05-16 09:11:31,Sat,9,RPAC Aquatic Center - Hot Tub,0,15,0.0
2026-05-16 09:11:31,Sat,9,RPAC Aquatic Center - Lap Pool,6,24,25.0
2026-05-16 09:11:31,Sat,9,RPAC Aquatic Center - Leisure Pool,0,40,0.0
2026-05-16 09:11:31,Sat,9,RPAC Cardio Canyon,4,68,5.9
2026-05-16 09:11:31,Sat,9,RPAC North Gym,13,230,5.7
2026-05-16 09:11:31,Sat,9,RPAC South Gym,3,230,1.3
2026-05-16 09:11:31,Sat,9,RPAC TWD Gym Courts 1-2,0,241,0.0
2026-05-16 09:11:31,Sat,9,RPAC TWD Gym Courts 3 - 4,0,241,0.0
2026-05-16 09:11:31,Sat,9,RPAC Upper Gym Courts 1 - 2,0,241,0.0
2026-05-16 09:11:31,Sat,9,RPAC Upper Gym Courts 3 - 4 ,0,241,0.0
2026-05-16 09:11:31,Sat,9,RPAC Weight Floor,26,125,20.8
2026-05-16 09:54:08,Sat,9,RPAC 1st Floor Fitness Balcony,12,55,21.8
2026-05-16 09:54:08,Sat,9,RPAC 2nd Floor Cardio Loft,5,37,13.5
2026-05-16 09:54:08,Sat,9,RPAC Aquatic Center - Class Pool,0,32,0.0
2026-05-16 09:54:08,Sat,9,RPAC Aquatic Center - Comp Pool,0,25,0.0
2026-05-16 09:54:08,Sat,9,RPAC Aquatic Center - Hot Tub,0,15,0.0
2026-05-16 09:54:08,Sat,9,RPAC Aquatic Center - Lap Pool,6,24,25.0
2026-05-16 09:54:08,Sat,9,RPAC Aquatic Center - Leisure Pool,0,40,0.0
2026-05-16 09:54:08,Sat,9,RPAC Cardio Canyon,4,68,5.9
2026-05-16 09:54:08,Sat,9,RPAC North Gym,13,230,5.7
2026-05-16 09:54:08,Sat,9,RPAC South Gym,3,230,1.3
2026-05-16 09:54:08,Sat,9,RPAC TWD Gym Courts 1-2,0,241,0.0
2026-05-16 09:54:08,Sat,9,RPAC TWD Gym Courts 3 - 4,0,241,0.0
2026-05-16 09:54:08,Sat,9,RPAC Upper Gym Courts 1 - 2,0,241,0.0
2026-05-16 09:54:08,Sat,9,RPAC Upper Gym Courts 3 - 4 ,0,241,0.0
2026-05-16 09:54:08,Sat,9,RPAC Weight Floor,26,125,20.8
2026-05-16 10:32:08,Sat,10,RPAC 1st Floor Fitness Balcony,12,55,21.8
2026-05-16 10:32:08,Sat,10,RPAC 2nd Floor Cardio Loft,5,37,13.5
2026-05-16 10:32:08,Sat,10,RPAC Aquatic Center - Class Pool,0,32,0.0
2026-05-16 10:32:08,Sat,10,RPAC Aquatic Center - Comp Pool,0,25,0.0
2026-05-16 10:32:08,Sat,10,RPAC Aquatic Center - Hot Tub,0,15,0.0
2026-05-16 10:32:08,Sat,10,RPAC Aquatic Center - Lap Pool,6,24,25.0
2026-05-16 10:32:08,Sat,10,RPAC Aquatic Center - Leisure Pool,0,40,0.0
2026-05-16 10:32:08,Sat,10,RPAC Cardio Canyon,4,68,5.9
2026-05-16 10:32:08,Sat,10,RPAC North Gym,13,230,5.7
2026-05-16 10:32:08,Sat,10,RPAC South Gym,3,230,1.3
2026-05-16 10:32:08,Sat,10,RPAC TWD Gym Courts 1-2,0,241,0.0
2026-05-16 10:32:08,Sat,10,RPAC TWD Gym Courts 3 - 4,0,241,0.0
2026-05-16 10:32:08,Sat,10,RPAC Upper Gym Courts 1 - 2,0,241,0.0
2026-05-16 10:32:08,Sat,10,RPAC Upper Gym Courts 3 - 4 ,0,241,0.0
2026-05-16 10:32:08,Sat,10,RPAC Weight Floor,26,125,20.8
2026-05-16 11:07:47,Sat,11,RPAC 1st Floor Fitness Balcony,12,55,21.8
2026-05-16 11:07:47,Sat,11,RPAC 2nd Floor Cardio Loft,5,37,13.5
2026-05-16 11:07:47,Sat,11,RPAC Aquatic Center - Class Pool,0,32,0.0
2026-05-16 11:07:47,Sat,11,RPAC Aquatic Center - Comp Pool,0,25,0.0
2026-05-16 11:07:47,Sat,11,RPAC Aquatic Center - Hot Tub,0,15,0.0
2026-05-16 11:07:47,Sat,11,RPAC Aquatic Center - Lap Pool,6,24,25.0
2026-05-16 11:07:47,Sat,11,RPAC Aquatic Center - Leisure Pool,0,40,0.0
2026-05-16 11:07:47,Sat,11,RPAC Cardio Canyon,4,68,5.9
2026-05-16 11:07:47,Sat,11,RPAC North Gym,13,230,5.7
2026-05-16 11:07:47,Sat,11,RPAC South Gym,3,230,1.3
2026-05-16 11:07:47,Sat,11,RPAC TWD Gym Courts 1-2,0,241,0.0
2026-05-16 11:07:47,Sat,11,RPAC TWD Gym Courts 3 - 4,0,241,0.0
2026-05-16 11:07:47,Sat,11,RPAC Upper Gym Courts 1 - 2,0,241,0.0
2026-05-16 11:07:47,Sat,11,RPAC Upper Gym Courts 3 - 4 ,0,241,0.0
2026-05-16 11:07:47,Sat,11,RPAC Weight Floor,26,125,20.8
2026-05-16 11:37:14,Sat,11,RPAC 1st Floor Fitness Balcony,12,55,21.8
2026-05-16 11:37:14,Sat,11,RPAC 2nd Floor Cardio Loft,5,37,13.5
2026-05-16 11:37:14,Sat,11,RPAC Aquatic Center - Class Pool,0,32,0.0
2026-05-16 11:37:14,Sat,11,RPAC Aquatic Center - Comp Pool,0,25,0.0
2026-05-16 11:37:14,Sat,11,RPAC Aquatic Center - Hot Tub,0,15,0.0
2026-05-16 11:37:14,Sat,11,RPAC Aquatic Center - Lap Pool,6,24,25.0
2026-05-16 11:37:14,Sat,11,RPAC Aquatic Center - Leisure Pool,0,40,0.0
2026-05-16 11:37:14,Sat,11,RPAC Cardio Canyon,4,68,5.9
2026-05-16 11:37:14,Sat,11,RPAC North Gym,13,230,5.7
2026-05-16 11:37:14,Sat,11,RPAC South Gym,3,230,1.3
2026-05-16 11:37:14,Sat,11,RPAC TWD Gym Courts 1-2,0,241,0.0
2026-05-16 11:37:14,Sat,11,RPAC TWD Gym Courts 3 - 4,0,241,0.0
2026-05-16 11:37:14,Sat,11,RPAC Upper Gym Courts 1 - 2,0,241,0.0
2026-05-16 11:37:14,Sat,11,RPAC Upper Gym Courts 3 - 4 ,0,241,0.0
2026-05-16 11:37:14,Sat,11,RPAC Weight Floor,26,125,20.8
2026-05-16 12:06:41,Sat,12,RPAC 1st Floor Fitness Balcony,12,55,21.8
2026-05-16 12:06:41,Sat,12,RPAC 2nd Floor Cardio Loft,5,37,13.5
2026-05-16 12:06:41,Sat,12,RPAC Aquatic Center - Class Pool,0,32,0.0
2026-05-16 12:06:41,Sat,12,RPAC Aquatic Center - Comp Pool,0,25,0.0
2026-05-16 12:06:41,Sat,12,RPAC Aquatic Center - Hot Tub,0,15,0.0
2026-05-16 12:06:41,Sat,12,RPAC Aquatic Center - Lap Pool,6,24,25.0
2026-05-16 12:06:41,Sat,12,RPAC Aquatic Center - Leisure Pool,0,40,0.0
2026-05-16 12:06:41,Sat,12,RPAC Cardio Canyon,4,68,5.9
2026-05-16 12:06:41,Sat,12,RPAC North Gym,13,230,5.7
2026-05-16 12:06:41,Sat,12,RPAC South Gym,3,230,1.3
2026-05-16 12:06:41,Sat,12,RPAC TWD Gym Courts 1-2,0,241,0.0
2026-05-16 12:06:41,Sat,12,RPAC TWD Gym Courts 3 - 4,0,241,0.0
2026-05-16 12:06:41,Sat,12,RPAC Upper Gym Courts 1 - 2,0,241,0.0
2026-05-16 12:06:41,Sat,12,RPAC Upper Gym Courts 3 - 4 ,0,241,0.0
2026-05-16 12:06:41,Sat,12,RPAC Weight Floor,26,125,20.8
2026-05-16 12:34:43,Sat,12,RPAC 1st Floor Fitness Balcony,12,55,21.8
2026-05-16 12:34:43,Sat,12,RPAC 2nd Floor Cardio Loft,5,37,13.5
2026-05-16 12:34:43,Sat,12,RPAC Aquatic Center - Class Pool,0,32,0.0
2026-05-16 12:34:43,Sat,12,RPAC Aquatic Center - Comp Pool,0,25,0.0
2026-05-16 12:34:43,Sat,12,RPAC Aquatic Center - Hot Tub,0,15,0.0
2026-05-16 12:34:43,Sat,12,RPAC Aquatic Center - Lap Pool,6,24,25.0
2026-05-16 12:34:43,Sat,12,RPAC Aquatic Center - Leisure Pool,0,40,0.0
2026-05-16 12:34:43,Sat,12,RPAC Cardio Canyon,4,68,5.9
2026-05-16 12:34:43,Sat,12,RPAC North Gym,13,230,5.7
2026-05-16 12:34:43,Sat,12,RPAC South Gym,3,230,1.3
2026-05-16 12:34:43,Sat,12,RPAC TWD Gym Courts 1-2,0,241,0.0
2026-05-16 12:34:43,Sat,12,RPAC TWD Gym Courts 3 - 4,0,241,0.0
2026-05-16 12:34:43,Sat,12,RPAC Upper Gym Courts 1 - 2,0,241,0.0
2026-05-16 12:34:43,Sat,12,RPAC Upper Gym Courts 3 - 4 ,0,241,0.0
2026-05-16 12:34:43,Sat,12,RPAC Weight Floor,26,125,20.8
2026-05-16 13:08:41,Sat,13,RPAC 1st Floor Fitness Balcony,12,55,21.8
2026-05-16 13:08:41,Sat,13,RPAC 2nd Floor Cardio Loft,5,37,13.5
2026-05-16 13:08:41,Sat,13,RPAC Aquatic Center - Class Pool,0,32,0.0
2026-05-16 13:08:41,Sat,13,RPAC Aquatic Center - Comp Pool,0,25,0.0
2026-05-16 13:08:41,Sat,13,RPAC Aquatic Center - Hot Tub,0,15,0.0
2026-05-16 13:08:41,Sat,13,RPAC Aquatic Center - Lap Pool,6,24,25.0
2026-05-16 13:08:41,Sat,13,RPAC Aquatic Center - Leisure Pool,0,40,0.0
2026-05-16 13:08:41,Sat,13,RPAC Cardio Canyon,4,68,5.9
2026-05-16 13:08:41,Sat,13,RPAC North Gym,13,230,5.7
2026-05-16 13:08:41,Sat,13,RPAC South Gym,3,230,1.3
2026-05-16 13:08:41,Sat,13,RPAC TWD Gym Courts 1-2,0,241,0.0
2026-05-16 13:08:41,Sat,13,RPAC TWD Gym Courts 3 - 4,0,241,0.0
2026-05-16 13:08:41,Sat,13,RPAC Upper Gym Courts 1 - 2,0,241,0.0
2026-05-16 13:08:41,Sat,13,RPAC Upper Gym Courts 3 - 4 ,0,241,0.0
2026-05-16 13:08:41,Sat,13,RPAC Weight Floor,26,125,20.8
2026-05-16 13:36:13,Sat,13,RPAC 1st Floor Fitness Balcony,12,55,21.8
2026-05-16 13:36:13,Sat,13,RPAC 2nd Floor Cardio Loft,5,37,13.5
2026-05-16 13:36:13,Sat,13,RPAC Aquatic Center - Class Pool,0,32,0.0
2026-05-16 13:36:13,Sat,13,RPAC Aquatic Center - Comp Pool,0,25,0.0
2026-05-16 13:36:13,Sat,13,RPAC Aquatic Center - Hot Tub,0,15,0.0
2026-05-16 13:36:13,Sat,13,RPAC Aquatic Center - Lap Pool,6,24,25.0
2026-05-16 13:36:13,Sat,13,RPAC Aquatic Center - Leisure Pool,0,40,0.0
2026-05-16 13:36:13,Sat,13,RPAC Cardio Canyon,4,68,5.9
2026-05-16 13:36:13,Sat,13,RPAC North Gym,13,230,5.7
2026-05-16 13:36:13,Sat,13,RPAC South Gym,3,230,1.3
2026-05-16 13:36:13,Sat,13,RPAC TWD Gym Courts 1-2,0,241,0.0
2026-05-16 13:36:13,Sat,13,RPAC TWD Gym Courts 3 - 4,0,241,0.0
2026-05-16 13:36:13,Sat,13,RPAC Upper Gym Courts 1 - 2,0,241,0.0
2026-05-16 13:36:13,Sat,13,RPAC Upper Gym Courts 3 - 4 ,0,241,0.0
2026-05-16 13:36:13,Sat,13,RPAC Weight Floor,26,125,20.8
2026-05-16 14:04:21,Sat,14,RPAC 1st Floor Fitness Balcony,12,55,21.8
2026-05-16 14:04:21,Sat,14,RPAC 2nd Floor Cardio Loft,5,37,13.5
2026-05-16 14:04:21,Sat,14,RPAC Aquatic Center - Class Pool,0,32,0.0
2026-05-16 14:04:21,Sat,14,RPAC Aquatic Center - Comp Pool,0,25,0.0
2026-05-16 14:04:21,Sat,14,RPAC Aquatic Center - Hot Tub,0,15,0.0
2026-05-16 14:04:21,Sat,14,RPAC Aquatic Center - Lap Pool,6,24,25.0
2026-05-16 14:04:21,Sat,14,RPAC Aquatic Center - Leisure Pool,0,40,0.0
2026-05-16 14:04:21,Sat,14,RPAC Cardio Canyon,4,68,5.9
2026-05-16 14:04:21,Sat,14,RPAC North Gym,13,230,5.7
2026-05-16 14:04:21,Sat,14,RPAC South Gym,3,230,1.3
2026-05-16 14:04:21,Sat,14,RPAC TWD Gym Courts 1-2,0,241,0.0
2026-05-16 14:04:21,Sat,14,RPAC TWD Gym Courts 3 - 4,0,241,0.0
2026-05-16 14:04:21,Sat,14,RPAC Upper Gym Courts 1 - 2,0,241,0.0
2026-05-16 14:04:21,Sat,14,RPAC Upper Gym Courts 3 - 4 ,0,241,0.0
2026-05-16 14:04:21,Sat,14,RPAC Weight Floor,26,125,20.8
2026-05-16 14:36:16,Sat,14,RPAC 1st Floor Fitness Balcony,12,55,21.8
2026-05-16 14:36:16,Sat,14,RPAC 2nd Floor Cardio Loft,5,37,13.5
2026-05-16 14:36:16,Sat,14,RPAC Aquatic Center - Class Pool,0,32,0.0
2026-05-16 14:36:16,Sat,14,RPAC Aquatic Center - Comp Pool,0,25,0.0
2026-05-16 14:36:16,Sat,14,RPAC Aquatic Center - Hot Tub,0,15,0.0
2026-05-16 14:36:16,Sat,14,RPAC Aquatic Center - Lap Pool,6,24,25.0
2026-05-16 14:36:16,Sat,14,RPAC Aquatic Center - Leisure Pool,0,40,0.0
2026-05-16 14:36:16,Sat,14,RPAC Cardio Canyon,4,68,5.9
2026-05-16 14:36:16,Sat,14,RPAC North Gym,13,230,5.7
2026-05-16 14:36:16,Sat,14,RPAC South Gym,3,230,1.3
2026-05-16 14:36:16,Sat,14,RPAC TWD Gym Courts 1-2,0,241,0.0
2026-05-16 14:36:16,Sat,14,RPAC TWD Gym Courts 3 - 4,0,241,0.0
2026-05-16 14:36:16,Sat,14,RPAC Upper Gym Courts 1 - 2,0,241,0.0
2026-05-16 14:36:16,Sat,14,RPAC Upper Gym Courts 3 - 4 ,0,241,0.0
2026-05-16 14:36:16,Sat,14,RPAC Weight Floor,26,125,20.8
2026-05-16 15:09:51,Sat,15,RPAC 1st Floor Fitness Balcony,12,55,21.8
2026-05-16 15:09:51,Sat,15,RPAC 2nd Floor Cardio Loft,5,37,13.5
2026-05-16 15:09:51,Sat,15,RPAC Aquatic Center - Class Pool,0,32,0.0
2026-05-16 15:09:51,Sat,15,RPAC Aquatic Center - Comp Pool,0,25,0.0
2026-05-16 15:09:51,Sat,15,RPAC Aquatic Center - Hot Tub,0,15,0.0
2026-05-16 15:09:51,Sat,15,RPAC Aquatic Center - Lap Pool,6,24,25.0
2026-05-16 15:09:51,Sat,15,RPAC Aquatic Center - Leisure Pool,0,40,0.0
2026-05-16 15:09:51,Sat,15,RPAC Cardio Canyon,4,68,5.9
2026-05-16 15:09:51,Sat,15,RPAC North Gym,13,230,5.7
2026-05-16 15:09:51,Sat,15,RPAC South Gym,3,230,1.3
2026-05-16 15:09:51,Sat,15,RPAC TWD Gym Courts 1-2,0,241,0.0
2026-05-16 15:09:51,Sat,15,RPAC TWD Gym Courts 3 - 4,0,241,0.0
2026-05-16 15:09:51,Sat,15,RPAC Upper Gym Courts 1 - 2,0,241,0.0
2026-05-16 15:09:51,Sat,15,RPAC Upper Gym Courts 3 - 4 ,0,241,0.0
2026-05-16 15:09:51,Sat,15,RPAC Weight Floor,26,125,20.8
2026-05-16 15:39:48,Sat,15,RPAC 1st Floor Fitness Balcony,12,55,21.8
2026-05-16 15:39:48,Sat,15,RPAC 2nd Floor Cardio Loft,5,37,13.5
2026-05-16 15:39:48,Sat,15,RPAC Aquatic Center - Class Pool,0,32,0.0
2026-05-16 15:39:48,Sat,15,RPAC Aquatic Center - Comp Pool,0,25,0.0
2026-05-16 15:39:48,Sat,15,RPAC Aquatic Center - Hot Tub,0,15,0.0
2026-05-16 15:39:48,Sat,15,RPAC Aquatic Center - Lap Pool,6,24,25.0
2026-05-16 15:39:48,Sat,15,RPAC Aquatic Center - Leisure Pool,0,40,0.0
2026-05-16 15:39:48,Sat,15,RPAC Cardio Canyon,4,68,5.9
2026-05-16 15:39:48,Sat,15,RPAC North Gym,13,230,5.7
2026-05-16 15:39:48,Sat,15,RPAC South Gym,3,230,1.3
2026-05-16 15:39:48,Sat,15,RPAC TWD Gym Courts 1-2,0,241,0.0
2026-05-16 15:39:48,Sat,15,RPAC TWD Gym Courts 3 - 4,0,241,0.0
2026-05-16 15:39:48,Sat,15,RPAC Upper Gym Courts 1 - 2,0,241,0.0
2026-05-16 15:39:48,Sat,15,RPAC Upper Gym Courts 3 - 4 ,0,241,0.0
2026-05-16 15:39:48,Sat,15,RPAC Weight Floor,26,125,20.8
2026-05-16 16:06:08,Sat,16,RPAC 1st Floor Fitness Balcony,12,55,21.8
2026-05-16 16:06:08,Sat,16,RPAC 2nd Floor Cardio Loft,5,37,13.5
2026-05-16 16:06:08,Sat,16,RPAC Aquatic Center - Class Pool,0,32,0.0
2026-05-16 16:06:08,Sat,16,RPAC Aquatic Center - Comp Pool,0,25,0.0
2026-05-16 16:06:08,Sat,16,RPAC Aquatic Center - Hot Tub,0,15,0.0
2026-05-16 16:06:08,Sat,16,RPAC Aquatic Center - Lap Pool,6,24,25.0
2026-05-16 16:06:08,Sat,16,RPAC Aquatic Center - Leisure Pool,0,40,0.0
2026-05-16 16:06:08,Sat,16,RPAC Cardio Canyon,4,68,5.9
2026-05-16 16:06:08,Sat,16,RPAC North Gym,13,230,5.7
2026-05-16 16:06:08,Sat,16,RPAC South Gym,3,230,1.3
2026-05-16 16:06:08,Sat,16,RPAC TWD Gym Courts 1-2,0,241,0.0
2026-05-16 16:06:08,Sat,16,RPAC TWD Gym Courts 3 - 4,0,241,0.0
2026-05-16 16:06:08,Sat,16,RPAC Upper Gym Courts 1 - 2,0,241,0.0
2026-05-16 16:06:08,Sat,16,RPAC Upper Gym Courts 3 - 4 ,0,241,0.0
2026-05-16 16:06:08,Sat,16,RPAC Weight Floor,26,125,20.8
2026-05-16 16:31:18,Sat,16,RPAC 1st Floor Fitness Balcony,12,55,21.8
2026-05-16 16:31:18,Sat,16,RPAC 2nd Floor Cardio Loft,5,37,13.5
2026-05-16 16:31:18,Sat,16,RPAC Aquatic Center - Class Pool,0,32,0.0
2026-05-16 16:31:18,Sat,16,RPAC Aquatic Center - Comp Pool,0,25,0.0
2026-05-16 16:31:18,Sat,16,RPAC Aquatic Center - Hot Tub,0,15,0.0
2026-05-16 16:31:18,Sat,16,RPAC Aquatic Center - Lap Pool,6,24,25.0
2026-05-16 16:31:18,Sat,16,RPAC Aquatic Center - Leisure Pool,0,40,0.0
2026-05-16 16:31:18,Sat,16,RPAC Cardio Canyon,4,68,5.9
2026-05-16 16:31:18,Sat,16,RPAC North Gym,13,230,5.7
2026-05-16 16:31:18,Sat,16,RPAC South Gym,3,230,1.3
2026-05-16 16:31:18,Sat,16,RPAC TWD Gym Courts 1-2,0,241,0.0
2026-05-16 16:31:18,Sat,16,RPAC TWD Gym Courts 3 - 4,0,241,0.0
2026-05-16 16:31:18,Sat,16,RPAC Upper Gym Courts 1 - 2,0,241,0.0
2026-05-16 16:31:18,Sat,16,RPAC Upper Gym Courts 3 - 4 ,0,241,0.0
2026-05-16 16:31:18,Sat,16,RPAC Weight Floor,26,125,20.8
2026-05-16 17:03:52,Sat,17,RPAC 1st Floor Fitness Balcony,12,55,21.8
2026-05-16 17:03:52,Sat,17,RPAC 2nd Floor Cardio Loft,5,37,13.5
2026-05-16 17:03:52,Sat,17,RPAC Aquatic Center - Class Pool,0,32,0.0
2026-05-16 17:03:52,Sat,17,RPAC Aquatic Center - Comp Pool,0,25,0.0
2026-05-16 17:03:52,Sat,17,RPAC Aquatic Center - Hot Tub,0,15,0.0
2026-05-16 17:03:52,Sat,17,RPAC Aquatic Center - Lap Pool,6,24,25.0
2026-05-16 17:03:52,Sat,17,RPAC Aquatic Center - Leisure Pool,0,40,0.0
2026-05-16 17:03:52,Sat,17,RPAC Cardio Canyon,4,68,5.9
2026-05-16 17:03:52,Sat,17,RPAC North Gym,13,230,5.7
2026-05-16 17:03:52,Sat,17,RPAC South Gym,3,230,1.3
2026-05-16 17:03:52,Sat,17,RPAC TWD Gym Courts 1-2,0,241,0.0
2026-05-16 17:03:52,Sat,17,RPAC TWD Gym Courts 3 - 4,0,241,0.0
2026-05-16 17:03:52,Sat,17,RPAC Upper Gym Courts 1 - 2,0,241,0.0
2026-05-16 17:03:52,Sat,17,RPAC Upper Gym Courts 3 - 4 ,0,241,0.0
2026-05-16 17:03:52,Sat,17,RPAC Weight Floor,26,125,20.8
2026-05-16 17:33:35,Sat,17,RPAC 1st Floor Fitness Balcony,12,55,21.8
2026-05-16 17:33:35,Sat,17,RPAC 2nd Floor Cardio Loft,5,37,13.5
2026-05-16 17:33:35,Sat,17,RPAC Aquatic Center - Class Pool,0,32,0.0
2026-05-16 17:33:35,Sat,17,RPAC Aquatic Center - Comp Pool,0,25,0.0
2026-05-16 17:33:35,Sat,17,RPAC Aquatic Center - Hot Tub,0,15,0.0
2026-05-16 17:33:35,Sat,17,RPAC Aquatic Center - Lap Pool,6,24,25.0
2026-05-16 17:33:35,Sat,17,RPAC Aquatic Center - Leisure Pool,0,40,0.0
2026-05-16 17:33:35,Sat,17,RPAC Cardio Canyon,4,68,5.9
2026-05-16 17:33:35,Sat,17,RPAC North Gym,13,230,5.7
2026-05-16 17:33:35,Sat,17,RPAC South Gym,3,230,1.3
2026-05-16 17:33:35,Sat,17,RPAC TWD Gym Courts 1-2,0,241,0.0
2026-05-16 17:33:35,Sat,17,RPAC TWD Gym Courts 3 - 4,0,241,0.0
2026-05-16 17:33:35,Sat,17,RPAC Upper Gym Courts 1 - 2,0,241,0.0
2026-05-16 17:33:35,Sat,17,RPAC Upper Gym Courts 3 - 4 ,0,241,0.0
2026-05-16 17:33:35,Sat,17,RPAC Weight Floor,26,125,20.8
2026-05-16 18:03:57,Sat,18,RPAC 1st Floor Fitness Balcony,12,55,21.8
2026-05-16 18:03:57,Sat,18,RPAC 2nd Floor Cardio Loft,5,37,13.5
2026-05-16 18:03:57,Sat,18,RPAC Aquatic Center - Class Pool,0,32,0.0
2026-05-16 18:03:57,Sat,18,RPAC Aquatic Center - Comp Pool,0,25,0.0
2026-05-16 18:03:57,Sat,18,RPAC Aquatic Center - Hot Tub,0,15,0.0
2026-05-16 18:03:57,Sat,18,RPAC Aquatic Center - Lap Pool,6,24,25.0
2026-05-16 18:03:57,Sat,18,RPAC Aquatic Center - Leisure Pool,0,40,0.0
2026-05-16 18:03:57,Sat,18,RPAC Cardio Canyon,4,68,5.9
2026-05-16 18:03:57,Sat,18,RPAC North Gym,13,230,5.7
2026-05-16 18:03:57,Sat,18,RPAC South Gym,3,230,1.3
2026-05-16 18:03:57,Sat,18,RPAC TWD Gym Courts 1-2,0,241,0.0
2026-05-16 18:03:57,Sat,18,RPAC TWD Gym Courts 3 - 4,0,241,0.0
2026-05-16 18:03:57,Sat,18,RPAC Upper Gym Courts 1 - 2,0,241,0.0
2026-05-16 18:03:57,Sat,18,RPAC Upper Gym Courts 3 - 4 ,0,241,0.0
2026-05-16 18:03:57,Sat,18,RPAC Weight Floor,26,125,20.8
2026-05-16 18:31:20,Sat,18,RPAC 1st Floor Fitness Balcony,12,55,21.8
2026-05-16 18:31:20,Sat,18,RPAC 2nd Floor Cardio Loft,5,37,13.5
2026-05-16 18:31:20,Sat,18,RPAC Aquatic Center - Class Pool,0,32,0.0
2026-05-16 18:31:20,Sat,18,RPAC Aquatic Center - Comp Pool,0,25,0.0
2026-05-16 18:31:20,Sat,18,RPAC Aquatic Center - Hot Tub,0,15,0.0
2026-05-16 18:31:20,Sat,18,RPAC Aquatic Center - Lap Pool,6,24,25.0
2026-05-16 18:31:20,Sat,18,RPAC Aquatic Center - Leisure Pool,0,40,0.0
2026-05-16 18:31:20,Sat,18,RPAC Cardio Canyon,4,68,5.9
2026-05-16 18:31:20,Sat,18,RPAC North Gym,13,230,5.7
2026-05-16 18:31:20,Sat,18,RPAC South Gym,3,230,1.3
2026-05-16 18:31:20,Sat,18,RPAC TWD Gym Courts 1-2,0,241,0.0
2026-05-16 18:31:20,Sat,18,RPAC TWD Gym Courts 3 - 4,0,241,0.0
2026-05-16 18:31:20,Sat,18,RPAC Upper Gym Courts 1 - 2,0,241,0.0
2026-05-16 18:31:20,Sat,18,RPAC Upper Gym Courts 3 - 4 ,0,241,0.0
2026-05-16 18:31:20,Sat,18,RPAC Weight Floor,26,125,20.8
2026-05-16 19:05:07,Sat,19,RPAC 1st Floor Fitness Balcony,12,55,21.8
2026-05-16 19:05:07,Sat,19,RPAC 2nd Floor Cardio Loft,5,37,13.5
2026-05-16 19:05:07,Sat,19,RPAC Aquatic Center - Class Pool,0,32,0.0
2026-05-16 19:05:07,Sat,19,RPAC Aquatic Center - Comp Pool,0,25,0.0
2026-05-16 19:05:07,Sat,19,RPAC Aquatic Center - Hot Tub,0,15,0.0
2026-05-16 19:05:07,Sat,19,RPAC Aquatic Center - Lap Pool,6,24,25.0
2026-05-16 19:05:07,Sat,19,RPAC Aquatic Center - Leisure Pool,0,40,0.0
2026-05-16 19:05:07,Sat,19,RPAC Cardio Canyon,4,68,5.9
2026-05-16 19:05:07,Sat,19,RPAC North Gym,13,230,5.7
2026-05-16 19:05:07,Sat,19,RPAC South Gym,3,230,1.3
2026-05-16 19:05:07,Sat,19,RPAC TWD Gym Courts 1-2,0,241,0.0
2026-05-16 19:05:07,Sat,19,RPAC TWD Gym Courts 3 - 4,0,241,0.0
2026-05-16 19:05:07,Sat,19,RPAC Upper Gym Courts 1 - 2,0,241,0.0
2026-05-16 19:05:07,Sat,19,RPAC Upper Gym Courts 3 - 4 ,0,241,0.0
2026-05-16 19:05:07,Sat,19,RPAC Weight Floor,26,125,20.8
2026-05-16 19:34:02,Sat,19,RPAC 1st Floor Fitness Balcony,12,55,21.8
2026-05-16 19:34:02,Sat,19,RPAC 2nd Floor Cardio Loft,5,37,13.5
2026-05-16 19:34:02,Sat,19,RPAC Aquatic Center - Class Pool,0,32,0.0
2026-05-16 19:34:02,Sat,19,RPAC Aquatic Center - Comp Pool,0,25,0.0
2026-05-16 19:34:02,Sat,19,RPAC Aquatic Center - Hot Tub,0,15,0.0
2026-05-16 19:34:02,Sat,19,RPAC Aquatic Center - Lap Pool,6,24,25.0
2026-05-16 19:34:02,Sat,19,RPAC Aquatic Center - Leisure Pool,0,40,0.0
2026-05-16 19:34:02,Sat,19,RPAC Cardio Canyon,4,68,5.9
2026-05-16 19:34:02,Sat,19,RPAC North Gym,13,230,5.7
2026-05-16 19:34:02,Sat,19,RPAC South Gym,3,230,1.3
2026-05-16 19:34:02,Sat,19,RPAC TWD Gym Courts 1-2,0,241,0.0
2026-05-16 19:34:02,Sat,19,RPAC TWD Gym Courts 3 - 4,0,241,0.0
2026-05-16 19:34:02,Sat,19,RPAC Upper Gym Courts 1 - 2,0,241,0.0
2026-05-16 19:34:02,Sat,19,RPAC Upper Gym Courts 3 - 4 ,0,241,0.0
2026-05-16 19:34:02,Sat,19,RPAC Weight Floor,26,125,20.8
2026-05-16 20:04:57,Sat,20,RPAC 1st Floor Fitness Balcony,12,55,21.8
2026-05-16 20:04:57,Sat,20,RPAC 2nd Floor Cardio Loft,5,37,13.5
2026-05-16 20:04:57,Sat,20,RPAC Aquatic Center - Class Pool,0,32,0.0
2026-05-16 20:04:57,Sat,20,RPAC Aquatic Center - Comp Pool,0,25,0.0
2026-05-16 20:04:57,Sat,20,RPAC Aquatic Center - Hot Tub,0,15,0.0
2026-05-16 20:04:57,Sat,20,RPAC Aquatic Center - Lap Pool,6,24,25.0
2026-05-16 20:04:57,Sat,20,RPAC Aquatic Center - Leisure Pool,0,40,0.0
2026-05-16 20:04:57,Sat,20,RPAC Cardio Canyon,4,68,5.9
2026-05-16 20:04:57,Sat,20,RPAC North Gym,13,230,5.7
2026-05-16 20:04:57,Sat,20,RPAC South Gym,3,230,1.3
2026-05-16 20:04:57,Sat,20,RPAC TWD Gym Courts 1-2,0,241,0.0
2026-05-16 20:04:57,Sat,20,RPAC TWD Gym Courts 3 - 4,0,241,0.0
2026-05-16 20:04:57,Sat,20,RPAC Upper Gym Courts 1 - 2,0,241,0.0
2026-05-16 20:04:57,Sat,20,RPAC Upper Gym Courts 3 - 4 ,0,241,0.0
2026-05-16 20:04:57,Sat,20,RPAC Weight Floor,26,125,20.8
2026-05-16 21:16:55,Sat,21,RPAC 1st Floor Fitness Balcony,12,55,21.8
2026-05-16 21:16:55,Sat,21,RPAC 2nd Floor Cardio Loft,5,37,13.5
2026-05-16 21:16:55,Sat,21,RPAC Aquatic Center - Class Pool,0,32,0.0
2026-05-16 21:16:55,Sat,21,RPAC Aquatic Center - Comp Pool,0,25,0.0
2026-05-16 21:16:55,Sat,21,RPAC Aquatic Center - Hot Tub,0,15,0.0
2026-05-16 21:16:55,Sat,21,RPAC Aquatic Center - Lap Pool,6,24,25.0
2026-05-16 21:16:55,Sat,21,RPAC Aquatic Center - Leisure Pool,0,40,0.0
2026-05-16 21:16:55,Sat,21,RPAC Cardio Canyon,4,68,5.9
2026-05-16 21:16:55,Sat,21,RPAC North Gym,13,230,5.7
2026-05-16 21:16:55,Sat,21,RPAC South Gym,3,230,1.3
2026-05-16 21:16:55,Sat,21,RPAC TWD Gym Courts 1-2,0,241,0.0
2026-05-16 21:16:55,Sat,21,RPAC TWD Gym Courts 3 - 4,0,241,0.0
2026-05-16 21:16:55,Sat,21,RPAC Upper Gym Courts 1 - 2,0,241,0.0
2026-05-16 21:16:55,Sat,21,RPAC Upper Gym Courts 3 - 4 ,0,241,0.0
2026-05-16 21:16:55,Sat,21,RPAC Weight Floor,26,125,20.8
2026-05-16 22:22:27,Sat,22,RPAC 1st Floor Fitness Balcony,12,55,21.8
2026-05-16 22:22:27,Sat,22,RPAC 2nd Floor Cardio Loft,5,37,13.5
2026-05-16 22:22:27,Sat,22,RPAC Aquatic Center - Class Pool,0,32,0.0
2026-05-16 22:22:27,Sat,22,RPAC Aquatic Center - Comp Pool,0,25,0.0
2026-05-16 22:22:27,Sat,22,RPAC Aquatic Center - Hot Tub,0,15,0.0
2026-05-16 22:22:27,Sat,22,RPAC Aquatic Center - Lap Pool,6,24,25.0
2026-05-16 22:22:27,Sat,22,RPAC Aquatic Center - Leisure Pool,0,40,0.0
2026-05-16 22:22:27,Sat,22,RPAC Cardio Canyon,4,68,5.9
2026-05-16 22:22:27,Sat,22,RPAC North Gym,13,230,5.7
2026-05-16 22:22:27,Sat,22,RPAC South Gym,3,230,1.3
2026-05-16 22:22:27,Sat,22,RPAC TWD Gym Courts 1-2,0,241,0.0
2026-05-16 22:22:27,Sat,22,RPAC TWD Gym Courts 3 - 4,0,241,0.0
2026-05-16 22:22:27,Sat,22,RPAC Upper Gym Courts 1 - 2,0,241,0.0
2026-05-16 22:22:27,Sat,22,RPAC Upper Gym Courts 3 - 4 ,0,241,0.0
2026-05-16 22:22:27,Sat,22,RPAC Weight Floor,26,125,20.8
2026-05-16 23:47:20,Sat,23,RPAC 1st Floor Fitness Balcony,12,55,21.8
2026-05-16 23:47:20,Sat,23,RPAC 2nd Floor Cardio Loft,5,37,13.5
2026-05-16 23:47:20,Sat,23,RPAC Aquatic Center - Class Pool,0,32,0.0
2026-05-16 23:47:20,Sat,23,RPAC Aquatic Center - Comp Pool,0,25,0.0
2026-05-16 23:47:20,Sat,23,RPAC Aquatic Center - Hot Tub,0,15,0.0
2026-05-16 23:47:20,Sat,23,RPAC Aquatic Center - Lap Pool,6,24,25.0
2026-05-16 23:47:20,Sat,23,RPAC Aquatic Center - Leisure Pool,0,40,0.0
2026-05-16 23:47:20,Sat,23,RPAC Cardio Canyon,4,68,5.9
2026-05-16 23:47:20,Sat,23,RPAC North Gym,13,230,5.7
2026-05-16 23:47:20,Sat,23,RPAC South Gym,3,230,1.3
2026-05-16 23:47:20,Sat,23,RPAC TWD Gym Courts 1-2,0,241,0.0
2026-05-16 23:47:20,Sat,23,RPAC TWD Gym Courts 3 - 4,0,241,0.0
2026-05-16 23:47:20,Sat,23,RPAC Upper Gym Courts 1 - 2,0,241,0.0
2026-05-16 23:47:20,Sat,23,RPAC Upper Gym Courts 3 - 4 ,0,241,0.0
2026-05-16 23:47:20,Sat,23,RPAC Weight Floor,26,125,20.8
2026-05-17 01:22:30,Sun,1,RPAC 1st Floor Fitness Balcony,12,55,21.8
2026-05-17 01:22:30,Sun,1,RPAC 2nd Floor Cardio Loft,5,37,13.5
2026-05-17 01:22:30,Sun,1,RPAC Aquatic Center - Class Pool,0,32,0.0
2026-05-17 01:22:30,Sun,1,RPAC Aquatic Center - Comp Pool,0,25,0.0
2026-05-17 01:22:30,Sun,1,RPAC Aquatic Center - Hot Tub,0,15,0.0
2026-05-17 01:22:30,Sun,1,RPAC Aquatic Center - Lap Pool,6,24,25.0
2026-05-17 01:22:30,Sun,1,RPAC Aquatic Center - Leisure Pool,0,40,0.0
2026-05-17 01:22:30,Sun,1,RPAC Cardio Canyon,4,68,5.9
2026-05-17 01:22:30,Sun,1,RPAC North Gym,13,230,5.7
2026-05-17 01:22:30,Sun,1,RPAC South Gym,3,230,1.3
2026-05-17 01:22:30,Sun,1,RPAC TWD Gym Courts 1-2,0,241,0.0
2026-05-17 01:22:30,Sun,1,RPAC TWD Gym Courts 3 - 4,0,241,0.0
2026-05-17 01:22:30,Sun,1,RPAC Upper Gym Courts 1 - 2,0,241,0.0
2026-05-17 01:22:30,Sun,1,RPAC Upper Gym Courts 3 - 4 ,0,241,0.0
2026-05-17 01:22:30,Sun,1,RPAC Weight Floor,26,125,20.8
2026-05-17 02:33:56,Sun,2,RPAC 1st Floor Fitness Balcony,12,55,21.8
2026-05-17 02:33:56,Sun,2,RPAC 2nd Floor Cardio Loft,5,37,13.5
2026-05-17 02:33:56,Sun,2,RPAC Aquatic Center - Class Pool,0,32,0.0
2026-05-17 02:33:56,Sun,2,RPAC Aquatic Center - Comp Pool,0,25,0.0
2026-05-17 02:33:56,Sun,2,RPAC Aquatic Center - Hot Tub,0,15,0.0
2026-05-17 02:33:56,Sun,2,RPAC Aquatic Center - Lap Pool,6,24,25.0
2026-05-17 02:33:56,Sun,2,RPAC Aquatic Center - Leisure Pool,0,40,0.0
2026-05-17 02:33:56,Sun,2,RPAC Cardio Canyon,4,68,5.9
2026-05-17 02:33:56,Sun,2,RPAC North Gym,13,230,5.7
2026-05-17 02:33:56,Sun,2,RPAC South Gym,3,230,1.3
2026-05-17 02:33:56,Sun,2,RPAC TWD Gym Courts 1-2,0,241,0.0
2026-05-17 02:33:56,Sun,2,RPAC TWD Gym Courts 3 - 4,0,241,0.0
2026-05-17 02:33:56,Sun,2,RPAC Upper Gym Courts 1 - 2,0,241,0.0
2026-05-17 02:33:56,Sun,2,RPAC Upper Gym Courts 3 - 4 ,0,241,0.0
2026-05-17 02:33:56,Sun,2,RPAC Weight Floor,26,125,20.8
2026-05-17 03:38:36,Sun,3,RPAC 1st Floor Fitness Balcony,12,55,21.8
2026-05-17 03:38:36,Sun,3,RPAC 2nd Floor Cardio Loft,5,37,13.5
2026-05-17 03:38:36,Sun,3,RPAC Aquatic Center - Class Pool,0,32,0.0
2026-05-17 03:38:36,Sun,3,RPAC Aquatic Center - Comp Pool,0,25,0.0
2026-05-17 03:38:36,Sun,3,RPAC Aquatic Center - Hot Tub,0,15,0.0
2026-05-17 03:38:36,Sun,3,RPAC Aquatic Center - Lap Pool,6,24,25.0
2026-05-17 03:38:36,Sun,3,RPAC Aquatic Center - Leisure Pool,0,40,0.0
2026-05-17 03:38:36,Sun,3,RPAC Cardio Canyon,4,68,5.9
2026-05-17 03:38:36,Sun,3,RPAC North Gym,13,230,5.7
2026-05-17 03:38:36,Sun,3,RPAC South Gym,3,230,1.3
2026-05-17 03:38:36,Sun,3,RPAC TWD Gym Courts 1-2,0,241,0.0
2026-05-17 03:38:36,Sun,3,RPAC TWD Gym Courts 3 - 4,0,241,0.0
2026-05-17 03:38:36,Sun,3,RPAC Upper Gym Courts 1 - 2,0,241,0.0
2026-05-17 03:38:36,Sun,3,RPAC Upper Gym Courts 3 - 4 ,0,241,0.0
2026-05-17 03:38:36,Sun,3,RPAC Weight Floor,26,125,20.8
2026-05-17 04:32:59,Sun,4,RPAC 1st Floor Fitness Balcony,12,55,21.8
2026-05-17 04:32:59,Sun,4,RPAC 2nd Floor Cardio Loft,5,37,13.5
2026-05-17 04:32:59,Sun,4,RPAC Aquatic Center - Class Pool,0,32,0.0
2026-05-17 04:32:59,Sun,4,RPAC Aquatic Center - Comp Pool,0,25,0.0
2026-05-17 04:32:59,Sun,4,RPAC Aquatic Center - Hot Tub,0,15,0.0
2026-05-17 04:32:59,Sun,4,RPAC Aquatic Center - Lap Pool,6,24,25.0
2026-05-17 04:32:59,Sun,4,RPAC Aquatic Center - Leisure Pool,0,40,0.0
2026-05-17 04:32:59,Sun,4,RPAC Cardio Canyon,4,68,5.9
2026-05-17 04:32:59,Sun,4,RPAC North Gym,13,230,5.7
2026-05-17 04:32:59,Sun,4,RPAC South Gym,3,230,1.3
2026-05-17 04:32:59,Sun,4,RPAC TWD Gym Courts 1-2,0,241,0.0
2026-05-17 04:32:59,Sun,4,RPAC TWD Gym Courts 3 - 4,0,241,0.0
2026-05-17 04:32:59,Sun,4,RPAC Upper Gym Courts 1 - 2,0,241,0.0
2026-05-17 04:32:59,Sun,4,RPAC Upper Gym Courts 3 - 4 ,0,241,0.0
2026-05-17 04:32:59,Sun,4,RPAC Weight Floor,26,125,20.8
2026-05-17 05:21:53,Sun,5,RPAC 1st Floor Fitness Balcony,12,55,21.8
2026-05-17 05:21:53,Sun,5,RPAC 2nd Floor Cardio Loft,5,37,13.5
2026-05-17 05:21:53,Sun,5,RPAC Aquatic Center - Class Pool,0,32,0.0
2026-05-17 05:21:53,Sun,5,RPAC Aquatic Center - Comp Pool,0,25,0.0
2026-05-17 05:21:53,Sun,5,RPAC Aquatic Center - Hot Tub,0,15,0.0
2026-05-17 05:21:53,Sun,5,RPAC Aquatic Center - Lap Pool,6,24,25.0
2026-05-17 05:21:53,Sun,5,RPAC Aquatic Center - Leisure Pool,0,40,0.0
2026-05-17 05:21:53,Sun,5,RPAC Cardio Canyon,4,68,5.9
2026-05-17 05:21:53,Sun,5,RPAC North Gym,13,230,5.7
2026-05-17 05:21:53,Sun,5,RPAC South Gym,3,230,1.3
2026-05-17 05:21:53,Sun,5,RPAC TWD Gym Courts 1-2,0,241,0.0
2026-05-17 05:21:53,Sun,5,RPAC TWD Gym Courts 3 - 4,0,241,0.0
2026-05-17 05:21:53,Sun,5,RPAC Upper Gym Courts 1 - 2,0,241,0.0
2026-05-17 05:21:53,Sun,5,RPAC Upper Gym Courts 3 - 4 ,0,241,0.0
2026-05-17 05:21:53,Sun,5,RPAC Weight Floor,26,125,20.8
2026-05-17 06:05:06,Sun,6,RPAC 1st Floor Fitness Balcony,12,55,21.8
2026-05-17 06:05:06,Sun,6,RPAC 2nd Floor Cardio Loft,5,37,13.5
2026-05-17 06:05:06,Sun,6,RPAC Aquatic Center - Class Pool,0,32,0.0
2026-05-17 06:05:06,Sun,6,RPAC Aquatic Center - Comp Pool,0,25,0.0
2026-05-17 06:05:06,Sun,6,RPAC Aquatic Center - Hot Tub,0,15,0.0
2026-05-17 06:05:06,Sun,6,RPAC Aquatic Center - Lap Pool,6,24,25.0
2026-05-17 06:05:06,Sun,6,RPAC Aquatic Center - Leisure Pool,0,40,0.0
2026-05-17 06:05:06,Sun,6,RPAC Cardio Canyon,4,68,5.9
2026-05-17 06:05:06,Sun,6,RPAC North Gym,13,230,5.7
2026-05-17 06:05:06,Sun,6,RPAC South Gym,3,230,1.3
2026-05-17 06:05:06,Sun,6,RPAC TWD Gym Courts 1-2,0,241,0.0
2026-05-17 06:05:06,Sun,6,RPAC TWD Gym Courts 3 - 4,0,241,0.0
2026-05-17 06:05:06,Sun,6,RPAC Upper Gym Courts 1 - 2,0,241,0.0
2026-05-17 06:05:06,Sun,6,RPAC Upper Gym Courts 3 - 4 ,0,241,0.0
2026-05-17 06:05:06,Sun,6,RPAC Weight Floor,26,125,20.8
2026-05-17 06:44:04,Sun,6,RPAC 1st Floor Fitness Balcony,12,55,21.8
2026-05-17 06:44:04,Sun,6,RPAC 2nd Floor Cardio Loft,5,37,13.5
2026-05-17 06:44:04,Sun,6,RPAC Aquatic Center - Class Pool,0,32,0.0
2026-05-17 06:44:04,Sun,6,RPAC Aquatic Center - Comp Pool,0,25,0.0
2026-05-17 06:44:04,Sun,6,RPAC Aquatic Center - Hot Tub,0,15,0.0
2026-05-17 06:44:04,Sun,6,RPAC Aquatic Center - Lap Pool,6,24,25.0
2026-05-17 06:44:04,Sun,6,RPAC Aquatic Center - Leisure Pool,0,40,0.0
2026-05-17 06:44:04,Sun,6,RPAC Cardio Canyon,4,68,5.9
2026-05-17 06:44:04,Sun,6,RPAC North Gym,13,230,5.7
2026-05-17 06:44:04,Sun,6,RPAC South Gym,3,230,1.3
2026-05-17 06:44:04,Sun,6,RPAC TWD Gym Courts 1-2,0,241,0.0
2026-05-17 06:44:04,Sun,6,RPAC TWD Gym Courts 3 - 4,0,241,0.0
2026-05-17 06:44:04,Sun,6,RPAC Upper Gym Courts 1 - 2,0,241,0.0
2026-05-17 06:44:04,Sun,6,RPAC Upper Gym Courts 3 - 4 ,0,241,0.0
2026-05-17 06:44:04,Sun,6,RPAC Weight Floor,26,125,20.8
2026-05-17 07:15:03,Sun,7,RPAC 1st Floor Fitness Balcony,12,55,21.8
2026-05-17 07:15:03,Sun,7,RPAC 2nd Floor Cardio Loft,5,37,13.5
2026-05-17 07:15:03,Sun,7,RPAC Aquatic Center - Class Pool,0,32,0.0
2026-05-17 07:15:03,Sun,7,RPAC Aquatic Center - Comp Pool,0,25,0.0
2026-05-17 07:15:03,Sun,7,RPAC Aquatic Center - Hot Tub,0,15,0.0
2026-05-17 07:15:03,Sun,7,RPAC Aquatic Center - Lap Pool,6,24,25.0
2026-05-17 07:15:03,Sun,7,RPAC Aquatic Center - Leisure Pool,0,40,0.0
2026-05-17 07:15:03,Sun,7,RPAC Cardio Canyon,4,68,5.9
2026-05-17 07:15:03,Sun,7,RPAC North Gym,13,230,5.7
2026-05-17 07:15:03,Sun,7,RPAC South Gym,3,230,1.3
2026-05-17 07:15:03,Sun,7,RPAC TWD Gym Courts 1-2,0,241,0.0
2026-05-17 07:15:03,Sun,7,RPAC TWD Gym Courts 3 - 4,0,241,0.0
2026-05-17 07:15:03,Sun,7,RPAC Upper Gym Courts 1 - 2,0,241,0.0
2026-05-17 07:15:03,Sun,7,RPAC Upper Gym Courts 3 - 4 ,0,241,0.0
2026-05-17 07:15:03,Sun,7,RPAC Weight Floor,26,125,20.8
2026-05-17 07:42:19,Sun,7,RPAC 1st Floor Fitness Balcony,12,55,21.8
2026-05-17 07:42:19,Sun,7,RPAC 2nd Floor Cardio Loft,5,37,13.5
2026-05-17 07:42:19,Sun,7,RPAC Aquatic Center - Class Pool,0,32,0.0
2026-05-17 07:42:19,Sun,7,RPAC Aquatic Center - Comp Pool,0,25,0.0
2026-05-17 07:42:19,Sun,7,RPAC Aquatic Center - Hot Tub,0,15,0.0
2026-05-17 07:42:19,Sun,7,RPAC Aquatic Center - Lap Pool,6,24,25.0
2026-05-17 07:42:19,Sun,7,RPAC Aquatic Center - Leisure Pool,0,40,0.0
2026-05-17 07:42:19,Sun,7,RPAC Cardio Canyon,4,68,5.9
2026-05-17 07:42:19,Sun,7,RPAC North Gym,13,230,5.7
2026-05-17 07:42:19,Sun,7,RPAC South Gym,3,230,1.3
2026-05-17 07:42:19,Sun,7,RPAC TWD Gym Courts 1-2,0,241,0.0
2026-05-17 07:42:19,Sun,7,RPAC TWD Gym Courts 3 - 4,0,241,0.0
2026-05-17 07:42:19,Sun,7,RPAC Upper Gym Courts 1 - 2,0,241,0.0
2026-05-17 07:42:19,Sun,7,RPAC Upper Gym Courts 3 - 4 ,0,241,0.0
2026-05-17 07:42:19,Sun,7,RPAC Weight Floor,26,125,20.8
2026-05-17 08:06:03,Sun,8,RPAC 1st Floor Fitness Balcony,12,55,21.8
2026-05-17 08:06:03,Sun,8,RPAC 2nd Floor Cardio Loft,5,37,13.5
2026-05-17 08:06:03,Sun,8,RPAC Aquatic Center - Class Pool,0,32,0.0
2026-05-17 08:06:03,Sun,8,RPAC Aquatic Center - Comp Pool,0,25,0.0
2026-05-17 08:06:03,Sun,8,RPAC Aquatic Center - Hot Tub,0,15,0.0
2026-05-17 08:06:03,Sun,8,RPAC Aquatic Center - Lap Pool,6,24,25.0
2026-05-17 08:06:03,Sun,8,RPAC Aquatic Center - Leisure Pool,0,40,0.0
2026-05-17 08:06:03,Sun,8,RPAC Cardio Canyon,4,68,5.9
2026-05-17 08:06:03,Sun,8,RPAC North Gym,13,230,5.7
2026-05-17 08:06:03,Sun,8,RPAC South Gym,3,230,1.3
2026-05-17 08:06:03,Sun,8,RPAC TWD Gym Courts 1-2,0,241,0.0
2026-05-17 08:06:03,Sun,8,RPAC TWD Gym Courts 3 - 4,0,241,0.0
2026-05-17 08:06:03,Sun,8,RPAC Upper Gym Courts 1 - 2,0,241,0.0
2026-05-17 08:06:03,Sun,8,RPAC Upper Gym Courts 3 - 4 ,0,241,0.0
2026-05-17 08:06:03,Sun,8,RPAC Weight Floor,26,125,20.8
2026-05-17 08:37:12,Sun,8,RPAC 1st Floor Fitness Balcony,12,55,21.8
2026-05-17 08:37:12,Sun,8,RPAC 2nd Floor Cardio Loft,5,37,13.5
2026-05-17 08:37:12,Sun,8,RPAC Aquatic Center - Class Pool,0,32,0.0
2026-05-17 08:37:12,Sun,8,RPAC Aquatic Center - Comp Pool,0,25,0.0
2026-05-17 08:37:12,Sun,8,RPAC Aquatic Center - Hot Tub,0,15,0.0
2026-05-17 08:37:12,Sun,8,RPAC Aquatic Center - Lap Pool,6,24,25.0
2026-05-17 08:37:12,Sun,8,RPAC Aquatic Center - Leisure Pool,0,40,0.0
2026-05-17 08:37:12,Sun,8,RPAC Cardio Canyon,4,68,5.9
2026-05-17 08:37:12,Sun,8,RPAC North Gym,13,230,5.7
2026-05-17 08:37:12,Sun,8,RPAC South Gym,3,230,1.3
2026-05-17 08:37:12,Sun,8,RPAC TWD Gym Courts 1-2,0,241,0.0
2026-05-17 08:37:12,Sun,8,RPAC TWD Gym Courts 3 - 4,0,241,0.0
2026-05-17 08:37:12,Sun,8,RPAC Upper Gym Courts 1 - 2,0,241,0.0
2026-05-17 08:37:12,Sun,8,RPAC Upper Gym Courts 3 - 4 ,0,241,0.0
2026-05-17 08:37:12,Sun,8,RPAC Weight Floor,26,125,20.8
2026-05-17 09:53:40,Sun,9,RPAC 1st Floor Fitness Balcony,12,55,21.8
2026-05-17 09:53:40,Sun,9,RPAC 2nd Floor Cardio Loft,5,37,13.5
2026-05-17 09:53:40,Sun,9,RPAC Aquatic Center - Class Pool,0,32,0.0
2026-05-17 09:53:40,Sun,9,RPAC Aquatic Center - Comp Pool,0,25,0.0
2026-05-17 09:53:40,Sun,9,RPAC Aquatic Center - Hot Tub,0,15,0.0
2026-05-17 09:53:40,Sun,9,RPAC Aquatic Center - Lap Pool,6,24,25.0
2026-05-17 09:53:40,Sun,9,RPAC Aquatic Center - Leisure Pool,0,40,0.0
2026-05-17 09:53:40,Sun,9,RPAC Cardio Canyon,4,68,5.9
2026-05-17 09:53:40,Sun,9,RPAC North Gym,13,230,5.7
2026-05-17 09:53:40,Sun,9,RPAC South Gym,3,230,1.3
2026-05-17 09:53:40,Sun,9,RPAC TWD Gym Courts 1-2,0,241,0.0
2026-05-17 09:53:40,Sun,9,RPAC TWD Gym Courts 3 - 4,0,241,0.0
2026-05-17 09:53:40,Sun,9,RPAC Upper Gym Courts 1 - 2,0,241,0.0
2026-05-17 09:53:40,Sun,9,RPAC Upper Gym Courts 3 - 4 ,0,241,0.0
2026-05-17 09:53:40,Sun,9,RPAC Weight Floor,26,125,20.8
2026-05-17 10:34:42,Sun,10,RPAC 1st Floor Fitness Balcony,12,55,21.8
2026-05-17 10:34:42,Sun,10,RPAC 2nd Floor Cardio Loft,5,37,13.5
2026-05-17 10:34:42,Sun,10,RPAC Aquatic Center - Class Pool,0,32,0.0
2026-05-17 10:34:42,Sun,10,RPAC Aquatic Center - Comp Pool,0,25,0.0
2026-05-17 10:34:42,Sun,10,RPAC Aquatic Center - Hot Tub,0,15,0.0
2026-05-17 10:34:42,Sun,10,RPAC Aquatic Center - Lap Pool,6,24,25.0
2026-05-17 10:34:42,Sun,10,RPAC Aquatic Center - Leisure Pool,0,40,0.0
2026-05-17 10:34:42,Sun,10,RPAC Cardio Canyon,4,68,5.9
2026-05-17 10:34:42,Sun,10,RPAC North Gym,13,230,5.7
2026-05-17 10:34:42,Sun,10,RPAC South Gym,3,230,1.3
2026-05-17 10:34:42,Sun,10,RPAC TWD Gym Courts 1-2,0,241,0.0
2026-05-17 10:34:42,Sun,10,RPAC TWD Gym Courts 3 - 4,0,241,0.0
2026-05-17 10:34:42,Sun,10,RPAC Upper Gym Courts 1 - 2,0,241,0.0
2026-05-17 10:34:42,Sun,10,RPAC Upper Gym Courts 3 - 4 ,0,241,0.0
2026-05-17 10:34:42,Sun,10,RPAC Weight Floor,26,125,20.8
2026-05-17 11:08:06,Sun,11,RPAC 1st Floor Fitness Balcony,12,55,21.8
2026-05-17 11:08:06,Sun,11,RPAC 2nd Floor Cardio Loft,5,37,13.5
2026-05-17 11:08:06,Sun,11,RPAC Aquatic Center - Class Pool,0,32,0.0
2026-05-17 11:08:06,Sun,11,RPAC Aquatic Center - Comp Pool,0,25,0.0
2026-05-17 11:08:06,Sun,11,RPAC Aquatic Center - Hot Tub,0,15,0.0
2026-05-17 11:08:06,Sun,11,RPAC Aquatic Center - Lap Pool,6,24,25.0
2026-05-17 11:08:06,Sun,11,RPAC Aquatic Center - Leisure Pool,0,40,0.0
2026-05-17 11:08:06,Sun,11,RPAC Cardio Canyon,4,68,5.9
2026-05-17 11:08:06,Sun,11,RPAC North Gym,13,230,5.7
2026-05-17 11:08:06,Sun,11,RPAC South Gym,3,230,1.3
2026-05-17 11:08:06,Sun,11,RPAC TWD Gym Courts 1-2,0,241,0.0
2026-05-17 11:08:06,Sun,11,RPAC TWD Gym Courts 3 - 4,0,241,0.0
2026-05-17 11:08:06,Sun,11,RPAC Upper Gym Courts 1 - 2,0,241,0.0
2026-05-17 11:08:06,Sun,11,RPAC Upper Gym Courts 3 - 4 ,0,241,0.0
2026-05-17 11:08:06,Sun,11,RPAC Weight Floor,26,125,20.8
2026-05-17 11:39:22,Sun,11,RPAC 1st Floor Fitness Balcony,12,55,21.8
2026-05-17 11:39:22,Sun,11,RPAC 2nd Floor Cardio Loft,5,37,13.5
2026-05-17 11:39:22,Sun,11,RPAC Aquatic Center - Class Pool,0,32,0.0
2026-05-17 11:39:22,Sun,11,RPAC Aquatic Center - Comp Pool,0,25,0.0
2026-05-17 11:39:22,Sun,11,RPAC Aquatic Center - Hot Tub,0,15,0.0
2026-05-17 11:39:22,Sun,11,RPAC Aquatic Center - Lap Pool,6,24,25.0
2026-05-17 11:39:22,Sun,11,RPAC Aquatic Center - Leisure Pool,0,40,0.0
2026-05-17 11:39:22,Sun,11,RPAC Cardio Canyon,4,68,5.9
2026-05-17 11:39:22,Sun,11,RPAC North Gym,13,230,5.7
2026-05-17 11:39:22,Sun,11,RPAC South Gym,3,230,1.3
2026-05-17 11:39:22,Sun,11,RPAC TWD Gym Courts 1-2,0,241,0.0
2026-05-17 11:39:22,Sun,11,RPAC TWD Gym Courts 3 - 4,0,241,0.0
2026-05-17 11:39:22,Sun,11,RPAC Upper Gym Courts 1 - 2,0,241,0.0
2026-05-17 11:39:22,Sun,11,RPAC Upper Gym Courts 3 - 4 ,0,241,0.0
2026-05-17 11:39:22,Sun,11,RPAC Weight Floor,26,125,20.8
2026-05-17 12:06:53,Sun,12,RPAC 1st Floor Fitness Balcony,12,55,21.8
2026-05-17 12:06:53,Sun,12,RPAC 2nd Floor Cardio Loft,5,37,13.5
2026-05-17 12:06:53,Sun,12,RPAC Aquatic Center - Class Pool,0,32,0.0
2026-05-17 12:06:53,Sun,12,RPAC Aquatic Center - Comp Pool,0,25,0.0
2026-05-17 12:06:53,Sun,12,RPAC Aquatic Center - Hot Tub,0,15,0.0
2026-05-17 12:06:53,Sun,12,RPAC Aquatic Center - Lap Pool,6,24,25.0
2026-05-17 12:06:53,Sun,12,RPAC Aquatic Center - Leisure Pool,0,40,0.0
2026-05-17 12:06:53,Sun,12,RPAC Cardio Canyon,4,68,5.9
2026-05-17 12:06:53,Sun,12,RPAC North Gym,13,230,5.7
2026-05-17 12:06:53,Sun,12,RPAC South Gym,3,230,1.3
2026-05-17 12:06:53,Sun,12,RPAC TWD Gym Courts 1-2,0,241,0.0
2026-05-17 12:06:53,Sun,12,RPAC TWD Gym Courts 3 - 4,0,241,0.0
2026-05-17 12:06:53,Sun,12,RPAC Upper Gym Courts 1 - 2,0,241,0.0
2026-05-17 12:06:53,Sun,12,RPAC Upper Gym Courts 3 - 4 ,0,241,0.0
2026-05-17 12:06:53,Sun,12,RPAC Weight Floor,26,125,20.8
2026-05-17 12:36:02,Sun,12,RPAC 1st Floor Fitness Balcony,12,55,21.8
2026-05-17 12:36:02,Sun,12,RPAC 2nd Floor Cardio Loft,5,37,13.5
2026-05-17 12:36:02,Sun,12,RPAC Aquatic Center - Class Pool,0,32,0.0
2026-05-17 12:36:02,Sun,12,RPAC Aquatic Center - Comp Pool,0,25,0.0
2026-05-17 12:36:02,Sun,12,RPAC Aquatic Center - Hot Tub,0,15,0.0
2026-05-17 12:36:02,Sun,12,RPAC Aquatic Center - Lap Pool,6,24,25.0
2026-05-17 12:36:02,Sun,12,RPAC Aquatic Center - Leisure Pool,0,40,0.0
2026-05-17 12:36:02,Sun,12,RPAC Cardio Canyon,4,68,5.9
2026-05-17 12:36:02,Sun,12,RPAC North Gym,13,230,5.7
2026-05-17 12:36:02,Sun,12,RPAC South Gym,3,230,1.3
2026-05-17 12:36:02,Sun,12,RPAC TWD Gym Courts 1-2,0,241,0.0
2026-05-17 12:36:02,Sun,12,RPAC TWD Gym Courts 3 - 4,0,241,0.0
2026-05-17 12:36:02,Sun,12,RPAC Upper Gym Courts 1 - 2,0,241,0.0
2026-05-17 12:36:02,Sun,12,RPAC Upper Gym Courts 3 - 4 ,0,241,0.0
2026-05-17 12:36:02,Sun,12,RPAC Weight Floor,26,125,20.8
2026-05-17 13:08:35,Sun,13,RPAC 1st Floor Fitness Balcony,12,55,21.8
2026-05-17 13:08:35,Sun,13,RPAC 2nd Floor Cardio Loft,5,37,13.5
2026-05-17 13:08:35,Sun,13,RPAC Aquatic Center - Class Pool,0,32,0.0
2026-05-17 13:08:35,Sun,13,RPAC Aquatic Center - Comp Pool,0,25,0.0
2026-05-17 13:08:35,Sun,13,RPAC Aquatic Center - Hot Tub,0,15,0.0
2026-05-17 13:08:35,Sun,13,RPAC Aquatic Center - Lap Pool,6,24,25.0
2026-05-17 13:08:35,Sun,13,RPAC Aquatic Center - Leisure Pool,0,40,0.0
2026-05-17 13:08:35,Sun,13,RPAC Cardio Canyon,4,68,5.9
2026-05-17 13:08:35,Sun,13,RPAC North Gym,13,230,5.7
2026-05-17 13:08:35,Sun,13,RPAC South Gym,3,230,1.3
2026-05-17 13:08:35,Sun,13,RPAC TWD Gym Courts 1-2,0,241,0.0
2026-05-17 13:08:35,Sun,13,RPAC TWD Gym Courts 3 - 4,0,241,0.0
2026-05-17 13:08:35,Sun,13,RPAC Upper Gym Courts 1 - 2,0,241,0.0
2026-05-17 13:08:35,Sun,13,RPAC Upper Gym Courts 3 - 4 ,0,241,0.0
2026-05-17 13:08:35,Sun,13,RPAC Weight Floor,26,125,20.8
2026-05-17 13:36:22,Sun,13,RPAC 1st Floor Fitness Balcony,12,55,21.8
2026-05-17 13:36:22,Sun,13,RPAC 2nd Floor Cardio Loft,5,37,13.5
2026-05-17 13:36:22,Sun,13,RPAC Aquatic Center - Class Pool,0,32,0.0
2026-05-17 13:36:22,Sun,13,RPAC Aquatic Center - Comp Pool,0,25,0.0
2026-05-17 13:36:22,Sun,13,RPAC Aquatic Center - Hot Tub,0,15,0.0
2026-05-17 13:36:22,Sun,13,RPAC Aquatic Center - Lap Pool,6,24,25.0
2026-05-17 13:36:22,Sun,13,RPAC Aquatic Center - Leisure Pool,0,40,0.0
2026-05-17 13:36:22,Sun,13,RPAC Cardio Canyon,4,68,5.9
2026-05-17 13:36:22,Sun,13,RPAC North Gym,13,230,5.7
2026-05-17 13:36:22,Sun,13,RPAC South Gym,3,230,1.3
2026-05-17 13:36:22,Sun,13,RPAC TWD Gym Courts 1-2,0,241,0.0
2026-05-17 13:36:22,Sun,13,RPAC TWD Gym Courts 3 - 4,0,241,0.0
2026-05-17 13:36:22,Sun,13,RPAC Upper Gym Courts 1 - 2,0,241,0.0
2026-05-17 13:36:22,Sun,13,RPAC Upper Gym Courts 3 - 4 ,0,241,0.0
2026-05-17 13:36:22,Sun,13,RPAC Weight Floor,26,125,20.8
2026-05-17 14:06:34,Sun,14,RPAC 1st Floor Fitness Balcony,12,55,21.8
2026-05-17 14:06:34,Sun,14,RPAC 2nd Floor Cardio Loft,5,37,13.5
2026-05-17 14:06:34,Sun,14,RPAC Aquatic Center - Class Pool,0,32,0.0
2026-05-17 14:06:34,Sun,14,RPAC Aquatic Center - Comp Pool,0,25,0.0
2026-05-17 14:06:34,Sun,14,RPAC Aquatic Center - Hot Tub,0,15,0.0
2026-05-17 14:06:34,Sun,14,RPAC Aquatic Center - Lap Pool,6,24,25.0
2026-05-17 14:06:34,Sun,14,RPAC Aquatic Center - Leisure Pool,0,40,0.0
2026-05-17 14:06:34,Sun,14,RPAC Cardio Canyon,4,68,5.9
2026-05-17 14:06:34,Sun,14,RPAC North Gym,13,230,5.7
2026-05-17 14:06:34,Sun,14,RPAC South Gym,3,230,1.3
2026-05-17 14:06:34,Sun,14,RPAC TWD Gym Courts 1-2,0,241,0.0
2026-05-17 14:06:34,Sun,14,RPAC TWD Gym Courts 3 - 4,0,241,0.0
2026-05-17 14:06:34,Sun,14,RPAC Upper Gym Courts 1 - 2,0,241,0.0
2026-05-17 14:06:34,Sun,14,RPAC Upper Gym Courts 3 - 4 ,0,241,0.0
2026-05-17 14:06:34,Sun,14,RPAC Weight Floor,26,125,20.8
2026-05-17 14:38:04,Sun,14,RPAC 1st Floor Fitness Balcony,12,55,21.8
2026-05-17 14:38:04,Sun,14,RPAC 2nd Floor Cardio Loft,5,37,13.5
2026-05-17 14:38:04,Sun,14,RPAC Aquatic Center - Class Pool,0,32,0.0
2026-05-17 14:38:04,Sun,14,RPAC Aquatic Center - Comp Pool,0,25,0.0
2026-05-17 14:38:04,Sun,14,RPAC Aquatic Center - Hot Tub,0,15,0.0
2026-05-17 14:38:04,Sun,14,RPAC Aquatic Center - Lap Pool,6,24,25.0
2026-05-17 14:38:04,Sun,14,RPAC Aquatic Center - Leisure Pool,0,40,0.0
2026-05-17 14:38:04,Sun,14,RPAC Cardio Canyon,4,68,5.9
2026-05-17 14:38:04,Sun,14,RPAC North Gym,13,230,5.7
2026-05-17 14:38:04,Sun,14,RPAC South Gym,3,230,1.3
2026-05-17 14:38:04,Sun,14,RPAC TWD Gym Courts 1-2,0,241,0.0
2026-05-17 14:38:04,Sun,14,RPAC TWD Gym Courts 3 - 4,0,241,0.0
2026-05-17 14:38:04,Sun,14,RPAC Upper Gym Courts 1 - 2,0,241,0.0
2026-05-17 14:38:04,Sun,14,RPAC Upper Gym Courts 3 - 4 ,0,241,0.0
2026-05-17 14:38:04,Sun,14,RPAC Weight Floor,26,125,20.8
2026-05-17 15:10:33,Sun,15,RPAC 1st Floor Fitness Balcony,12,55,21.8
2026-05-17 15:10:33,Sun,15,RPAC 2nd Floor Cardio Loft,5,37,13.5
2026-05-17 15:10:33,Sun,15,RPAC Aquatic Center - Class Pool,0,32,0.0
2026-05-17 15:10:33,Sun,15,RPAC Aquatic Center - Comp Pool,0,25,0.0
2026-05-17 15:10:33,Sun,15,RPAC Aquatic Center - Hot Tub,0,15,0.0
2026-05-17 15:10:33,Sun,15,RPAC Aquatic Center - Lap Pool,6,24,25.0
2026-05-17 15:10:33,Sun,15,RPAC Aquatic Center - Leisure Pool,0,40,0.0
2026-05-17 15:10:33,Sun,15,RPAC Cardio Canyon,4,68,5.9
2026-05-17 15:10:33,Sun,15,RPAC North Gym,13,230,5.7
2026-05-17 15:10:33,Sun,15,RPAC South Gym,3,230,1.3
2026-05-17 15:10:33,Sun,15,RPAC TWD Gym Courts 1-2,0,241,0.0
2026-05-17 15:10:33,Sun,15,RPAC TWD Gym Courts 3 - 4,0,241,0.0
2026-05-17 15:10:33,Sun,15,RPAC Upper Gym Courts 1 - 2,0,241,0.0
2026-05-17 15:10:33,Sun,15,RPAC Upper Gym Courts 3 - 4 ,0,241,0.0
2026-05-17 15:10:33,Sun,15,RPAC Weight Floor,26,125,20.8
2026-05-17 15:42:57,Sun,15,RPAC 1st Floor Fitness Balcony,12,55,21.8
2026-05-17 15:42:57,Sun,15,RPAC 2nd Floor Cardio Loft,5,37,13.5
2026-05-17 15:42:57,Sun,15,RPAC Aquatic Center - Class Pool,0,32,0.0
2026-05-17 15:42:57,Sun,15,RPAC Aquatic Center - Comp Pool,0,25,0.0
2026-05-17 15:42:57,Sun,15,RPAC Aquatic Center - Hot Tub,0,15,0.0
2026-05-17 15:42:57,Sun,15,RPAC Aquatic Center - Lap Pool,6,24,25.0
2026-05-17 15:42:57,Sun,15,RPAC Aquatic Center - Leisure Pool,0,40,0.0
2026-05-17 15:42:57,Sun,15,RPAC Cardio Canyon,4,68,5.9
2026-05-17 15:42:57,Sun,15,RPAC North Gym,13,230,5.7
2026-05-17 15:42:57,Sun,15,RPAC South Gym,3,230,1.3
2026-05-17 15:42:57,Sun,15,RPAC TWD Gym Courts 1-2,0,241,0.0
2026-05-17 15:42:57,Sun,15,RPAC TWD Gym Courts 3 - 4,0,241,0.0
2026-05-17 15:42:57,Sun,15,RPAC Upper Gym Courts 1 - 2,0,241,0.0
2026-05-17 15:42:57,Sun,15,RPAC Upper Gym Courts 3 - 4 ,0,241,0.0
2026-05-17 15:42:57,Sun,15,RPAC Weight Floor,26,125,20.8
2026-05-17 16:09:06,Sun,16,RPAC 1st Floor Fitness Balcony,12,55,21.8
2026-05-17 16:09:06,Sun,16,RPAC 2nd Floor Cardio Loft,5,37,13.5
2026-05-17 16:09:06,Sun,16,RPAC Aquatic Center - Class Pool,0,32,0.0
2026-05-17 16:09:06,Sun,16,RPAC Aquatic Center - Comp Pool,0,25,0.0
2026-05-17 16:09:06,Sun,16,RPAC Aquatic Center - Hot Tub,0,15,0.0
2026-05-17 16:09:06,Sun,16,RPAC Aquatic Center - Lap Pool,6,24,25.0
2026-05-17 16:09:06,Sun,16,RPAC Aquatic Center - Leisure Pool,0,40,0.0
2026-05-17 16:09:06,Sun,16,RPAC Cardio Canyon,4,68,5.9
2026-05-17 16:09:06,Sun,16,RPAC North Gym,13,230,5.7
2026-05-17 16:09:06,Sun,16,RPAC South Gym,3,230,1.3
2026-05-17 16:09:06,Sun,16,RPAC TWD Gym Courts 1-2,0,241,0.0
2026-05-17 16:09:06,Sun,16,RPAC TWD Gym Courts 3 - 4,0,241,0.0
2026-05-17 16:09:06,Sun,16,RPAC Upper Gym Courts 1 - 2,0,241,0.0
2026-05-17 16:09:06,Sun,16,RPAC Upper Gym Courts 3 - 4 ,0,241,0.0
2026-05-17 16:09:06,Sun,16,RPAC Weight Floor,26,125,20.8
2026-05-17 16:32:51,Sun,16,RPAC 1st Floor Fitness Balcony,12,55,21.8
2026-05-17 16:32:51,Sun,16,RPAC 2nd Floor Cardio Loft,5,37,13.5
2026-05-17 16:32:51,Sun,16,RPAC Aquatic Center - Class Pool,0,32,0.0
2026-05-17 16:32:51,Sun,16,RPAC Aquatic Center - Comp Pool,0,25,0.0
2026-05-17 16:32:51,Sun,16,RPAC Aquatic Center - Hot Tub,0,15,0.0
2026-05-17 16:32:51,Sun,16,RPAC Aquatic Center - Lap Pool,6,24,25.0
2026-05-17 16:32:51,Sun,16,RPAC Aquatic Center - Leisure Pool,0,40,0.0
2026-05-17 16:32:51,Sun,16,RPAC Cardio Canyon,4,68,5.9
2026-05-17 16:32:51,Sun,16,RPAC North Gym,13,230,5.7
2026-05-17 16:32:51,Sun,16,RPAC South Gym,3,230,1.3
2026-05-17 16:32:51,Sun,16,RPAC TWD Gym Courts 1-2,0,241,0.0
2026-05-17 16:32:51,Sun,16,RPAC TWD Gym Courts 3 - 4,0,241,0.0
2026-05-17 16:32:51,Sun,16,RPAC Upper Gym Courts 1 - 2,0,241,0.0
2026-05-17 16:32:51,Sun,16,RPAC Upper Gym Courts 3 - 4 ,0,241,0.0
2026-05-17 16:32:51,Sun,16,RPAC Weight Floor,26,125,20.8
2026-05-17 17:06:15,Sun,17,RPAC 1st Floor Fitness Balcony,12,55,21.8
2026-05-17 17:06:15,Sun,17,RPAC 2nd Floor Cardio Loft,5,37,13.5
2026-05-17 17:06:15,Sun,17,RPAC Aquatic Center - Class Pool,0,32,0.0
2026-05-17 17:06:15,Sun,17,RPAC Aquatic Center - Comp Pool,0,25,0.0
2026-05-17 17:06:15,Sun,17,RPAC Aquatic Center - Hot Tub,0,15,0.0
2026-05-17 17:06:15,Sun,17,RPAC Aquatic Center - Lap Pool,6,24,25.0
2026-05-17 17:06:15,Sun,17,RPAC Aquatic Center - Leisure Pool,0,40,0.0
2026-05-17 17:06:15,Sun,17,RPAC Cardio Canyon,4,68,5.9
2026-05-17 17:06:15,Sun,17,RPAC North Gym,13,230,5.7
2026-05-17 17:06:15,Sun,17,RPAC South Gym,3,230,1.3
2026-05-17 17:06:15,Sun,17,RPAC TWD Gym Courts 1-2,0,241,0.0
2026-05-17 17:06:15,Sun,17,RPAC TWD Gym Courts 3 - 4,0,241,0.0
2026-05-17 17:06:15,Sun,17,RPAC Upper Gym Courts 1 - 2,0,241,0.0
2026-05-17 17:06:15,Sun,17,RPAC Upper Gym Courts 3 - 4 ,0,241,0.0
2026-05-17 17:06:15,Sun,17,RPAC Weight Floor,26,125,20.8
2026-05-17 17:35:00,Sun,17,RPAC 1st Floor Fitness Balcony,12,55,21.8
2026-05-17 17:35:00,Sun,17,RPAC 2nd Floor Cardio Loft,5,37,13.5
2026-05-17 17:35:00,Sun,17,RPAC Aquatic Center - Class Pool,0,32,0.0
2026-05-17 17:35:00,Sun,17,RPAC Aquatic Center - Comp Pool,0,25,0.0
2026-05-17 17:35:00,Sun,17,RPAC Aquatic Center - Hot Tub,0,15,0.0
2026-05-17 17:35:00,Sun,17,RPAC Aquatic Center - Lap Pool,6,24,25.0
2026-05-17 17:35:00,Sun,17,RPAC Aquatic Center - Leisure Pool,0,40,0.0
2026-05-17 17:35:00,Sun,17,RPAC Cardio Canyon,4,68,5.9
2026-05-17 17:35:00,Sun,17,RPAC North Gym,13,230,5.7
2026-05-17 17:35:00,Sun,17,RPAC South Gym,3,230,1.3
2026-05-17 17:35:00,Sun,17,RPAC TWD Gym Courts 1-2,0,241,0.0
2026-05-17 17:35:00,Sun,17,RPAC TWD Gym Courts 3 - 4,0,241,0.0
2026-05-17 17:35:00,Sun,17,RPAC Upper Gym Courts 1 - 2,0,241,0.0
2026-05-17 17:35:00,Sun,17,RPAC Upper Gym Courts 3 - 4 ,0,241,0.0
2026-05-17 17:35:00,Sun,17,RPAC Weight Floor,26,125,20.8
2026-05-17 18:05:45,Sun,18,RPAC 1st Floor Fitness Balcony,12,55,21.8
2026-05-17 18:05:45,Sun,18,RPAC 2nd Floor Cardio Loft,5,37,13.5
2026-05-17 18:05:45,Sun,18,RPAC Aquatic Center - Class Pool,0,32,0.0
2026-05-17 18:05:45,Sun,18,RPAC Aquatic Center - Comp Pool,0,25,0.0
2026-05-17 18:05:45,Sun,18,RPAC Aquatic Center - Hot Tub,0,15,0.0
2026-05-17 18:05:45,Sun,18,RPAC Aquatic Center - Lap Pool,6,24,25.0
2026-05-17 18:05:45,Sun,18,RPAC Aquatic Center - Leisure Pool,0,40,0.0
2026-05-17 18:05:45,Sun,18,RPAC Cardio Canyon,4,68,5.9
2026-05-17 18:05:45,Sun,18,RPAC North Gym,13,230,5.7
2026-05-17 18:05:45,Sun,18,RPAC South Gym,3,230,1.3
2026-05-17 18:05:45,Sun,18,RPAC TWD Gym Courts 1-2,0,241,0.0
2026-05-17 18:05:45,Sun,18,RPAC TWD Gym Courts 3 - 4,0,241,0.0
2026-05-17 18:05:45,Sun,18,RPAC Upper Gym Courts 1 - 2,0,241,0.0
2026-05-17 18:05:45,Sun,18,RPAC Upper Gym Courts 3 - 4 ,0,241,0.0
2026-05-17 18:05:45,Sun,18,RPAC Weight Floor,26,125,20.8
2026-05-17 18:34:58,Sun,18,RPAC 1st Floor Fitness Balcony,12,55,21.8
2026-05-17 18:34:58,Sun,18,RPAC 2nd Floor Cardio Loft,5,37,13.5
2026-05-17 18:34:58,Sun,18,RPAC Aquatic Center - Class Pool,0,32,0.0
2026-05-17 18:34:58,Sun,18,RPAC Aquatic Center - Comp Pool,0,25,0.0
2026-05-17 18:34:58,Sun,18,RPAC Aquatic Center - Hot Tub,0,15,0.0
2026-05-17 18:34:58,Sun,18,RPAC Aquatic Center - Lap Pool,6,24,25.0
2026-05-17 18:34:58,Sun,18,RPAC Aquatic Center - Leisure Pool,0,40,0.0
2026-05-17 18:34:58,Sun,18,RPAC Cardio Canyon,4,68,5.9
2026-05-17 18:34:58,Sun,18,RPAC North Gym,13,230,5.7
2026-05-17 18:34:58,Sun,18,RPAC South Gym,3,230,1.3
2026-05-17 18:34:58,Sun,18,RPAC TWD Gym Courts 1-2,0,241,0.0
2026-05-17 18:34:58,Sun,18,RPAC TWD Gym Courts 3 - 4,0,241,0.0
2026-05-17 18:34:58,Sun,18,RPAC Upper Gym Courts 1 - 2,0,241,0.0
2026-05-17 18:34:58,Sun,18,RPAC Upper Gym Courts 3 - 4 ,0,241,0.0
2026-05-17 18:34:58,Sun,18,RPAC Weight Floor,26,125,20.8
2026-05-17 19:06:54,Sun,19,RPAC 1st Floor Fitness Balcony,12,55,21.8
2026-05-17 19:06:54,Sun,19,RPAC 2nd Floor Cardio Loft,5,37,13.5
2026-05-17 19:06:54,Sun,19,RPAC Aquatic Center - Class Pool,0,32,0.0
2026-05-17 19:06:54,Sun,19,RPAC Aquatic Center - Comp Pool,0,25,0.0
2026-05-17 19:06:54,Sun,19,RPAC Aquatic Center - Hot Tub,0,15,0.0
2026-05-17 19:06:54,Sun,19,RPAC Aquatic Center - Lap Pool,6,24,25.0
2026-05-17 19:06:54,Sun,19,RPAC Aquatic Center - Leisure Pool,0,40,0.0
2026-05-17 19:06:54,Sun,19,RPAC Cardio Canyon,4,68,5.9
2026-05-17 19:06:54,Sun,19,RPAC North Gym,13,230,5.7
2026-05-17 19:06:54,Sun,19,RPAC South Gym,3,230,1.3
2026-05-17 19:06:54,Sun,19,RPAC TWD Gym Courts 1-2,0,241,0.0
2026-05-17 19:06:54,Sun,19,RPAC TWD Gym Courts 3 - 4,0,241,0.0
2026-05-17 19:06:54,Sun,19,RPAC Upper Gym Courts 1 - 2,0,241,0.0
2026-05-17 19:06:54,Sun,19,RPAC Upper Gym Courts 3 - 4 ,0,241,0.0
2026-05-17 19:06:54,Sun,19,RPAC Weight Floor,26,125,20.8
2026-05-17 19:36:44,Sun,19,RPAC 1st Floor Fitness Balcony,12,55,21.8
2026-05-17 19:36:44,Sun,19,RPAC 2nd Floor Cardio Loft,5,37,13.5
2026-05-17 19:36:44,Sun,19,RPAC Aquatic Center - Class Pool,0,32,0.0
2026-05-17 19:36:44,Sun,19,RPAC Aquatic Center - Comp Pool,0,25,0.0
2026-05-17 19:36:44,Sun,19,RPAC Aquatic Center - Hot Tub,0,15,0.0
2026-05-17 19:36:44,Sun,19,RPAC Aquatic Center - Lap Pool,6,24,25.0
2026-05-17 19:36:44,Sun,19,RPAC Aquatic Center - Leisure Pool,0,40,0.0
2026-05-17 19:36:44,Sun,19,RPAC Cardio Canyon,4,68,5.9
2026-05-17 19:36:44,Sun,19,RPAC North Gym,13,230,5.7
2026-05-17 19:36:44,Sun,19,RPAC South Gym,3,230,1.3
2026-05-17 19:36:44,Sun,19,RPAC TWD Gym Courts 1-2,0,241,0.0
2026-05-17 19:36:44,Sun,19,RPAC TWD Gym Courts 3 - 4,0,241,0.0
2026-05-17 19:36:44,Sun,19,RPAC Upper Gym Courts 1 - 2,0,241,0.0
2026-05-17 19:36:44,Sun,19,RPAC Upper Gym Courts 3 - 4 ,0,241,0.0
2026-05-17 19:36:44,Sun,19,RPAC Weight Floor,26,125,20.8
2026-05-17 20:07:09,Sun,20,RPAC 1st Floor Fitness Balcony,12,55,21.8
2026-05-17 20:07:09,Sun,20,RPAC 2nd Floor Cardio Loft,5,37,13.5
2026-05-17 20:07:09,Sun,20,RPAC Aquatic Center - Class Pool,0,32,0.0
2026-05-17 20:07:09,Sun,20,RPAC Aquatic Center - Comp Pool,0,25,0.0
2026-05-17 20:07:09,Sun,20,RPAC Aquatic Center - Hot Tub,0,15,0.0
2026-05-17 20:07:09,Sun,20,RPAC Aquatic Center - Lap Pool,6,24,25.0
2026-05-17 20:07:09,Sun,20,RPAC Aquatic Center - Leisure Pool,0,40,0.0
2026-05-17 20:07:09,Sun,20,RPAC Cardio Canyon,4,68,5.9
2026-05-17 20:07:09,Sun,20,RPAC North Gym,13,230,5.7
2026-05-17 20:07:09,Sun,20,RPAC South Gym,3,230,1.3
2026-05-17 20:07:09,Sun,20,RPAC TWD Gym Courts 1-2,0,241,0.0
2026-05-17 20:07:09,Sun,20,RPAC TWD Gym Courts 3 - 4,0,241,0.0
2026-05-17 20:07:09,Sun,20,RPAC Upper Gym Courts 1 - 2,0,241,0.0
2026-05-17 20:07:09,Sun,20,RPAC Upper Gym Courts 3 - 4 ,0,241,0.0
2026-05-17 20:07:09,Sun,20,RPAC Weight Floor,26,125,20.8
2026-05-17 21:19:14,Sun,21,RPAC 1st Floor Fitness Balcony,12,55,21.8
2026-05-17 21:19:14,Sun,21,RPAC 2nd Floor Cardio Loft,5,37,13.5
2026-05-17 21:19:14,Sun,21,RPAC Aquatic Center - Class Pool,0,32,0.0
2026-05-17 21:19:14,Sun,21,RPAC Aquatic Center - Comp Pool,0,25,0.0
2026-05-17 21:19:14,Sun,21,RPAC Aquatic Center - Hot Tub,0,15,0.0
2026-05-17 21:19:14,Sun,21,RPAC Aquatic Center - Lap Pool,6,24,25.0
2026-05-17 21:19:14,Sun,21,RPAC Aquatic Center - Leisure Pool,0,40,0.0
2026-05-17 21:19:14,Sun,21,RPAC Cardio Canyon,4,68,5.9
2026-05-17 21:19:14,Sun,21,RPAC North Gym,13,230,5.7
2026-05-17 21:19:14,Sun,21,RPAC South Gym,3,230,1.3
2026-05-17 21:19:14,Sun,21,RPAC TWD Gym Courts 1-2,0,241,0.0
2026-05-17 21:19:14,Sun,21,RPAC TWD Gym Courts 3 - 4,0,241,0.0
2026-05-17 21:19:14,Sun,21,RPAC Upper Gym Courts 1 - 2,0,241,0.0
2026-05-17 21:19:14,Sun,21,RPAC Upper Gym Courts 3 - 4 ,0,241,0.0
2026-05-17 21:19:14,Sun,21,RPAC Weight Floor,26,125,20.8
2026-05-17 22:23:12,Sun,22,RPAC 1st Floor Fitness Balcony,12,55,21.8
2026-05-17 22:23:12,Sun,22,RPAC 2nd Floor Cardio Loft,5,37,13.5
2026-05-17 22:23:12,Sun,22,RPAC Aquatic Center - Class Pool,0,32,0.0
2026-05-17 22:23:12,Sun,22,RPAC Aquatic Center - Comp Pool,0,25,0.0
2026-05-17 22:23:12,Sun,22,RPAC Aquatic Center - Hot Tub,0,15,0.0
2026-05-17 22:23:12,Sun,22,RPAC Aquatic Center - Lap Pool,6,24,25.0
2026-05-17 22:23:12,Sun,22,RPAC Aquatic Center - Leisure Pool,0,40,0.0
2026-05-17 22:23:12,Sun,22,RPAC Cardio Canyon,4,68,5.9
2026-05-17 22:23:12,Sun,22,RPAC North Gym,13,230,5.7
2026-05-17 22:23:12,Sun,22,RPAC South Gym,3,230,1.3
2026-05-17 22:23:12,Sun,22,RPAC TWD Gym Courts 1-2,0,241,0.0
2026-05-17 22:23:12,Sun,22,RPAC TWD Gym Courts 3 - 4,0,241,0.0
2026-05-17 22:23:12,Sun,22,RPAC Upper Gym Courts 1 - 2,0,241,0.0
2026-05-17 22:23:12,Sun,22,RPAC Upper Gym Courts 3 - 4 ,0,241,0.0
2026-05-17 22:23:12,Sun,22,RPAC Weight Floor,26,125,20.8
2026-05-17 23:47:49,Sun,23,RPAC 1st Floor Fitness Balcony,12,55,21.8
2026-05-17 23:47:49,Sun,23,RPAC 2nd Floor Cardio Loft,5,37,13.5
2026-05-17 23:47:49,Sun,23,RPAC Aquatic Center - Class Pool,0,32,0.0
2026-05-17 23:47:49,Sun,23,RPAC Aquatic Center - Comp Pool,0,25,0.0
2026-05-17 23:47:49,Sun,23,RPAC Aquatic Center - Hot Tub,0,15,0.0
2026-05-17 23:47:49,Sun,23,RPAC Aquatic Center - Lap Pool,6,24,25.0
2026-05-17 23:47:49,Sun,23,RPAC Aquatic Center - Leisure Pool,0,40,0.0
2026-05-17 23:47:49,Sun,23,RPAC Cardio Canyon,4,68,5.9
2026-05-17 23:47:49,Sun,23,RPAC North Gym,13,230,5.7
2026-05-17 23:47:49,Sun,23,RPAC South Gym,3,230,1.3
2026-05-17 23:47:49,Sun,23,RPAC TWD Gym Courts 1-2,0,241,0.0
2026-05-17 23:47:49,Sun,23,RPAC TWD Gym Courts 3 - 4,0,241,0.0
2026-05-17 23:47:49,Sun,23,RPAC Upper Gym Courts 1 - 2,0,241,0.0
2026-05-17 23:47:49,Sun,23,RPAC Upper Gym Courts 3 - 4 ,0,241,0.0
2026-05-17 23:47:49,Sun,23,RPAC Weight Floor,26,125,20.8
2026-05-18 01:29:00,Mon,1,RPAC 1st Floor Fitness Balcony,12,55,21.8
2026-05-18 01:29:00,Mon,1,RPAC 2nd Floor Cardio Loft,5,37,13.5
2026-05-18 01:29:00,Mon,1,RPAC Aquatic Center - Class Pool,0,32,0.0
2026-05-18 01:29:00,Mon,1,RPAC Aquatic Center - Comp Pool,0,25,0.0
2026-05-18 01:29:00,Mon,1,RPAC Aquatic Center - Hot Tub,0,15,0.0
2026-05-18 01:29:00,Mon,1,RPAC Aquatic Center - Lap Pool,6,24,25.0
2026-05-18 01:29:00,Mon,1,RPAC Aquatic Center - Leisure Pool,0,40,0.0
2026-05-18 01:29:00,Mon,1,RPAC Cardio Canyon,4,68,5.9
2026-05-18 01:29:00,Mon,1,RPAC North Gym,13,230,5.7
2026-05-18 01:29:00,Mon,1,RPAC South Gym,3,230,1.3
2026-05-18 01:29:00,Mon,1,RPAC TWD Gym Courts 1-2,0,241,0.0
2026-05-18 01:29:00,Mon,1,RPAC TWD Gym Courts 3 - 4,0,241,0.0
2026-05-18 01:29:00,Mon,1,RPAC Upper Gym Courts 1 - 2,0,241,0.0
2026-05-18 01:29:00,Mon,1,RPAC Upper Gym Courts 3 - 4 ,0,241,0.0
2026-05-18 01:29:00,Mon,1,RPAC Weight Floor,26,125,20.8
2026-05-18 02:54:40,Mon,2,RPAC 1st Floor Fitness Balcony,12,55,21.8
2026-05-18 02:54:40,Mon,2,RPAC 2nd Floor Cardio Loft,5,37,13.5
2026-05-18 02:54:40,Mon,2,RPAC Aquatic Center - Class Pool,0,32,0.0
2026-05-18 02:54:40,Mon,2,RPAC Aquatic Center - Comp Pool,0,25,0.0
2026-05-18 02:54:40,Mon,2,RPAC Aquatic Center - Hot Tub,0,15,0.0
2026-05-18 02:54:40,Mon,2,RPAC Aquatic Center - Lap Pool,6,24,25.0
2026-05-18 02:54:40,Mon,2,RPAC Aquatic Center - Leisure Pool,0,40,0.0
2026-05-18 02:54:40,Mon,2,RPAC Cardio Canyon,4,68,5.9
2026-05-18 02:54:40,Mon,2,RPAC North Gym,13,230,5.7
2026-05-18 02:54:40,Mon,2,RPAC South Gym,3,230,1.3
2026-05-18 02:54:40,Mon,2,RPAC TWD Gym Courts 1-2,0,241,0.0
2026-05-18 02:54:40,Mon,2,RPAC TWD Gym Courts 3 - 4,0,241,0.0
2026-05-18 02:54:40,Mon,2,RPAC Upper Gym Courts 1 - 2,0,241,0.0
2026-05-18 02:54:40,Mon,2,RPAC Upper Gym Courts 3 - 4 ,0,241,0.0
2026-05-18 02:54:40,Mon,2,RPAC Weight Floor,26,125,20.8
2026-05-18 04:26:05,Mon,4,RPAC 1st Floor Fitness Balcony,12,55,21.8
2026-05-18 04:26:05,Mon,4,RPAC 2nd Floor Cardio Loft,5,37,13.5
2026-05-18 04:26:05,Mon,4,RPAC Aquatic Center - Class Pool,0,32,0.0
2026-05-18 04:26:05,Mon,4,RPAC Aquatic Center - Comp Pool,0,25,0.0
2026-05-18 04:26:05,Mon,4,RPAC Aquatic Center - Hot Tub,0,15,0.0
2026-05-18 04:26:05,Mon,4,RPAC Aquatic Center - Lap Pool,6,24,25.0
2026-05-18 04:26:05,Mon,4,RPAC Aquatic Center - Leisure Pool,0,40,0.0
2026-05-18 04:26:05,Mon,4,RPAC Cardio Canyon,4,68,5.9
2026-05-18 04:26:05,Mon,4,RPAC North Gym,13,230,5.7
2026-05-18 04:26:05,Mon,4,RPAC South Gym,3,230,1.3
2026-05-18 04:26:05,Mon,4,RPAC TWD Gym Courts 1-2,0,241,0.0
2026-05-18 04:26:05,Mon,4,RPAC TWD Gym Courts 3 - 4,0,241,0.0
2026-05-18 04:26:05,Mon,4,RPAC Upper Gym Courts 1 - 2,0,241,0.0
2026-05-18 04:26:05,Mon,4,RPAC Upper Gym Courts 3 - 4 ,0,241,0.0
2026-05-18 04:26:05,Mon,4,RPAC Weight Floor,26,125,20.8
2026-05-18 05:50:50,Mon,5,RPAC 1st Floor Fitness Balcony,12,55,21.8
2026-05-18 05:50:50,Mon,5,RPAC 2nd Floor Cardio Loft,5,37,13.5
2026-05-18 05:50:50,Mon,5,RPAC Aquatic Center - Class Pool,0,32,0.0
2026-05-18 05:50:50,Mon,5,RPAC Aquatic Center - Comp Pool,0,25,0.0
2026-05-18 05:50:50,Mon,5,RPAC Aquatic Center - Hot Tub,0,15,0.0
2026-05-18 05:50:50,Mon,5,RPAC Aquatic Center - Lap Pool,0,24,0.0
2026-05-18 05:50:50,Mon,5,RPAC Aquatic Center - Leisure Pool,0,40,0.0
2026-05-18 05:50:50,Mon,5,RPAC Cardio Canyon,4,68,5.9
2026-05-18 05:50:50,Mon,5,RPAC North Gym,13,230,5.7
2026-05-18 05:50:50,Mon,5,RPAC South Gym,3,230,1.3
2026-05-18 05:50:50,Mon,5,RPAC TWD Gym Courts 1-2,0,241,0.0
2026-05-18 05:50:50,Mon,5,RPAC TWD Gym Courts 3 - 4,0,241,0.0
2026-05-18 05:50:50,Mon,5,RPAC Upper Gym Courts 1 - 2,0,241,0.0
2026-05-18 05:50:50,Mon,5,RPAC Upper Gym Courts 3 - 4 ,0,241,0.0
2026-05-18 05:50:50,Mon,5,RPAC Weight Floor,26,125,20.8
2026-05-18 07:25:17,Mon,7,RPAC 1st Floor Fitness Balcony,12,55,21.8
2026-05-18 07:25:17,Mon,7,RPAC 2nd Floor Cardio Loft,5,37,13.5
2026-05-18 07:25:17,Mon,7,RPAC Aquatic Center - Class Pool,0,32,0.0
2026-05-18 07:25:17,Mon,7,RPAC Aquatic Center - Comp Pool,0,25,0.0
2026-05-18 07:25:17,Mon,7,RPAC Aquatic Center - Hot Tub,0,15,0.0
2026-05-18 07:25:17,Mon,7,RPAC Aquatic Center - Lap Pool,3,24,12.5
2026-05-18 07:25:17,Mon,7,RPAC Aquatic Center - Leisure Pool,0,40,0.0
2026-05-18 07:25:17,Mon,7,RPAC Cardio Canyon,4,68,5.9
2026-05-18 07:25:17,Mon,7,RPAC North Gym,13,230,5.7
2026-05-18 07:25:17,Mon,7,RPAC South Gym,3,230,1.3
2026-05-18 07:25:17,Mon,7,RPAC TWD Gym Courts 1-2,0,241,0.0
2026-05-18 07:25:17,Mon,7,RPAC TWD Gym Courts 3 - 4,0,241,0.0
2026-05-18 07:25:17,Mon,7,RPAC Upper Gym Courts 1 - 2,0,241,0.0
2026-05-18 07:25:17,Mon,7,RPAC Upper Gym Courts 3 - 4 ,0,241,0.0
2026-05-18 07:25:17,Mon,7,RPAC Weight Floor,26,125,20.8
2026-05-18 08:45:24,Mon,8,RPAC 1st Floor Fitness Balcony,12,55,21.8
2026-05-18 08:45:24,Mon,8,RPAC 2nd Floor Cardio Loft,5,37,13.5
2026-05-18 08:45:24,Mon,8,RPAC Aquatic Center - Class Pool,2,32,6.2
2026-05-18 08:45:24,Mon,8,RPAC Aquatic Center - Comp Pool,0,25,0.0
2026-05-18 08:45:24,Mon,8,RPAC Aquatic Center - Hot Tub,0,15,0.0
2026-05-18 08:45:24,Mon,8,RPAC Aquatic Center - Lap Pool,1,24,4.2
2026-05-18 08:45:24,Mon,8,RPAC Aquatic Center - Leisure Pool,0,40,0.0
2026-05-18 08:45:24,Mon,8,RPAC Cardio Canyon,4,68,5.9
2026-05-18 08:45:24,Mon,8,RPAC North Gym,13,230,5.7
2026-05-18 08:45:24,Mon,8,RPAC South Gym,3,230,1.3
2026-05-18 08:45:24,Mon,8,RPAC TWD Gym Courts 1-2,0,241,0.0
2026-05-18 08:45:24,Mon,8,RPAC TWD Gym Courts 3 - 4,0,241,0.0
2026-05-18 08:45:24,Mon,8,RPAC Upper Gym Courts 1 - 2,0,241,0.0
2026-05-18 08:45:24,Mon,8,RPAC Upper Gym Courts 3 - 4 ,0,241,0.0
2026-05-18 08:45:24,Mon,8,RPAC Weight Floor,26,125,20.8
2026-05-18 10:15:05,Mon,10,RPAC 1st Floor Fitness Balcony,12,55,21.8
2026-05-18 10:15:05,Mon,10,RPAC 2nd Floor Cardio Loft,5,37,13.5
2026-05-18 10:15:05,Mon,10,RPAC Aquatic Center - Class Pool,2,32,6.2
2026-05-18 10:15:05,Mon,10,RPAC Aquatic Center - Comp Pool,0,25,0.0
2026-05-18 10:15:05,Mon,10,RPAC Aquatic Center - Hot Tub,0,15,0.0
2026-05-18 10:15:05,Mon,10,RPAC Aquatic Center - Lap Pool,1,24,4.2
2026-05-18 10:15:05,Mon,10,RPAC Aquatic Center - Leisure Pool,0,40,0.0
2026-05-18 10:15:05,Mon,10,RPAC Cardio Canyon,4,68,5.9
2026-05-18 10:15:05,Mon,10,RPAC North Gym,13,230,5.7
2026-05-18 10:15:05,Mon,10,RPAC South Gym,3,230,1.3
2026-05-18 10:15:05,Mon,10,RPAC TWD Gym Courts 1-2,0,241,0.0
2026-05-18 10:15:05,Mon,10,RPAC TWD Gym Courts 3 - 4,0,241,0.0
2026-05-18 10:15:05,Mon,10,RPAC Upper Gym Courts 1 - 2,0,241,0.0
2026-05-18 10:15:05,Mon,10,RPAC Upper Gym Courts 3 - 4 ,0,241,0.0
2026-05-18 10:15:05,Mon,10,RPAC Weight Floor,26,125,20.8
2026-05-18 11:33:31,Mon,11,RPAC 1st Floor Fitness Balcony,12,55,21.8
2026-05-18 11:33:31,Mon,11,RPAC 2nd Floor Cardio Loft,5,37,13.5
2026-05-18 11:33:31,Mon,11,RPAC Aquatic Center - Class Pool,1,32,3.1
2026-05-18 11:33:31,Mon,11,RPAC Aquatic Center - Comp Pool,0,25,0.0
2026-05-18 11:33:31,Mon,11,RPAC Aquatic Center - Hot Tub,1,15,6.7
2026-05-18 11:33:31,Mon,11,RPAC Aquatic Center - Lap Pool,2,24,8.3
2026-05-18 11:33:31,Mon,11,RPAC Aquatic Center - Leisure Pool,0,40,0.0
2026-05-18 11:33:31,Mon,11,RPAC Cardio Canyon,4,68,5.9
2026-05-18 11:33:31,Mon,11,RPAC North Gym,13,230,5.7
2026-05-18 11:33:31,Mon,11,RPAC South Gym,3,230,1.3
2026-05-18 11:33:31,Mon,11,RPAC TWD Gym Courts 1-2,0,241,0.0
2026-05-18 11:33:31,Mon,11,RPAC TWD Gym Courts 3 - 4,0,241,0.0
2026-05-18 11:33:31,Mon,11,RPAC Upper Gym Courts 1 - 2,0,241,0.0
2026-05-18 11:33:31,Mon,11,RPAC Upper Gym Courts 3 - 4 ,0,241,0.0
2026-05-18 11:33:31,Mon,11,RPAC Weight Floor,26,125,20.8
2026-05-18 12:42:40,Mon,12,RPAC 1st Floor Fitness Balcony,12,55,21.8
2026-05-18 12:42:40,Mon,12,RPAC 2nd Floor Cardio Loft,5,37,13.5
2026-05-18 12:42:40,Mon,12,RPAC Aquatic Center - Class Pool,4,32,12.5
2026-05-18 12:42:40,Mon,12,RPAC Aquatic Center - Comp Pool,0,25,0.0
2026-05-18 12:42:40,Mon,12,RPAC Aquatic Center - Hot Tub,2,15,13.3
2026-05-18 12:42:40,Mon,12,RPAC Aquatic Center - Lap Pool,5,24,20.8
2026-05-18 12:42:40,Mon,12,RPAC Aquatic Center - Leisure Pool,0,40,0.0
2026-05-18 12:42:40,Mon,12,RPAC Cardio Canyon,4,68,5.9
2026-05-18 12:42:40,Mon,12,RPAC North Gym,13,230,5.7
2026-05-18 12:42:40,Mon,12,RPAC South Gym,3,230,1.3
2026-05-18 12:42:40,Mon,12,RPAC TWD Gym Courts 1-2,0,241,0.0
2026-05-18 12:42:40,Mon,12,RPAC TWD Gym Courts 3 - 4,0,241,0.0
2026-05-18 12:42:40,Mon,12,RPAC Upper Gym Courts 1 - 2,0,241,0.0
2026-05-18 12:42:40,Mon,12,RPAC Upper Gym Courts 3 - 4 ,0,241,0.0
2026-05-18 12:42:40,Mon,12,RPAC Weight Floor,26,125,20.8
2026-05-18 13:36:46,Mon,13,RPAC 1st Floor Fitness Balcony,12,55,21.8
2026-05-18 13:36:46,Mon,13,RPAC 2nd Floor Cardio Loft,5,37,13.5
2026-05-18 13:36:46,Mon,13,RPAC Aquatic Center - Class Pool,4,32,12.5
2026-05-18 13:36:46,Mon,13,RPAC Aquatic Center - Comp Pool,0,25,0.0
2026-05-18 13:36:46,Mon,13,RPAC Aquatic Center - Hot Tub,2,15,13.3
2026-05-18 13:36:46,Mon,13,RPAC Aquatic Center - Lap Pool,5,24,20.8
2026-05-18 13:36:46,Mon,13,RPAC Aquatic Center - Leisure Pool,0,40,0.0
2026-05-18 13:36:46,Mon,13,RPAC Cardio Canyon,4,68,5.9
2026-05-18 13:36:46,Mon,13,RPAC North Gym,13,230,5.7
2026-05-18 13:36:46,Mon,13,RPAC South Gym,3,230,1.3
2026-05-18 13:36:46,Mon,13,RPAC TWD Gym Courts 1-2,0,241,0.0
2026-05-18 13:36:46,Mon,13,RPAC TWD Gym Courts 3 - 4,0,241,0.0
2026-05-18 13:36:46,Mon,13,RPAC Upper Gym Courts 1 - 2,0,241,0.0
2026-05-18 13:36:46,Mon,13,RPAC Upper Gym Courts 3 - 4 ,0,241,0.0
2026-05-18 13:36:46,Mon,13,RPAC Weight Floor,26,125,20.8
2026-05-18 14:21:54,Mon,14,RPAC 1st Floor Fitness Balcony,12,55,21.8
2026-05-18 14:21:54,Mon,14,RPAC 2nd Floor Cardio Loft,5,37,13.5
2026-05-18 14:21:54,Mon,14,RPAC Aquatic Center - Class Pool,1,32,3.1
2026-05-18 14:21:54,Mon,14,RPAC Aquatic Center - Comp Pool,0,25,0.0
2026-05-18 14:21:54,Mon,14,RPAC Aquatic Center - Hot Tub,4,15,26.7
2026-05-18 14:21:54,Mon,14,RPAC Aquatic Center - Lap Pool,3,24,12.5
2026-05-18 14:21:54,Mon,14,RPAC Aquatic Center - Leisure Pool,0,40,0.0
2026-05-18 14:21:54,Mon,14,RPAC Cardio Canyon,4,68,5.9
2026-05-18 14:21:54,Mon,14,RPAC North Gym,13,230,5.7
2026-05-18 14:21:54,Mon,14,RPAC South Gym,3,230,1.3
2026-05-18 14:21:54,Mon,14,RPAC TWD Gym Courts 1-2,0,241,0.0
2026-05-18 14:21:54,Mon,14,RPAC TWD Gym Courts 3 - 4,0,241,0.0
2026-05-18 14:21:54,Mon,14,RPAC Upper Gym Courts 1 - 2,0,241,0.0
2026-05-18 14:21:54,Mon,14,RPAC Upper Gym Courts 3 - 4 ,0,241,0.0
2026-05-18 14:21:54,Mon,14,RPAC Weight Floor,26,125,20.8
2026-05-18 15:07:32,Mon,15,RPAC 1st Floor Fitness Balcony,12,55,21.8
2026-05-18 15:07:32,Mon,15,RPAC 2nd Floor Cardio Loft,5,37,13.5
2026-05-18 15:07:32,Mon,15,RPAC Aquatic Center - Class Pool,2,32,6.2
2026-05-18 15:07:32,Mon,15,RPAC Aquatic Center - Comp Pool,0,25,0.0
2026-05-18 15:07:32,Mon,15,RPAC Aquatic Center - Hot Tub,0,15,0.0
2026-05-18 15:07:32,Mon,15,RPAC Aquatic Center - Lap Pool,4,24,16.7
2026-05-18 15:07:32,Mon,15,RPAC Aquatic Center - Leisure Pool,0,40,0.0
2026-05-18 15:07:32,Mon,15,RPAC Cardio Canyon,4,68,5.9
2026-05-18 15:07:32,Mon,15,RPAC North Gym,13,230,5.7
2026-05-18 15:07:32,Mon,15,RPAC South Gym,3,230,1.3
2026-05-18 15:07:32,Mon,15,RPAC TWD Gym Courts 1-2,0,241,0.0
2026-05-18 15:07:32,Mon,15,RPAC TWD Gym Courts 3 - 4,0,241,0.0
2026-05-18 15:07:32,Mon,15,RPAC Upper Gym Courts 1 - 2,0,241,0.0
2026-05-18 15:07:32,Mon,15,RPAC Upper Gym Courts 3 - 4 ,0,241,0.0
2026-05-18 15:07:32,Mon,15,RPAC Weight Floor,26,125,20.8
2026-05-18 15:54:41,Mon,15,RPAC 1st Floor Fitness Balcony,12,55,21.8
2026-05-18 15:54:41,Mon,15,RPAC 2nd Floor Cardio Loft,5,37,13.5
2026-05-18 15:54:41,Mon,15,RPAC Aquatic Center - Class Pool,3,32,9.4
2026-05-18 15:54:41,Mon,15,RPAC Aquatic Center - Comp Pool,0,25,0.0
2026-05-18 15:54:41,Mon,15,RPAC Aquatic Center - Hot Tub,1,15,6.7
2026-05-18 15:54:41,Mon,15,RPAC Aquatic Center - Lap Pool,2,24,8.3
2026-05-18 15:54:41,Mon,15,RPAC Aquatic Center - Leisure Pool,0,40,0.0
2026-05-18 15:54:41,Mon,15,RPAC Cardio Canyon,4,68,5.9
2026-05-18 15:54:41,Mon,15,RPAC North Gym,13,230,5.7
2026-05-18 15:54:41,Mon,15,RPAC South Gym,3,230,1.3
2026-05-18 15:54:41,Mon,15,RPAC TWD Gym Courts 1-2,0,241,0.0
2026-05-18 15:54:41,Mon,15,RPAC TWD Gym Courts 3 - 4,0,241,0.0
2026-05-18 15:54:41,Mon,15,RPAC Upper Gym Courts 1 - 2,0,241,0.0
2026-05-18 15:54:41,Mon,15,RPAC Upper Gym Courts 3 - 4 ,0,241,0.0
2026-05-18 15:54:41,Mon,15,RPAC Weight Floor,26,125,20.8
2026-05-18 16:36:35,Mon,16,RPAC 1st Floor Fitness Balcony,12,55,21.8
2026-05-18 16:36:35,Mon,16,RPAC 2nd Floor Cardio Loft,5,37,13.5
2026-05-18 16:36:35,Mon,16,RPAC Aquatic Center - Class Pool,5,32,15.6
2026-05-18 16:36:35,Mon,16,RPAC Aquatic Center - Comp Pool,0,25,0.0
2026-05-18 16:36:35,Mon,16,RPAC Aquatic Center - Hot Tub,4,15,26.7
2026-05-18 16:36:35,Mon,16,RPAC Aquatic Center - Lap Pool,6,24,25.0
2026-05-18 16:36:35,Mon,16,RPAC Aquatic Center - Leisure Pool,2,40,5.0
2026-05-18 16:36:35,Mon,16,RPAC Cardio Canyon,4,68,5.9
2026-05-18 16:36:35,Mon,16,RPAC North Gym,13,230,5.7
2026-05-18 16:36:35,Mon,16,RPAC South Gym,3,230,1.3
2026-05-18 16:36:35,Mon,16,RPAC TWD Gym Courts 1-2,0,241,0.0
2026-05-18 16:36:35,Mon,16,RPAC TWD Gym Courts 3 - 4,0,241,0.0
2026-05-18 16:36:35,Mon,16,RPAC Upper Gym Courts 1 - 2,0,241,0.0
2026-05-18 16:36:35,Mon,16,RPAC Upper Gym Courts 3 - 4 ,0,241,0.0
2026-05-18 16:36:35,Mon,16,RPAC Weight Floor,26,125,20.8
2026-05-18 17:11:01,Mon,17,RPAC 1st Floor Fitness Balcony,12,55,21.8
2026-05-18 17:11:01,Mon,17,RPAC 2nd Floor Cardio Loft,5,37,13.5
2026-05-18 17:11:01,Mon,17,RPAC Aquatic Center - Class Pool,5,32,15.6
2026-05-18 17:11:01,Mon,17,RPAC Aquatic Center - Comp Pool,0,25,0.0
2026-05-18 17:11:01,Mon,17,RPAC Aquatic Center - Hot Tub,2,15,13.3
2026-05-18 17:11:01,Mon,17,RPAC Aquatic Center - Lap Pool,6,24,25.0
2026-05-18 17:11:01,Mon,17,RPAC Aquatic Center - Leisure Pool,5,40,12.5
2026-05-18 17:11:01,Mon,17,RPAC Cardio Canyon,4,68,5.9
2026-05-18 17:11:01,Mon,17,RPAC North Gym,13,230,5.7
2026-05-18 17:11:01,Mon,17,RPAC South Gym,3,230,1.3
2026-05-18 17:11:01,Mon,17,RPAC TWD Gym Courts 1-2,0,241,0.0
2026-05-18 17:11:01,Mon,17,RPAC TWD Gym Courts 3 - 4,0,241,0.0
2026-05-18 17:11:01,Mon,17,RPAC Upper Gym Courts 1 - 2,0,241,0.0
2026-05-18 17:11:01,Mon,17,RPAC Upper Gym Courts 3 - 4 ,0,241,0.0
2026-05-18 17:11:01,Mon,17,RPAC Weight Floor,26,125,20.8
2026-05-18 17:43:28,Mon,17,RPAC 1st Floor Fitness Balcony,12,55,21.8
2026-05-18 17:43:28,Mon,17,RPAC 2nd Floor Cardio Loft,5,37,13.5
2026-05-18 17:43:28,Mon,17,RPAC Aquatic Center - Class Pool,3,32,9.4
2026-05-18 17:43:28,Mon,17,RPAC Aquatic Center - Comp Pool,0,25,0.0
2026-05-18 17:43:28,Mon,17,RPAC Aquatic Center - Hot Tub,5,15,33.3
2026-05-18 17:43:28,Mon,17,RPAC Aquatic Center - Lap Pool,8,24,33.3
2026-05-18 17:43:28,Mon,17,RPAC Aquatic Center - Leisure Pool,2,40,5.0
2026-05-18 17:43:28,Mon,17,RPAC Cardio Canyon,4,68,5.9
2026-05-18 17:43:28,Mon,17,RPAC North Gym,13,230,5.7
2026-05-18 17:43:28,Mon,17,RPAC South Gym,3,230,1.3
2026-05-18 17:43:28,Mon,17,RPAC TWD Gym Courts 1-2,0,241,0.0
2026-05-18 17:43:28,Mon,17,RPAC TWD Gym Courts 3 - 4,0,241,0.0
2026-05-18 17:43:28,Mon,17,RPAC Upper Gym Courts 1 - 2,0,241,0.0
2026-05-18 17:43:28,Mon,17,RPAC Upper Gym Courts 3 - 4 ,0,241,0.0
2026-05-18 17:43:28,Mon,17,RPAC Weight Floor,26,125,20.8
2026-05-18 18:11:18,Mon,18,RPAC 1st Floor Fitness Balcony,12,55,21.8
2026-05-18 18:11:18,Mon,18,RPAC 2nd Floor Cardio Loft,5,37,13.5
2026-05-18 18:11:18,Mon,18,RPAC Aquatic Center - Class Pool,10,32,31.2
2026-05-18 18:11:18,Mon,18,RPAC Aquatic Center - Comp Pool,0,25,0.0
2026-05-18 18:11:18,Mon,18,RPAC Aquatic Center - Hot Tub,1,15,6.7
2026-05-18 18:11:18,Mon,18,RPAC Aquatic Center - Lap Pool,8,24,33.3
2026-05-18 18:11:18,Mon,18,RPAC Aquatic Center - Leisure Pool,2,40,5.0
2026-05-18 18:11:18,Mon,18,RPAC Cardio Canyon,4,68,5.9
2026-05-18 18:11:18,Mon,18,RPAC North Gym,13,230,5.7
2026-05-18 18:11:18,Mon,18,RPAC South Gym,3,230,1.3
2026-05-18 18:11:18,Mon,18,RPAC TWD Gym Courts 1-2,0,241,0.0
2026-05-18 18:11:18,Mon,18,RPAC TWD Gym Courts 3 - 4,0,241,0.0
2026-05-18 18:11:18,Mon,18,RPAC Upper Gym Courts 1 - 2,0,241,0.0
2026-05-18 18:11:18,Mon,18,RPAC Upper Gym Courts 3 - 4 ,0,241,0.0
2026-05-18 18:11:18,Mon,18,RPAC Weight Floor,26,125,20.8
2026-05-18 18:36:39,Mon,18,RPAC 1st Floor Fitness Balcony,12,55,21.8
2026-05-18 18:36:39,Mon,18,RPAC 2nd Floor Cardio Loft,5,37,13.5
2026-05-18 18:36:39,Mon,18,RPAC Aquatic Center - Class Pool,14,32,43.8
2026-05-18 18:36:39,Mon,18,RPAC Aquatic Center - Comp Pool,0,25,0.0
2026-05-18 18:36:39,Mon,18,RPAC Aquatic Center - Hot Tub,7,15,46.7
2026-05-18 18:36:39,Mon,18,RPAC Aquatic Center - Lap Pool,12,24,50.0
2026-05-18 18:36:39,Mon,18,RPAC Aquatic Center - Leisure Pool,3,40,7.5
2026-05-18 18:36:39,Mon,18,RPAC Cardio Canyon,4,68,5.9
2026-05-18 18:36:39,Mon,18,RPAC North Gym,13,230,5.7
2026-05-18 18:36:39,Mon,18,RPAC South Gym,3,230,1.3
2026-05-18 18:36:39,Mon,18,RPAC TWD Gym Courts 1-2,0,241,0.0
2026-05-18 18:36:39,Mon,18,RPAC TWD Gym Courts 3 - 4,0,241,0.0
2026-05-18 18:36:39,Mon,18,RPAC Upper Gym Courts 1 - 2,0,241,0.0
2026-05-18 18:36:39,Mon,18,RPAC Upper Gym Courts 3 - 4 ,0,241,0.0
2026-05-18 18:36:39,Mon,18,RPAC Weight Floor,26,125,20.8
2026-05-18 19:09:19,Mon,19,RPAC 1st Floor Fitness Balcony,12,55,21.8
2026-05-18 19:09:19,Mon,19,RPAC 2nd Floor Cardio Loft,5,37,13.5
2026-05-18 19:09:19,Mon,19,RPAC Aquatic Center - Class Pool,14,32,43.8
2026-05-18 19:09:19,Mon,19,RPAC Aquatic Center - Comp Pool,0,25,0.0
2026-05-18 19:09:19,Mon,19,RPAC Aquatic Center - Hot Tub,7,15,46.7
2026-05-18 19:09:19,Mon,19,RPAC Aquatic Center - Lap Pool,12,24,50.0
2026-05-18 19:09:19,Mon,19,RPAC Aquatic Center - Leisure Pool,3,40,7.5
2026-05-18 19:09:19,Mon,19,RPAC Cardio Canyon,4,68,5.9
2026-05-18 19:09:19,Mon,19,RPAC North Gym,13,230,5.7
2026-05-18 19:09:19,Mon,19,RPAC South Gym,3,230,1.3
2026-05-18 19:09:19,Mon,19,RPAC TWD Gym Courts 1-2,0,241,0.0
2026-05-18 19:09:19,Mon,19,RPAC TWD Gym Courts 3 - 4,0,241,0.0
2026-05-18 19:09:19,Mon,19,RPAC Upper Gym Courts 1 - 2,0,241,0.0
2026-05-18 19:09:19,Mon,19,RPAC Upper Gym Courts 3 - 4 ,0,241,0.0
2026-05-18 19:09:19,Mon,19,RPAC Weight Floor,26,125,20.8
2026-05-18 19:38:55,Mon,19,RPAC 1st Floor Fitness Balcony,12,55,21.8
2026-05-18 19:38:55,Mon,19,RPAC 2nd Floor Cardio Loft,5,37,13.5
2026-05-18 19:38:55,Mon,19,RPAC Aquatic Center - Class Pool,14,32,43.8
2026-05-18 19:38:55,Mon,19,RPAC Aquatic Center - Comp Pool,0,25,0.0
2026-05-18 19:38:55,Mon,19,RPAC Aquatic Center - Hot Tub,7,15,46.7
2026-05-18 19:38:55,Mon,19,RPAC Aquatic Center - Lap Pool,12,24,50.0
2026-05-18 19:38:55,Mon,19,RPAC Aquatic Center - Leisure Pool,3,40,7.5
2026-05-18 19:38:55,Mon,19,RPAC Cardio Canyon,4,68,5.9
2026-05-18 19:38:55,Mon,19,RPAC North Gym,13,230,5.7
2026-05-18 19:38:55,Mon,19,RPAC South Gym,3,230,1.3
2026-05-18 19:38:55,Mon,19,RPAC TWD Gym Courts 1-2,0,241,0.0
2026-05-18 19:38:55,Mon,19,RPAC TWD Gym Courts 3 - 4,0,241,0.0
2026-05-18 19:38:55,Mon,19,RPAC Upper Gym Courts 1 - 2,0,241,0.0
2026-05-18 19:38:55,Mon,19,RPAC Upper Gym Courts 3 - 4 ,0,241,0.0
2026-05-18 19:38:55,Mon,19,RPAC Weight Floor,26,125,20.8
2026-05-18 20:10:07,Mon,20,RPAC 1st Floor Fitness Balcony,12,55,21.8
2026-05-18 20:10:07,Mon,20,RPAC 2nd Floor Cardio Loft,5,37,13.5
2026-05-18 20:10:07,Mon,20,RPAC Aquatic Center - Class Pool,14,32,43.8
2026-05-18 20:10:07,Mon,20,RPAC Aquatic Center - Comp Pool,0,25,0.0
2026-05-18 20:10:07,Mon,20,RPAC Aquatic Center - Hot Tub,7,15,46.7
2026-05-18 20:10:07,Mon,20,RPAC Aquatic Center - Lap Pool,12,24,50.0
2026-05-18 20:10:07,Mon,20,RPAC Aquatic Center - Leisure Pool,3,40,7.5
2026-05-18 20:10:07,Mon,20,RPAC Cardio Canyon,4,68,5.9
2026-05-18 20:10:07,Mon,20,RPAC North Gym,13,230,5.7
2026-05-18 20:10:07,Mon,20,RPAC South Gym,3,230,1.3
2026-05-18 20:10:07,Mon,20,RPAC TWD Gym Courts 1-2,0,241,0.0
2026-05-18 20:10:07,Mon,20,RPAC TWD Gym Courts 3 - 4,0,241,0.0
2026-05-18 20:10:07,Mon,20,RPAC Upper Gym Courts 1 - 2,0,241,0.0
2026-05-18 20:10:07,Mon,20,RPAC Upper Gym Courts 3 - 4 ,0,241,0.0
2026-05-18 20:10:07,Mon,20,RPAC Weight Floor,26,125,20.8
2026-05-18 21:19:01,Mon,21,RPAC 1st Floor Fitness Balcony,12,55,21.8
2026-05-18 21:19:01,Mon,21,RPAC 2nd Floor Cardio Loft,5,37,13.5
2026-05-18 21:19:01,Mon,21,RPAC Aquatic Center - Class Pool,14,32,43.8
2026-05-18 21:19:01,Mon,21,RPAC Aquatic Center - Comp Pool,0,25,0.0
2026-05-18 21:19:01,Mon,21,RPAC Aquatic Center - Hot Tub,7,15,46.7
2026-05-18 21:19:01,Mon,21,RPAC Aquatic Center - Lap Pool,12,24,50.0
2026-05-18 21:19:01,Mon,21,RPAC Aquatic Center - Leisure Pool,3,40,7.5
2026-05-18 21:19:01,Mon,21,RPAC Cardio Canyon,4,68,5.9
2026-05-18 21:19:01,Mon,21,RPAC North Gym,13,230,5.7
2026-05-18 21:19:01,Mon,21,RPAC South Gym,3,230,1.3
2026-05-18 21:19:01,Mon,21,RPAC TWD Gym Courts 1-2,0,241,0.0
2026-05-18 21:19:01,Mon,21,RPAC TWD Gym Courts 3 - 4,0,241,0.0
2026-05-18 21:19:01,Mon,21,RPAC Upper Gym Courts 1 - 2,0,241,0.0
2026-05-18 21:19:01,Mon,21,RPAC Upper Gym Courts 3 - 4 ,0,241,0.0
2026-05-18 21:19:01,Mon,21,RPAC Weight Floor,26,125,20.8
2026-05-18 22:23:20,Mon,22,RPAC 1st Floor Fitness Balcony,12,55,21.8
2026-05-18 22:23:20,Mon,22,RPAC 2nd Floor Cardio Loft,5,37,13.5
2026-05-18 22:23:20,Mon,22,RPAC Aquatic Center - Class Pool,14,32,43.8
2026-05-18 22:23:20,Mon,22,RPAC Aquatic Center - Comp Pool,0,25,0.0
2026-05-18 22:23:20,Mon,22,RPAC Aquatic Center - Hot Tub,7,15,46.7
2026-05-18 22:23:20,Mon,22,RPAC Aquatic Center - Lap Pool,12,24,50.0
2026-05-18 22:23:20,Mon,22,RPAC Aquatic Center - Leisure Pool,3,40,7.5
2026-05-18 22:23:20,Mon,22,RPAC Cardio Canyon,4,68,5.9
2026-05-18 22:23:20,Mon,22,RPAC North Gym,13,230,5.7
2026-05-18 22:23:20,Mon,22,RPAC South Gym,3,230,1.3
2026-05-18 22:23:20,Mon,22,RPAC TWD Gym Courts 1-2,0,241,0.0
2026-05-18 22:23:20,Mon,22,RPAC TWD Gym Courts 3 - 4,0,241,0.0
2026-05-18 22:23:20,Mon,22,RPAC Upper Gym Courts 1 - 2,0,241,0.0
2026-05-18 22:23:20,Mon,22,RPAC Upper Gym Courts 3 - 4 ,0,241,0.0
2026-05-18 22:23:20,Mon,22,RPAC Weight Floor,26,125,20.8
2026-05-18 23:47:41,Mon,23,RPAC 1st Floor Fitness Balcony,12,55,21.8
2026-05-18 23:47:41,Mon,23,RPAC 2nd Floor Cardio Loft,5,37,13.5
2026-05-18 23:47:41,Mon,23,RPAC Aquatic Center - Class Pool,14,32,43.8
2026-05-18 23:47:41,Mon,23,RPAC Aquatic Center - Comp Pool,0,25,0.0
2026-05-18 23:47:41,Mon,23,RPAC Aquatic Center - Hot Tub,7,15,46.7
2026-05-18 23:47:41,Mon,23,RPAC Aquatic Center - Lap Pool,12,24,50.0
2026-05-18 23:47:41,Mon,23,RPAC Aquatic Center - Leisure Pool,3,40,7.5
2026-05-18 23:47:41,Mon,23,RPAC Cardio Canyon,4,68,5.9
2026-05-18 23:47:41,Mon,23,RPAC North Gym,13,230,5.7
2026-05-18 23:47:41,Mon,23,RPAC South Gym,3,230,1.3
2026-05-18 23:47:41,Mon,23,RPAC TWD Gym Courts 1-2,0,241,0.0
2026-05-18 23:47:41,Mon,23,RPAC TWD Gym Courts 3 - 4,0,241,0.0
2026-05-18 23:47:41,Mon,23,RPAC Upper Gym Courts 1 - 2,0,241,0.0
2026-05-18 23:47:41,Mon,23,RPAC Upper Gym Courts 3 - 4 ,0,241,0.0
2026-05-18 23:47:41,Mon,23,RPAC Weight Floor,26,125,20.8
2026-05-19 01:27:04,Tue,1,RPAC 1st Floor Fitness Balcony,12,55,21.8
2026-05-19 01:27:04,Tue,1,RPAC 2nd Floor Cardio Loft,5,37,13.5
2026-05-19 01:27:04,Tue,1,RPAC Aquatic Center - Class Pool,14,32,43.8
2026-05-19 01:27:04,Tue,1,RPAC Aquatic Center - Comp Pool,0,25,0.0
2026-05-19 01:27:04,Tue,1,RPAC Aquatic Center - Hot Tub,7,15,46.7
2026-05-19 01:27:04,Tue,1,RPAC Aquatic Center - Lap Pool,12,24,50.0
2026-05-19 01:27:04,Tue,1,RPAC Aquatic Center - Leisure Pool,3,40,7.5
2026-05-19 01:27:04,Tue,1,RPAC Cardio Canyon,4,68,5.9
2026-05-19 01:27:04,Tue,1,RPAC North Gym,13,230,5.7
2026-05-19 01:27:04,Tue,1,RPAC South Gym,3,230,1.3
2026-05-19 01:27:04,Tue,1,RPAC TWD Gym Courts 1-2,0,241,0.0
2026-05-19 01:27:04,Tue,1,RPAC TWD Gym Courts 3 - 4,0,241,0.0
2026-05-19 01:27:04,Tue,1,RPAC Upper Gym Courts 1 - 2,0,241,0.0
2026-05-19 01:27:04,Tue,1,RPAC Upper Gym Courts 3 - 4 ,0,241,0.0
2026-05-19 01:27:04,Tue,1,RPAC Weight Floor,26,125,20.8
2026-05-19 02:50:34,Tue,2,RPAC 1st Floor Fitness Balcony,12,55,21.8
2026-05-19 02:50:34,Tue,2,RPAC 2nd Floor Cardio Loft,5,37,13.5
2026-05-19 02:50:34,Tue,2,RPAC Aquatic Center - Class Pool,14,32,43.8
2026-05-19 02:50:34,Tue,2,RPAC Aquatic Center - Comp Pool,0,25,0.0
2026-05-19 02:50:34,Tue,2,RPAC Aquatic Center - Hot Tub,7,15,46.7
2026-05-19 02:50:34,Tue,2,RPAC Aquatic Center - Lap Pool,12,24,50.0
2026-05-19 02:50:34,Tue,2,RPAC Aquatic Center - Leisure Pool,3,40,7.5
2026-05-19 02:50:34,Tue,2,RPAC Cardio Canyon,4,68,5.9
2026-05-19 02:50:34,Tue,2,RPAC North Gym,13,230,5.7
2026-05-19 02:50:34,Tue,2,RPAC South Gym,3,230,1.3
2026-05-19 02:50:34,Tue,2,RPAC TWD Gym Courts 1-2,0,241,0.0
2026-05-19 02:50:34,Tue,2,RPAC TWD Gym Courts 3 - 4,0,241,0.0
2026-05-19 02:50:34,Tue,2,RPAC Upper Gym Courts 1 - 2,0,241,0.0
2026-05-19 02:50:34,Tue,2,RPAC Upper Gym Courts 3 - 4 ,0,241,0.0
2026-05-19 02:50:34,Tue,2,RPAC Weight Floor,26,125,20.8
2026-05-19 04:14:11,Tue,4,RPAC 1st Floor Fitness Balcony,12,55,21.8
2026-05-19 04:14:11,Tue,4,RPAC 2nd Floor Cardio Loft,5,37,13.5
2026-05-19 04:14:11,Tue,4,RPAC Aquatic Center - Class Pool,14,32,43.8
2026-05-19 04:14:11,Tue,4,RPAC Aquatic Center - Comp Pool,0,25,0.0
2026-05-19 04:14:11,Tue,4,RPAC Aquatic Center - Hot Tub,7,15,46.7
2026-05-19 04:14:11,Tue,4,RPAC Aquatic Center - Lap Pool,12,24,50.0
2026-05-19 04:14:11,Tue,4,RPAC Aquatic Center - Leisure Pool,3,40,7.5
2026-05-19 04:14:11,Tue,4,RPAC Cardio Canyon,4,68,5.9
2026-05-19 04:14:11,Tue,4,RPAC North Gym,13,230,5.7
2026-05-19 04:14:11,Tue,4,RPAC South Gym,3,230,1.3
2026-05-19 04:14:11,Tue,4,RPAC TWD Gym Courts 1-2,0,241,0.0
2026-05-19 04:14:11,Tue,4,RPAC TWD Gym Courts 3 - 4,0,241,0.0
2026-05-19 04:14:11,Tue,4,RPAC Upper Gym Courts 1 - 2,0,241,0.0
2026-05-19 04:14:11,Tue,4,RPAC Upper Gym Courts 3 - 4 ,0,241,0.0
2026-05-19 04:14:11,Tue,4,RPAC Weight Floor,26,125,20.8
2026-05-19 05:33:35,Tue,5,RPAC 1st Floor Fitness Balcony,12,55,21.8
2026-05-19 05:33:35,Tue,5,RPAC 2nd Floor Cardio Loft,5,37,13.5
2026-05-19 05:33:35,Tue,5,RPAC Aquatic Center - Class Pool,14,32,43.8
2026-05-19 05:33:35,Tue,5,RPAC Aquatic Center - Comp Pool,0,25,0.0
2026-05-19 05:33:35,Tue,5,RPAC Aquatic Center - Hot Tub,7,15,46.7
2026-05-19 05:33:35,Tue,5,RPAC Aquatic Center - Lap Pool,12,24,50.0
2026-05-19 05:33:35,Tue,5,RPAC Aquatic Center - Leisure Pool,3,40,7.5
2026-05-19 05:33:35,Tue,5,RPAC Cardio Canyon,4,68,5.9
2026-05-19 05:33:35,Tue,5,RPAC North Gym,13,230,5.7
2026-05-19 05:33:35,Tue,5,RPAC South Gym,3,230,1.3
2026-05-19 05:33:35,Tue,5,RPAC TWD Gym Courts 1-2,0,241,0.0
2026-05-19 05:33:35,Tue,5,RPAC TWD Gym Courts 3 - 4,0,241,0.0
2026-05-19 05:33:35,Tue,5,RPAC Upper Gym Courts 1 - 2,0,241,0.0
2026-05-19 05:33:35,Tue,5,RPAC Upper Gym Courts 3 - 4 ,0,241,0.0
2026-05-19 05:33:35,Tue,5,RPAC Weight Floor,26,125,20.8
2026-05-19 06:49:20,Tue,6,RPAC 1st Floor Fitness Balcony,12,55,21.8
2026-05-19 06:49:20,Tue,6,RPAC 2nd Floor Cardio Loft,5,37,13.5
2026-05-19 06:49:20,Tue,6,RPAC Aquatic Center - Class Pool,2,32,6.2
2026-05-19 06:49:20,Tue,6,RPAC Aquatic Center - Comp Pool,0,25,0.0
2026-05-19 06:49:20,Tue,6,RPAC Aquatic Center - Hot Tub,0,15,0.0
2026-05-19 06:49:20,Tue,6,RPAC Aquatic Center - Lap Pool,6,24,25.0
2026-05-19 06:49:20,Tue,6,RPAC Aquatic Center - Leisure Pool,0,40,0.0
2026-05-19 06:49:20,Tue,6,RPAC Cardio Canyon,4,68,5.9
2026-05-19 06:49:20,Tue,6,RPAC North Gym,13,230,5.7
2026-05-19 06:49:20,Tue,6,RPAC South Gym,3,230,1.3
2026-05-19 06:49:20,Tue,6,RPAC TWD Gym Courts 1-2,0,241,0.0
2026-05-19 06:49:20,Tue,6,RPAC TWD Gym Courts 3 - 4,0,241,0.0
2026-05-19 06:49:20,Tue,6,RPAC Upper Gym Courts 1 - 2,0,241,0.0
2026-05-19 06:49:20,Tue,6,RPAC Upper Gym Courts 3 - 4 ,0,241,0.0
2026-05-19 06:49:20,Tue,6,RPAC Weight Floor,26,125,20.8
2026-05-19 08:04:20,Tue,8,RPAC 1st Floor Fitness Balcony,12,55,21.8
2026-05-19 08:04:20,Tue,8,RPAC 2nd Floor Cardio Loft,5,37,13.5
2026-05-19 08:04:20,Tue,8,RPAC Aquatic Center - Class Pool,0,32,0.0
2026-05-19 08:04:20,Tue,8,RPAC Aquatic Center - Comp Pool,0,25,0.0
2026-05-19 08:04:20,Tue,8,RPAC Aquatic Center - Hot Tub,1,15,6.7
2026-05-19 08:04:20,Tue,8,RPAC Aquatic Center - Lap Pool,4,24,16.7
2026-05-19 08:04:20,Tue,8,RPAC Aquatic Center - Leisure Pool,0,40,0.0
2026-05-19 08:04:20,Tue,8,RPAC Cardio Canyon,4,68,5.9
2026-05-19 08:04:20,Tue,8,RPAC North Gym,13,230,5.7
2026-05-19 08:04:20,Tue,8,RPAC South Gym,3,230,1.3
2026-05-19 08:04:20,Tue,8,RPAC TWD Gym Courts 1-2,0,241,0.0
2026-05-19 08:04:20,Tue,8,RPAC TWD Gym Courts 3 - 4,0,241,0.0
2026-05-19 08:04:20,Tue,8,RPAC Upper Gym Courts 1 - 2,0,241,0.0
2026-05-19 08:04:20,Tue,8,RPAC Upper Gym Courts 3 - 4 ,0,241,0.0
2026-05-19 08:04:20,Tue,8,RPAC Weight Floor,26,125,20.8
2026-05-19 09:27:39,Tue,9,RPAC 1st Floor Fitness Balcony,12,55,21.8
2026-05-19 09:27:39,Tue,9,RPAC 2nd Floor Cardio Loft,5,37,13.5
2026-05-19 09:27:39,Tue,9,RPAC Aquatic Center - Class Pool,3,32,9.4
2026-05-19 09:27:39,Tue,9,RPAC Aquatic Center - Comp Pool,0,25,0.0
2026-05-19 09:27:39,Tue,9,RPAC Aquatic Center - Hot Tub,0,15,0.0
2026-05-19 09:27:39,Tue,9,RPAC Aquatic Center - Lap Pool,3,24,12.5
2026-05-19 09:27:39,Tue,9,RPAC Aquatic Center - Leisure Pool,0,40,0.0
2026-05-19 09:27:39,Tue,9,RPAC Cardio Canyon,4,68,5.9
2026-05-19 09:27:39,Tue,9,RPAC North Gym,13,230,5.7
2026-05-19 09:27:39,Tue,9,RPAC South Gym,3,230,1.3
2026-05-19 09:27:39,Tue,9,RPAC TWD Gym Courts 1-2,0,241,0.0
2026-05-19 09:27:39,Tue,9,RPAC TWD Gym Courts 3 - 4,0,241,0.0
2026-05-19 09:27:39,Tue,9,RPAC Upper Gym Courts 1 - 2,0,241,0.0
2026-05-19 09:27:39,Tue,9,RPAC Upper Gym Courts 3 - 4 ,0,241,0.0
2026-05-19 09:27:39,Tue,9,RPAC Weight Floor,26,125,20.8
2026-05-19 10:24:58,Tue,10,RPAC 1st Floor Fitness Balcony,12,55,21.8
2026-05-19 10:24:58,Tue,10,RPAC 2nd Floor Cardio Loft,5,37,13.5
2026-05-19 10:24:58,Tue,10,RPAC Aquatic Center - Class Pool,0,32,0.0
2026-05-19 10:24:58,Tue,10,RPAC Aquatic Center - Comp Pool,0,25,0.0
2026-05-19 10:24:58,Tue,10,RPAC Aquatic Center - Hot Tub,1,15,6.7
2026-05-19 10:24:58,Tue,10,RPAC Aquatic Center - Lap Pool,1,24,4.2
2026-05-19 10:24:58,Tue,10,RPAC Aquatic Center - Leisure Pool,0,40,0.0
2026-05-19 10:24:58,Tue,10,RPAC Cardio Canyon,4,68,5.9
2026-05-19 10:24:58,Tue,10,RPAC North Gym,13,230,5.7
2026-05-19 10:24:58,Tue,10,RPAC South Gym,3,230,1.3
2026-05-19 10:24:58,Tue,10,RPAC TWD Gym Courts 1-2,0,241,0.0
2026-05-19 10:24:58,Tue,10,RPAC TWD Gym Courts 3 - 4,0,241,0.0
2026-05-19 10:24:58,Tue,10,RPAC Upper Gym Courts 1 - 2,0,241,0.0
2026-05-19 10:24:58,Tue,10,RPAC Upper Gym Courts 3 - 4 ,0,241,0.0
2026-05-19 10:24:58,Tue,10,RPAC Weight Floor,26,125,20.8
2026-05-19 11:45:14,Tue,11,RPAC 1st Floor Fitness Balcony,12,55,21.8
2026-05-19 11:45:14,Tue,11,RPAC 2nd Floor Cardio Loft,5,37,13.5
2026-05-19 11:45:14,Tue,11,RPAC Aquatic Center - Class Pool,0,32,0.0
2026-05-19 11:45:14,Tue,11,RPAC Aquatic Center - Comp Pool,0,25,0.0
2026-05-19 11:45:14,Tue,11,RPAC Aquatic Center - Hot Tub,0,15,0.0
2026-05-19 11:45:14,Tue,11,RPAC Aquatic Center - Lap Pool,6,24,25.0
2026-05-19 11:45:14,Tue,11,RPAC Aquatic Center - Leisure Pool,0,40,0.0
2026-05-19 11:45:14,Tue,11,RPAC Cardio Canyon,4,68,5.9
2026-05-19 11:45:14,Tue,11,RPAC North Gym,13,230,5.7
2026-05-19 11:45:14,Tue,11,RPAC South Gym,3,230,1.3
2026-05-19 11:45:14,Tue,11,RPAC TWD Gym Courts 1-2,0,241,0.0
2026-05-19 11:45:14,Tue,11,RPAC TWD Gym Courts 3 - 4,0,241,0.0
2026-05-19 11:45:14,Tue,11,RPAC Upper Gym Courts 1 - 2,0,241,0.0
2026-05-19 11:45:14,Tue,11,RPAC Upper Gym Courts 3 - 4 ,0,241,0.0
2026-05-19 11:45:14,Tue,11,RPAC Weight Floor,26,125,20.8
2026-05-19 13:03:56,Tue,13,RPAC 1st Floor Fitness Balcony,12,55,21.8
2026-05-19 13:03:56,Tue,13,RPAC 2nd Floor Cardio Loft,5,37,13.5
2026-05-19 13:03:56,Tue,13,RPAC Aquatic Center - Class Pool,5,32,15.6
2026-05-19 13:03:56,Tue,13,RPAC Aquatic Center - Comp Pool,0,25,0.0
2026-05-19 13:03:56,Tue,13,RPAC Aquatic Center - Hot Tub,3,15,20.0
2026-05-19 13:03:56,Tue,13,RPAC Aquatic Center - Lap Pool,2,24,8.3
2026-05-19 13:03:56,Tue,13,RPAC Aquatic Center - Leisure Pool,0,40,0.0
2026-05-19 13:03:56,Tue,13,RPAC Cardio Canyon,4,68,5.9
2026-05-19 13:03:56,Tue,13,RPAC North Gym,13,230,5.7
2026-05-19 13:03:56,Tue,13,RPAC South Gym,3,230,1.3
2026-05-19 13:03:56,Tue,13,RPAC TWD Gym Courts 1-2,0,241,0.0
2026-05-19 13:03:56,Tue,13,RPAC TWD Gym Courts 3 - 4,0,241,0.0
2026-05-19 13:03:56,Tue,13,RPAC Upper Gym Courts 1 - 2,0,241,0.0
2026-05-19 13:03:56,Tue,13,RPAC Upper Gym Courts 3 - 4 ,0,241,0.0
2026-05-19 13:03:56,Tue,13,RPAC Weight Floor,26,125,20.8
2026-05-19 13:57:19,Tue,13,RPAC 1st Floor Fitness Balcony,12,55,21.8
2026-05-19 13:57:19,Tue,13,RPAC 2nd Floor Cardio Loft,5,37,13.5
2026-05-19 13:57:19,Tue,13,RPAC Aquatic Center - Class Pool,4,32,12.5
2026-05-19 13:57:19,Tue,13,RPAC Aquatic Center - Comp Pool,0,25,0.0
2026-05-19 13:57:19,Tue,13,RPAC Aquatic Center - Hot Tub,0,15,0.0
2026-05-19 13:57:19,Tue,13,RPAC Aquatic Center - Lap Pool,4,24,16.7
2026-05-19 13:57:19,Tue,13,RPAC Aquatic Center - Leisure Pool,0,40,0.0
2026-05-19 13:57:19,Tue,13,RPAC Cardio Canyon,4,68,5.9
2026-05-19 13:57:19,Tue,13,RPAC North Gym,13,230,5.7
2026-05-19 13:57:19,Tue,13,RPAC South Gym,3,230,1.3
2026-05-19 13:57:19,Tue,13,RPAC TWD Gym Courts 1-2,0,241,0.0
2026-05-19 13:57:19,Tue,13,RPAC TWD Gym Courts 3 - 4,0,241,0.0
2026-05-19 13:57:19,Tue,13,RPAC Upper Gym Courts 1 - 2,0,241,0.0
2026-05-19 13:57:19,Tue,13,RPAC Upper Gym Courts 3 - 4 ,0,241,0.0
2026-05-19 13:57:19,Tue,13,RPAC Weight Floor,26,125,20.8
2026-05-19 14:49:00,Tue,14,RPAC 1st Floor Fitness Balcony,12,55,21.8
2026-05-19 14:49:00,Tue,14,RPAC 2nd Floor Cardio Loft,5,37,13.5
2026-05-19 14:49:00,Tue,14,RPAC Aquatic Center - Class Pool,5,32,15.6
2026-05-19 14:49:00,Tue,14,RPAC Aquatic Center - Comp Pool,0,25,0.0
2026-05-19 14:49:00,Tue,14,RPAC Aquatic Center - Hot Tub,1,15,6.7
2026-05-19 14:49:00,Tue,14,RPAC Aquatic Center - Lap Pool,3,24,12.5
2026-05-19 14:49:00,Tue,14,RPAC Aquatic Center - Leisure Pool,0,40,0.0
2026-05-19 14:49:00,Tue,14,RPAC Cardio Canyon,4,68,5.9
2026-05-19 14:49:00,Tue,14,RPAC North Gym,13,230,5.7
2026-05-19 14:49:00,Tue,14,RPAC South Gym,3,230,1.3
2026-05-19 14:49:00,Tue,14,RPAC TWD Gym Courts 1-2,0,241,0.0
2026-05-19 14:49:00,Tue,14,RPAC TWD Gym Courts 3 - 4,0,241,0.0
2026-05-19 14:49:00,Tue,14,RPAC Upper Gym Courts 1 - 2,0,241,0.0
2026-05-19 14:49:00,Tue,14,RPAC Upper Gym Courts 3 - 4 ,0,241,0.0
2026-05-19 14:49:00,Tue,14,RPAC Weight Floor,26,125,20.8
2026-05-19 15:37:05,Tue,15,RPAC 1st Floor Fitness Balcony,12,55,21.8
2026-05-19 15:37:05,Tue,15,RPAC 2nd Floor Cardio Loft,5,37,13.5
2026-05-19 15:37:05,Tue,15,RPAC Aquatic Center - Class Pool,4,32,12.5
2026-05-19 15:37:05,Tue,15,RPAC Aquatic Center - Comp Pool,0,25,0.0
2026-05-19 15:37:05,Tue,15,RPAC Aquatic Center - Hot Tub,0,15,0.0
2026-05-19 15:37:05,Tue,15,RPAC Aquatic Center - Lap Pool,3,24,12.5
2026-05-19 15:37:05,Tue,15,RPAC Aquatic Center - Leisure Pool,0,40,0.0
2026-05-19 15:37:05,Tue,15,RPAC Cardio Canyon,4,68,5.9
2026-05-19 15:37:05,Tue,15,RPAC North Gym,13,230,5.7
2026-05-19 15:37:05,Tue,15,RPAC South Gym,3,230,1.3
2026-05-19 15:37:05,Tue,15,RPAC TWD Gym Courts 1-2,0,241,0.0
2026-05-19 15:37:05,Tue,15,RPAC TWD Gym Courts 3 - 4,0,241,0.0
2026-05-19 15:37:05,Tue,15,RPAC Upper Gym Courts 1 - 2,0,241,0.0
2026-05-19 15:37:05,Tue,15,RPAC Upper Gym Courts 3 - 4 ,0,241,0.0
2026-05-19 15:37:05,Tue,15,RPAC Weight Floor,26,125,20.8
2026-05-19 16:19:28,Tue,16,RPAC 1st Floor Fitness Balcony,12,55,21.8
2026-05-19 16:19:28,Tue,16,RPAC 2nd Floor Cardio Loft,5,37,13.5
2026-05-19 16:19:28,Tue,16,RPAC Aquatic Center - Class Pool,3,32,9.4
2026-05-19 16:19:28,Tue,16,RPAC Aquatic Center - Comp Pool,0,25,0.0
2026-05-19 16:19:28,Tue,16,RPAC Aquatic Center - Hot Tub,2,15,13.3
2026-05-19 16:19:28,Tue,16,RPAC Aquatic Center - Lap Pool,3,24,12.5
2026-05-19 16:19:28,Tue,16,RPAC Aquatic Center - Leisure Pool,0,40,0.0
2026-05-19 16:19:28,Tue,16,RPAC Cardio Canyon,4,68,5.9
2026-05-19 16:19:28,Tue,16,RPAC North Gym,13,230,5.7
2026-05-19 16:19:28,Tue,16,RPAC South Gym,3,230,1.3
2026-05-19 16:19:28,Tue,16,RPAC TWD Gym Courts 1-2,0,241,0.0
2026-05-19 16:19:28,Tue,16,RPAC TWD Gym Courts 3 - 4,0,241,0.0
2026-05-19 16:19:28,Tue,16,RPAC Upper Gym Courts 1 - 2,0,241,0.0
2026-05-19 16:19:28,Tue,16,RPAC Upper Gym Courts 3 - 4 ,0,241,0.0
2026-05-19 16:19:28,Tue,16,RPAC Weight Floor,26,125,20.8
2026-05-19 17:02:12,Tue,17,RPAC 1st Floor Fitness Balcony,12,55,21.8
2026-05-19 17:02:12,Tue,17,RPAC 2nd Floor Cardio Loft,5,37,13.5
2026-05-19 17:02:12,Tue,17,RPAC Aquatic Center - Class Pool,9,32,28.1
2026-05-19 17:02:12,Tue,17,RPAC Aquatic Center - Comp Pool,0,25,0.0
2026-05-19 17:02:12,Tue,17,RPAC Aquatic Center - Hot Tub,0,15,0.0
2026-05-19 17:02:12,Tue,17,RPAC Aquatic Center - Lap Pool,9,24,37.5
2026-05-19 17:02:12,Tue,17,RPAC Aquatic Center - Leisure Pool,7,40,17.5
2026-05-19 17:02:12,Tue,17,RPAC Cardio Canyon,4,68,5.9
2026-05-19 17:02:12,Tue,17,RPAC North Gym,13,230,5.7
2026-05-19 17:02:12,Tue,17,RPAC South Gym,3,230,1.3
2026-05-19 17:02:12,Tue,17,RPAC TWD Gym Courts 1-2,0,241,0.0
2026-05-19 17:02:12,Tue,17,RPAC TWD Gym Courts 3 - 4,0,241,0.0
2026-05-19 17:02:12,Tue,17,RPAC Upper Gym Courts 1 - 2,0,241,0.0
2026-05-19 17:02:12,Tue,17,RPAC Upper Gym Courts 3 - 4 ,0,241,0.0
2026-05-19 17:02:12,Tue,17,RPAC Weight Floor,26,125,20.8
2026-05-19 17:47:08,Tue,17,RPAC 1st Floor Fitness Balcony,12,55,21.8
2026-05-19 17:47:08,Tue,17,RPAC 2nd Floor Cardio Loft,5,37,13.5
2026-05-19 17:47:08,Tue,17,RPAC Aquatic Center - Class Pool,9,32,28.1
2026-05-19 17:47:08,Tue,17,RPAC Aquatic Center - Comp Pool,0,25,0.0
2026-05-19 17:47:08,Tue,17,RPAC Aquatic Center - Hot Tub,0,15,0.0
2026-05-19 17:47:08,Tue,17,RPAC Aquatic Center - Lap Pool,9,24,37.5
2026-05-19 17:47:08,Tue,17,RPAC Aquatic Center - Leisure Pool,7,40,17.5
2026-05-19 17:47:08,Tue,17,RPAC Cardio Canyon,4,68,5.9
2026-05-19 17:47:08,Tue,17,RPAC North Gym,13,230,5.7
2026-05-19 17:47:08,Tue,17,RPAC South Gym,3,230,1.3
2026-05-19 17:47:08,Tue,17,RPAC TWD Gym Courts 1-2,0,241,0.0
2026-05-19 17:47:08,Tue,17,RPAC TWD Gym Courts 3 - 4,0,241,0.0
2026-05-19 17:47:08,Tue,17,RPAC Upper Gym Courts 1 - 2,0,241,0.0
2026-05-19 17:47:08,Tue,17,RPAC Upper Gym Courts 3 - 4 ,0,241,0.0
2026-05-19 17:47:08,Tue,17,RPAC Weight Floor,26,125,20.8
2026-05-19 18:31:40,Tue,18,RPAC 1st Floor Fitness Balcony,12,55,21.8
2026-05-19 18:31:40,Tue,18,RPAC 2nd Floor Cardio Loft,5,37,13.5
2026-05-19 18:31:40,Tue,18,RPAC Aquatic Center - Class Pool,11,32,34.4
2026-05-19 18:31:40,Tue,18,RPAC Aquatic Center - Comp Pool,0,25,0.0
2026-05-19 18:31:40,Tue,18,RPAC Aquatic Center - Hot Tub,4,15,26.7
2026-05-19 18:31:40,Tue,18,RPAC Aquatic Center - Lap Pool,9,24,37.5
2026-05-19 18:31:40,Tue,18,RPAC Aquatic Center - Leisure Pool,11,40,27.5
2026-05-19 18:31:40,Tue,18,RPAC Cardio Canyon,4,68,5.9
2026-05-19 18:31:40,Tue,18,RPAC North Gym,13,230,5.7
2026-05-19 18:31:40,Tue,18,RPAC South Gym,3,230,1.3
2026-05-19 18:31:40,Tue,18,RPAC TWD Gym Courts 1-2,0,241,0.0
2026-05-19 18:31:40,Tue,18,RPAC TWD Gym Courts 3 - 4,0,241,0.0
2026-05-19 18:31:40,Tue,18,RPAC Upper Gym Courts 1 - 2,0,241,0.0
2026-05-19 18:31:40,Tue,18,RPAC Upper Gym Courts 3 - 4 ,0,241,0.0
2026-05-19 18:31:40,Tue,18,RPAC Weight Floor,26,125,20.8
2026-05-19 19:09:33,Tue,19,RPAC 1st Floor Fitness Balcony,12,55,21.8
2026-05-19 19:09:33,Tue,19,RPAC 2nd Floor Cardio Loft,5,37,13.5
2026-05-19 19:09:33,Tue,19,RPAC Aquatic Center - Class Pool,0,32,0.0
2026-05-19 19:09:33,Tue,19,RPAC Aquatic Center - Comp Pool,0,25,0.0
2026-05-19 19:09:33,Tue,19,RPAC Aquatic Center - Hot Tub,0,15,0.0
2026-05-19 19:09:33,Tue,19,RPAC Aquatic Center - Lap Pool,0,24,0.0
2026-05-19 19:09:33,Tue,19,RPAC Aquatic Center - Leisure Pool,0,40,0.0
2026-05-19 19:09:33,Tue,19,RPAC Cardio Canyon,4,68,5.9
2026-05-19 19:09:33,Tue,19,RPAC North Gym,13,230,5.7
2026-05-19 19:09:33,Tue,19,RPAC South Gym,3,230,1.3
2026-05-19 19:09:33,Tue,19,RPAC TWD Gym Courts 1-2,0,241,0.0
2026-05-19 19:09:33,Tue,19,RPAC TWD Gym Courts 3 - 4,0,241,0.0
2026-05-19 19:09:33,Tue,19,RPAC Upper Gym Courts 1 - 2,0,241,0.0
2026-05-19 19:09:33,Tue,19,RPAC Upper Gym Courts 3 - 4 ,0,241,0.0
2026-05-19 19:09:33,Tue,19,RPAC Weight Floor,26,125,20.8
2026-05-19 19:40:26,Tue,19,RPAC 1st Floor Fitness Balcony,12,55,21.8
2026-05-19 19:40:26,Tue,19,RPAC 2nd Floor Cardio Loft,5,37,13.5
2026-05-19 19:40:26,Tue,19,RPAC Aquatic Center - Class Pool,0,32,0.0
2026-05-19 19:40:26,Tue,19,RPAC Aquatic Center - Comp Pool,0,25,0.0
2026-05-19 19:40:26,Tue,19,RPAC Aquatic Center - Hot Tub,0,15,0.0
2026-05-19 19:40:26,Tue,19,RPAC Aquatic Center - Lap Pool,0,24,0.0
2026-05-19 19:40:26,Tue,19,RPAC Aquatic Center - Leisure Pool,0,40,0.0
2026-05-19 19:40:26,Tue,19,RPAC Cardio Canyon,4,68,5.9
2026-05-19 19:40:26,Tue,19,RPAC North Gym,13,230,5.7
2026-05-19 19:40:26,Tue,19,RPAC South Gym,3,230,1.3
2026-05-19 19:40:26,Tue,19,RPAC TWD Gym Courts 1-2,0,241,0.0
2026-05-19 19:40:26,Tue,19,RPAC TWD Gym Courts 3 - 4,0,241,0.0
2026-05-19 19:40:26,Tue,19,RPAC Upper Gym Courts 1 - 2,0,241,0.0
2026-05-19 19:40:26,Tue,19,RPAC Upper Gym Courts 3 - 4 ,0,241,0.0
2026-05-19 19:40:26,Tue,19,RPAC Weight Floor,26,125,20.8
2026-05-19 20:10:16,Tue,20,RPAC 1st Floor Fitness Balcony,12,55,21.8
2026-05-19 20:10:16,Tue,20,RPAC 2nd Floor Cardio Loft,5,37,13.5
2026-05-19 20:10:16,Tue,20,RPAC Aquatic Center - Class Pool,0,32,0.0
2026-05-19 20:10:16,Tue,20,RPAC Aquatic Center - Comp Pool,0,25,0.0
2026-05-19 20:10:16,Tue,20,RPAC Aquatic Center - Hot Tub,0,15,0.0
2026-05-19 20:10:16,Tue,20,RPAC Aquatic Center - Lap Pool,0,24,0.0
2026-05-19 20:10:16,Tue,20,RPAC Aquatic Center - Leisure Pool,0,40,0.0
2026-05-19 20:10:16,Tue,20,RPAC Cardio Canyon,4,68,5.9
2026-05-19 20:10:16,Tue,20,RPAC North Gym,13,230,5.7
2026-05-19 20:10:16,Tue,20,RPAC South Gym,3,230,1.3
2026-05-19 20:10:16,Tue,20,RPAC TWD Gym Courts 1-2,0,241,0.0
2026-05-19 20:10:16,Tue,20,RPAC TWD Gym Courts 3 - 4,0,241,0.0
2026-05-19 20:10:16,Tue,20,RPAC Upper Gym Courts 1 - 2,0,241,0.0
2026-05-19 20:10:16,Tue,20,RPAC Upper Gym Courts 3 - 4 ,0,241,0.0
2026-05-19 20:10:16,Tue,20,RPAC Weight Floor,26,125,20.8
2026-05-19 21:19:53,Tue,21,RPAC 1st Floor Fitness Balcony,12,55,21.8
2026-05-19 21:19:53,Tue,21,RPAC 2nd Floor Cardio Loft,5,37,13.5
2026-05-19 21:19:53,Tue,21,RPAC Aquatic Center - Class Pool,0,32,0.0
2026-05-19 21:19:53,Tue,21,RPAC Aquatic Center - Comp Pool,0,25,0.0
2026-05-19 21:19:53,Tue,21,RPAC Aquatic Center - Hot Tub,0,15,0.0
2026-05-19 21:19:53,Tue,21,RPAC Aquatic Center - Lap Pool,0,24,0.0
2026-05-19 21:19:53,Tue,21,RPAC Aquatic Center - Leisure Pool,0,40,0.0
2026-05-19 21:19:53,Tue,21,RPAC Cardio Canyon,4,68,5.9
2026-05-19 21:19:53,Tue,21,RPAC North Gym,13,230,5.7
2026-05-19 21:19:53,Tue,21,RPAC South Gym,3,230,1.3
2026-05-19 21:19:53,Tue,21,RPAC TWD Gym Courts 1-2,0,241,0.0
2026-05-19 21:19:53,Tue,21,RPAC TWD Gym Courts 3 - 4,0,241,0.0
2026-05-19 21:19:53,Tue,21,RPAC Upper Gym Courts 1 - 2,0,241,0.0
2026-05-19 21:19:53,Tue,21,RPAC Upper Gym Courts 3 - 4 ,0,241,0.0
2026-05-19 21:19:53,Tue,21,RPAC Weight Floor,26,125,20.8
2026-05-19 22:23:48,Tue,22,RPAC 1st Floor Fitness Balcony,12,55,21.8
2026-05-19 22:23:48,Tue,22,RPAC 2nd Floor Cardio Loft,5,37,13.5
2026-05-19 22:23:48,Tue,22,RPAC Aquatic Center - Class Pool,0,32,0.0
2026-05-19 22:23:48,Tue,22,RPAC Aquatic Center - Comp Pool,0,25,0.0
2026-05-19 22:23:48,Tue,22,RPAC Aquatic Center - Hot Tub,0,15,0.0
2026-05-19 22:23:48,Tue,22,RPAC Aquatic Center - Lap Pool,0,24,0.0
2026-05-19 22:23:48,Tue,22,RPAC Aquatic Center - Leisure Pool,0,40,0.0
2026-05-19 22:23:48,Tue,22,RPAC Cardio Canyon,4,68,5.9
2026-05-19 22:23:48,Tue,22,RPAC North Gym,13,230,5.7
2026-05-19 22:23:48,Tue,22,RPAC South Gym,3,230,1.3
2026-05-19 22:23:48,Tue,22,RPAC TWD Gym Courts 1-2,0,241,0.0
2026-05-19 22:23:48,Tue,22,RPAC TWD Gym Courts 3 - 4,0,241,0.0
2026-05-19 22:23:48,Tue,22,RPAC Upper Gym Courts 1 - 2,0,241,0.0
2026-05-19 22:23:48,Tue,22,RPAC Upper Gym Courts 3 - 4 ,0,241,0.0
2026-05-19 22:23:48,Tue,22,RPAC Weight Floor,26,125,20.8
2026-05-19 23:47:36,Tue,23,RPAC 1st Floor Fitness Balcony,12,55,21.8
2026-05-19 23:47:36,Tue,23,RPAC 2nd Floor Cardio Loft,5,37,13.5
2026-05-19 23:47:36,Tue,23,RPAC Aquatic Center - Class Pool,0,32,0.0
2026-05-19 23:47:36,Tue,23,RPAC Aquatic Center - Comp Pool,0,25,0.0
2026-05-19 23:47:36,Tue,23,RPAC Aquatic Center - Hot Tub,0,15,0.0
2026-05-19 23:47:36,Tue,23,RPAC Aquatic Center - Lap Pool,0,24,0.0
2026-05-19 23:47:36,Tue,23,RPAC Aquatic Center - Leisure Pool,0,40,0.0
2026-05-19 23:47:36,Tue,23,RPAC Cardio Canyon,4,68,5.9
2026-05-19 23:47:36,Tue,23,RPAC North Gym,13,230,5.7
2026-05-19 23:47:36,Tue,23,RPAC South Gym,3,230,1.3
2026-05-19 23:47:36,Tue,23,RPAC TWD Gym Courts 1-2,0,241,0.0
2026-05-19 23:47:36,Tue,23,RPAC TWD Gym Courts 3 - 4,0,241,0.0
2026-05-19 23:47:36,Tue,23,RPAC Upper Gym Courts 1 - 2,0,241,0.0
2026-05-19 23:47:36,Tue,23,RPAC Upper Gym Courts 3 - 4 ,0,241,0.0
2026-05-19 23:47:36,Tue,23,RPAC Weight Floor,26,125,20.8
2026-05-20 01:27:19,Wed,1,RPAC 1st Floor Fitness Balcony,12,55,21.8
2026-05-20 01:27:19,Wed,1,RPAC 2nd Floor Cardio Loft,5,37,13.5
2026-05-20 01:27:19,Wed,1,RPAC Aquatic Center - Class Pool,0,32,0.0
2026-05-20 01:27:19,Wed,1,RPAC Aquatic Center - Comp Pool,0,25,0.0
2026-05-20 01:27:19,Wed,1,RPAC Aquatic Center - Hot Tub,0,15,0.0
2026-05-20 01:27:19,Wed,1,RPAC Aquatic Center - Lap Pool,0,24,0.0
2026-05-20 01:27:19,Wed,1,RPAC Aquatic Center - Leisure Pool,0,40,0.0
2026-05-20 01:27:19,Wed,1,RPAC Cardio Canyon,4,68,5.9
2026-05-20 01:27:19,Wed,1,RPAC North Gym,13,230,5.7
2026-05-20 01:27:19,Wed,1,RPAC South Gym,3,230,1.3
2026-05-20 01:27:19,Wed,1,RPAC TWD Gym Courts 1-2,0,241,0.0
2026-05-20 01:27:19,Wed,1,RPAC TWD Gym Courts 3 - 4,0,241,0.0
2026-05-20 01:27:19,Wed,1,RPAC Upper Gym Courts 1 - 2,0,241,0.0
2026-05-20 01:27:19,Wed,1,RPAC Upper Gym Courts 3 - 4 ,0,241,0.0
2026-05-20 01:27:19,Wed,1,RPAC Weight Floor,26,125,20.8
2026-05-20 02:50:53,Wed,2,RPAC 1st Floor Fitness Balcony,12,55,21.8
2026-05-20 02:50:53,Wed,2,RPAC 2nd Floor Cardio Loft,5,37,13.5
2026-05-20 02:50:53,Wed,2,RPAC Aquatic Center - Class Pool,0,32,0.0
2026-05-20 02:50:53,Wed,2,RPAC Aquatic Center - Comp Pool,0,25,0.0
2026-05-20 02:50:53,Wed,2,RPAC Aquatic Center - Hot Tub,0,15,0.0
2026-05-20 02:50:53,Wed,2,RPAC Aquatic Center - Lap Pool,0,24,0.0
2026-05-20 02:50:53,Wed,2,RPAC Aquatic Center - Leisure Pool,0,40,0.0
2026-05-20 02:50:53,Wed,2,RPAC Cardio Canyon,4,68,5.9
2026-05-20 02:50:53,Wed,2,RPAC North Gym,13,230,5.7
2026-05-20 02:50:53,Wed,2,RPAC South Gym,3,230,1.3
2026-05-20 02:50:53,Wed,2,RPAC TWD Gym Courts 1-2,0,241,0.0
2026-05-20 02:50:53,Wed,2,RPAC TWD Gym Courts 3 - 4,0,241,0.0
2026-05-20 02:50:53,Wed,2,RPAC Upper Gym Courts 1 - 2,0,241,0.0
2026-05-20 02:50:53,Wed,2,RPAC Upper Gym Courts 3 - 4 ,0,241,0.0
2026-05-20 02:50:53,Wed,2,RPAC Weight Floor,26,125,20.8
2026-05-20 04:13:13,Wed,4,RPAC 1st Floor Fitness Balcony,12,55,21.8
2026-05-20 04:13:13,Wed,4,RPAC 2nd Floor Cardio Loft,5,37,13.5
2026-05-20 04:13:13,Wed,4,RPAC Aquatic Center - Class Pool,0,32,0.0
2026-05-20 04:13:13,Wed,4,RPAC Aquatic Center - Comp Pool,0,25,0.0
2026-05-20 04:13:13,Wed,4,RPAC Aquatic Center - Hot Tub,0,15,0.0
2026-05-20 04:13:13,Wed,4,RPAC Aquatic Center - Lap Pool,0,24,0.0
2026-05-20 04:13:13,Wed,4,RPAC Aquatic Center - Leisure Pool,0,40,0.0
2026-05-20 04:13:13,Wed,4,RPAC Cardio Canyon,4,68,5.9
2026-05-20 04:13:13,Wed,4,RPAC North Gym,13,230,5.7
2026-05-20 04:13:13,Wed,4,RPAC South Gym,3,230,1.3
2026-05-20 04:13:13,Wed,4,RPAC TWD Gym Courts 1-2,0,241,0.0
2026-05-20 04:13:13,Wed,4,RPAC TWD Gym Courts 3 - 4,0,241,0.0
2026-05-20 04:13:13,Wed,4,RPAC Upper Gym Courts 1 - 2,0,241,0.0
2026-05-20 04:13:13,Wed,4,RPAC Upper Gym Courts 3 - 4 ,0,241,0.0
2026-05-20 04:13:13,Wed,4,RPAC Weight Floor,26,125,20.8
2026-05-20 05:30:48,Wed,5,RPAC 1st Floor Fitness Balcony,12,55,21.8
2026-05-20 05:30:48,Wed,5,RPAC 2nd Floor Cardio Loft,5,37,13.5
2026-05-20 05:30:48,Wed,5,RPAC Aquatic Center - Class Pool,0,32,0.0
2026-05-20 05:30:48,Wed,5,RPAC Aquatic Center - Comp Pool,0,25,0.0
2026-05-20 05:30:48,Wed,5,RPAC Aquatic Center - Hot Tub,0,15,0.0
2026-05-20 05:30:48,Wed,5,RPAC Aquatic Center - Lap Pool,0,24,0.0
2026-05-20 05:30:48,Wed,5,RPAC Aquatic Center - Leisure Pool,0,40,0.0
2026-05-20 05:30:48,Wed,5,RPAC Cardio Canyon,4,68,5.9
2026-05-20 05:30:48,Wed,5,RPAC North Gym,13,230,5.7
2026-05-20 05:30:48,Wed,5,RPAC South Gym,3,230,1.3
2026-05-20 05:30:48,Wed,5,RPAC TWD Gym Courts 1-2,0,241,0.0
2026-05-20 05:30:48,Wed,5,RPAC TWD Gym Courts 3 - 4,0,241,0.0
2026-05-20 05:30:48,Wed,5,RPAC Upper Gym Courts 1 - 2,0,241,0.0
2026-05-20 05:30:48,Wed,5,RPAC Upper Gym Courts 3 - 4 ,0,241,0.0
2026-05-20 05:30:48,Wed,5,RPAC Weight Floor,26,125,20.8
2026-05-20 06:42:25,Wed,6,RPAC 1st Floor Fitness Balcony,12,55,21.8
2026-05-20 06:42:25,Wed,6,RPAC 2nd Floor Cardio Loft,5,37,13.5
2026-05-20 06:42:25,Wed,6,RPAC Aquatic Center - Class Pool,7,32,21.9
2026-05-20 06:42:25,Wed,6,RPAC Aquatic Center - Comp Pool,0,25,0.0
2026-05-20 06:42:25,Wed,6,RPAC Aquatic Center - Hot Tub,0,15,0.0
2026-05-20 06:42:25,Wed,6,RPAC Aquatic Center - Lap Pool,4,24,16.7
2026-05-20 06:42:25,Wed,6,RPAC Aquatic Center - Leisure Pool,0,40,0.0
2026-05-20 06:42:25,Wed,6,RPAC Cardio Canyon,4,68,5.9
2026-05-20 06:42:25,Wed,6,RPAC North Gym,13,230,5.7
2026-05-20 06:42:25,Wed,6,RPAC South Gym,3,230,1.3
2026-05-20 06:42:25,Wed,6,RPAC TWD Gym Courts 1-2,0,241,0.0
2026-05-20 06:42:25,Wed,6,RPAC TWD Gym Courts 3 - 4,0,241,0.0
2026-05-20 06:42:25,Wed,6,RPAC Upper Gym Courts 1 - 2,0,241,0.0
2026-05-20 06:42:25,Wed,6,RPAC Upper Gym Courts 3 - 4 ,0,241,0.0
2026-05-20 06:42:25,Wed,6,RPAC Weight Floor,26,125,20.8
2026-05-20 07:45:14,Wed,7,RPAC 1st Floor Fitness Balcony,12,55,21.8
2026-05-20 07:45:14,Wed,7,RPAC 2nd Floor Cardio Loft,5,37,13.5
2026-05-20 07:45:14,Wed,7,RPAC Aquatic Center - Class Pool,2,32,6.2
2026-05-20 07:45:14,Wed,7,RPAC Aquatic Center - Comp Pool,0,25,0.0
2026-05-20 07:45:14,Wed,7,RPAC Aquatic Center - Hot Tub,0,15,0.0
2026-05-20 07:45:14,Wed,7,RPAC Aquatic Center - Lap Pool,5,24,20.8
2026-05-20 07:45:14,Wed,7,RPAC Aquatic Center - Leisure Pool,0,40,0.0
2026-05-20 07:45:14,Wed,7,RPAC Cardio Canyon,4,68,5.9
2026-05-20 07:45:14,Wed,7,RPAC North Gym,13,230,5.7
2026-05-20 07:45:14,Wed,7,RPAC South Gym,3,230,1.3
2026-05-20 07:45:14,Wed,7,RPAC TWD Gym Courts 1-2,0,241,0.0
2026-05-20 07:45:14,Wed,7,RPAC TWD Gym Courts 3 - 4,0,241,0.0
2026-05-20 07:45:14,Wed,7,RPAC Upper Gym Courts 1 - 2,0,241,0.0
2026-05-20 07:45:14,Wed,7,RPAC Upper Gym Courts 3 - 4 ,0,241,0.0
2026-05-20 07:45:14,Wed,7,RPAC Weight Floor,26,125,20.8
2026-05-20 09:01:54,Wed,9,RPAC 1st Floor Fitness Balcony,12,55,21.8
2026-05-20 09:01:54,Wed,9,RPAC 2nd Floor Cardio Loft,5,37,13.5
2026-05-20 09:01:54,Wed,9,RPAC Aquatic Center - Class Pool,7,32,21.9
2026-05-20 09:01:54,Wed,9,RPAC Aquatic Center - Comp Pool,0,25,0.0
2026-05-20 09:01:54,Wed,9,RPAC Aquatic Center - Hot Tub,0,15,0.0
2026-05-20 09:01:54,Wed,9,RPAC Aquatic Center - Lap Pool,4,24,16.7
2026-05-20 09:01:54,Wed,9,RPAC Aquatic Center - Leisure Pool,0,40,0.0
2026-05-20 09:01:54,Wed,9,RPAC Cardio Canyon,4,68,5.9
2026-05-20 09:01:54,Wed,9,RPAC North Gym,13,230,5.7
2026-05-20 09:01:54,Wed,9,RPAC South Gym,3,230,1.3
2026-05-20 09:01:54,Wed,9,RPAC TWD Gym Courts 1-2,0,241,0.0
2026-05-20 09:01:54,Wed,9,RPAC TWD Gym Courts 3 - 4,0,241,0.0
2026-05-20 09:01:54,Wed,9,RPAC Upper Gym Courts 1 - 2,0,241,0.0
2026-05-20 09:01:54,Wed,9,RPAC Upper Gym Courts 3 - 4 ,0,241,0.0
2026-05-20 09:01:54,Wed,9,RPAC Weight Floor,26,125,20.8
2026-05-20 10:08:31,Wed,10,RPAC 1st Floor Fitness Balcony,12,55,21.8
2026-05-20 10:08:31,Wed,10,RPAC 2nd Floor Cardio Loft,5,37,13.5
2026-05-20 10:08:31,Wed,10,RPAC Aquatic Center - Class Pool,7,32,21.9
2026-05-20 10:08:31,Wed,10,RPAC Aquatic Center - Comp Pool,0,25,0.0
2026-05-20 10:08:31,Wed,10,RPAC Aquatic Center - Hot Tub,0,15,0.0
2026-05-20 10:08:31,Wed,10,RPAC Aquatic Center - Lap Pool,4,24,16.7
2026-05-20 10:08:31,Wed,10,RPAC Aquatic Center - Leisure Pool,0,40,0.0
2026-05-20 10:08:31,Wed,10,RPAC Cardio Canyon,4,68,5.9
2026-05-20 10:08:31,Wed,10,RPAC North Gym,13,230,5.7
2026-05-20 10:08:31,Wed,10,RPAC South Gym,3,230,1.3
2026-05-20 10:08:31,Wed,10,RPAC TWD Gym Courts 1-2,0,241,0.0
2026-05-20 10:08:31,Wed,10,RPAC TWD Gym Courts 3 - 4,0,241,0.0
2026-05-20 10:08:31,Wed,10,RPAC Upper Gym Courts 1 - 2,0,241,0.0
2026-05-20 10:08:31,Wed,10,RPAC Upper Gym Courts 3 - 4 ,0,241,0.0
2026-05-20 10:08:31,Wed,10,RPAC Weight Floor,26,125,20.8
2026-05-20 11:25:45,Wed,11,RPAC 1st Floor Fitness Balcony,12,55,21.8
2026-05-20 11:25:45,Wed,11,RPAC 2nd Floor Cardio Loft,5,37,13.5
2026-05-20 11:25:45,Wed,11,RPAC Aquatic Center - Class Pool,2,32,6.2
2026-05-20 11:25:45,Wed,11,RPAC Aquatic Center - Comp Pool,0,25,0.0
2026-05-20 11:25:45,Wed,11,RPAC Aquatic Center - Hot Tub,0,15,0.0
2026-05-20 11:25:45,Wed,11,RPAC Aquatic Center - Lap Pool,3,24,12.5
2026-05-20 11:25:45,Wed,11,RPAC Aquatic Center - Leisure Pool,0,40,0.0
2026-05-20 11:25:45,Wed,11,RPAC Cardio Canyon,4,68,5.9
2026-05-20 11:25:45,Wed,11,RPAC North Gym,13,230,5.7
2026-05-20 11:25:45,Wed,11,RPAC South Gym,3,230,1.3
2026-05-20 11:25:45,Wed,11,RPAC TWD Gym Courts 1-2,0,241,0.0
2026-05-20 11:25:45,Wed,11,RPAC TWD Gym Courts 3 - 4,0,241,0.0
2026-05-20 11:25:45,Wed,11,RPAC Upper Gym Courts 1 - 2,0,241,0.0
2026-05-20 11:25:45,Wed,11,RPAC Upper Gym Courts 3 - 4 ,0,241,0.0
2026-05-20 11:25:45,Wed,11,RPAC Weight Floor,26,125,20.8
2026-05-20 12:34:48,Wed,12,RPAC 1st Floor Fitness Balcony,12,55,21.8
2026-05-20 12:34:48,Wed,12,RPAC 2nd Floor Cardio Loft,5,37,13.5
2026-05-20 12:34:48,Wed,12,RPAC Aquatic Center - Class Pool,0,32,0.0
2026-05-20 12:34:48,Wed,12,RPAC Aquatic Center - Comp Pool,0,25,0.0
2026-05-20 12:34:48,Wed,12,RPAC Aquatic Center - Hot Tub,1,15,6.7
2026-05-20 12:34:48,Wed,12,RPAC Aquatic Center - Lap Pool,2,24,8.3
2026-05-20 12:34:48,Wed,12,RPAC Aquatic Center - Leisure Pool,0,40,0.0
2026-05-20 12:34:48,Wed,12,RPAC Cardio Canyon,4,68,5.9
2026-05-20 12:34:48,Wed,12,RPAC North Gym,13,230,5.7
2026-05-20 12:34:48,Wed,12,RPAC South Gym,3,230,1.3
2026-05-20 12:34:48,Wed,12,RPAC TWD Gym Courts 1-2,0,241,0.0
2026-05-20 12:34:48,Wed,12,RPAC TWD Gym Courts 3 - 4,0,241,0.0
2026-05-20 12:34:48,Wed,12,RPAC Upper Gym Courts 1 - 2,0,241,0.0
2026-05-20 12:34:48,Wed,12,RPAC Upper Gym Courts 3 - 4 ,0,241,0.0
2026-05-20 12:34:48,Wed,12,RPAC Weight Floor,26,125,20.8
2026-05-20 13:45:47,Wed,13,RPAC 1st Floor Fitness Balcony,12,55,21.8
2026-05-20 13:45:47,Wed,13,RPAC 2nd Floor Cardio Loft,5,37,13.5
2026-05-20 13:45:47,Wed,13,RPAC Aquatic Center - Class Pool,5,32,15.6
2026-05-20 13:45:47,Wed,13,RPAC Aquatic Center - Comp Pool,0,25,0.0
2026-05-20 13:45:47,Wed,13,RPAC Aquatic Center - Hot Tub,0,15,0.0
2026-05-20 13:45:47,Wed,13,RPAC Aquatic Center - Lap Pool,1,24,4.2
2026-05-20 13:45:47,Wed,13,RPAC Aquatic Center - Leisure Pool,0,40,0.0
2026-05-20 13:45:47,Wed,13,RPAC Cardio Canyon,4,68,5.9
2026-05-20 13:45:47,Wed,13,RPAC North Gym,13,230,5.7
2026-05-20 13:45:47,Wed,13,RPAC South Gym,3,230,1.3
2026-05-20 13:45:47,Wed,13,RPAC TWD Gym Courts 1-2,0,241,0.0
2026-05-20 13:45:47,Wed,13,RPAC TWD Gym Courts 3 - 4,0,241,0.0
2026-05-20 13:45:47,Wed,13,RPAC Upper Gym Courts 1 - 2,0,241,0.0
2026-05-20 13:45:47,Wed,13,RPAC Upper Gym Courts 3 - 4 ,0,241,0.0
2026-05-20 13:45:47,Wed,13,RPAC Weight Floor,26,125,20.8
2026-05-20 14:54:35,Wed,14,RPAC 1st Floor Fitness Balcony,12,55,21.8
2026-05-20 14:54:35,Wed,14,RPAC 2nd Floor Cardio Loft,5,37,13.5
2026-05-20 14:54:35,Wed,14,RPAC Aquatic Center - Class Pool,2,32,6.2
2026-05-20 14:54:35,Wed,14,RPAC Aquatic Center - Comp Pool,0,25,0.0
2026-05-20 14:54:35,Wed,14,RPAC Aquatic Center - Hot Tub,4,15,26.7
2026-05-20 14:54:35,Wed,14,RPAC Aquatic Center - Lap Pool,2,24,8.3
2026-05-20 14:54:35,Wed,14,RPAC Aquatic Center - Leisure Pool,0,40,0.0
2026-05-20 14:54:35,Wed,14,RPAC Cardio Canyon,4,68,5.9
2026-05-20 14:54:35,Wed,14,RPAC North Gym,13,230,5.7
2026-05-20 14:54:35,Wed,14,RPAC South Gym,3,230,1.3
2026-05-20 14:54:35,Wed,14,RPAC TWD Gym Courts 1-2,0,241,0.0
2026-05-20 14:54:35,Wed,14,RPAC TWD Gym Courts 3 - 4,0,241,0.0
2026-05-20 14:54:35,Wed,14,RPAC Upper Gym Courts 1 - 2,0,241,0.0
2026-05-20 14:54:35,Wed,14,RPAC Upper Gym Courts 3 - 4 ,0,241,0.0
2026-05-20 14:54:35,Wed,14,RPAC Weight Floor,26,125,20.8
2026-05-20 15:47:23,Wed,15,RPAC 1st Floor Fitness Balcony,12,55,21.8
2026-05-20 15:47:23,Wed,15,RPAC 2nd Floor Cardio Loft,5,37,13.5
2026-05-20 15:47:23,Wed,15,RPAC Aquatic Center - Class Pool,2,32,6.2
2026-05-20 15:47:23,Wed,15,RPAC Aquatic Center - Comp Pool,0,25,0.0
2026-05-20 15:47:23,Wed,15,RPAC Aquatic Center - Hot Tub,4,15,26.7
2026-05-20 15:47:23,Wed,15,RPAC Aquatic Center - Lap Pool,2,24,8.3
2026-05-20 15:47:23,Wed,15,RPAC Aquatic Center - Leisure Pool,0,40,0.0
2026-05-20 15:47:23,Wed,15,RPAC Cardio Canyon,4,68,5.9
2026-05-20 15:47:23,Wed,15,RPAC North Gym,13,230,5.7
2026-05-20 15:47:23,Wed,15,RPAC South Gym,3,230,1.3
2026-05-20 15:47:23,Wed,15,RPAC TWD Gym Courts 1-2,0,241,0.0
2026-05-20 15:47:23,Wed,15,RPAC TWD Gym Courts 3 - 4,0,241,0.0
2026-05-20 15:47:23,Wed,15,RPAC Upper Gym Courts 1 - 2,0,241,0.0
2026-05-20 15:47:23,Wed,15,RPAC Upper Gym Courts 3 - 4 ,0,241,0.0
2026-05-20 15:47:23,Wed,15,RPAC Weight Floor,26,125,20.8
2026-05-20 16:47:54,Wed,16,RPAC 1st Floor Fitness Balcony,12,55,21.8
2026-05-20 16:47:54,Wed,16,RPAC 2nd Floor Cardio Loft,5,37,13.5
2026-05-20 16:47:54,Wed,16,RPAC Aquatic Center - Class Pool,2,32,6.2
2026-05-20 16:47:54,Wed,16,RPAC Aquatic Center - Comp Pool,0,25,0.0
2026-05-20 16:47:54,Wed,16,RPAC Aquatic Center - Hot Tub,4,15,26.7
2026-05-20 16:47:54,Wed,16,RPAC Aquatic Center - Lap Pool,2,24,8.3
2026-05-20 16:47:54,Wed,16,RPAC Aquatic Center - Leisure Pool,0,40,0.0
2026-05-20 16:47:54,Wed,16,RPAC Cardio Canyon,4,68,5.9
2026-05-20 16:47:54,Wed,16,RPAC North Gym,13,230,5.7
2026-05-20 16:47:54,Wed,16,RPAC South Gym,3,230,1.3
2026-05-20 16:47:54,Wed,16,RPAC TWD Gym Courts 1-2,0,241,0.0
2026-05-20 16:47:54,Wed,16,RPAC TWD Gym Courts 3 - 4,0,241,0.0
2026-05-20 16:47:54,Wed,16,RPAC Upper Gym Courts 1 - 2,0,241,0.0
2026-05-20 16:47:54,Wed,16,RPAC Upper Gym Courts 3 - 4 ,0,241,0.0
2026-05-20 16:47:54,Wed,16,RPAC Weight Floor,26,125,20.8
2026-05-20 17:38:00,Wed,17,RPAC 1st Floor Fitness Balcony,12,55,21.8
2026-05-20 17:38:00,Wed,17,RPAC 2nd Floor Cardio Loft,5,37,13.5
2026-05-20 17:38:00,Wed,17,RPAC Aquatic Center - Class Pool,2,32,6.2
2026-05-20 17:38:00,Wed,17,RPAC Aquatic Center - Comp Pool,0,25,0.0
2026-05-20 17:38:00,Wed,17,RPAC Aquatic Center - Hot Tub,4,15,26.7
2026-05-20 17:38:00,Wed,17,RPAC Aquatic Center - Lap Pool,2,24,8.3
2026-05-20 17:38:00,Wed,17,RPAC Aquatic Center - Leisure Pool,0,40,0.0
2026-05-20 17:38:00,Wed,17,RPAC Cardio Canyon,4,68,5.9
2026-05-20 17:38:00,Wed,17,RPAC North Gym,13,230,5.7
2026-05-20 17:38:00,Wed,17,RPAC South Gym,3,230,1.3
2026-05-20 17:38:00,Wed,17,RPAC TWD Gym Courts 1-2,0,241,0.0
2026-05-20 17:38:00,Wed,17,RPAC TWD Gym Courts 3 - 4,0,241,0.0
2026-05-20 17:38:00,Wed,17,RPAC Upper Gym Courts 1 - 2,0,241,0.0
2026-05-20 17:38:00,Wed,17,RPAC Upper Gym Courts 3 - 4 ,0,241,0.0
2026-05-20 17:38:00,Wed,17,RPAC Weight Floor,26,125,20.8
2026-05-20 18:16:23,Wed,18,RPAC 1st Floor Fitness Balcony,12,55,21.8
2026-05-20 18:16:23,Wed,18,RPAC 2nd Floor Cardio Loft,5,37,13.5
2026-05-20 18:16:23,Wed,18,RPAC Aquatic Center - Class Pool,2,32,6.2
2026-05-20 18:16:23,Wed,18,RPAC Aquatic Center - Comp Pool,0,25,0.0
2026-05-20 18:16:23,Wed,18,RPAC Aquatic Center - Hot Tub,4,15,26.7
2026-05-20 18:16:23,Wed,18,RPAC Aquatic Center - Lap Pool,2,24,8.3
2026-05-20 18:16:23,Wed,18,RPAC Aquatic Center - Leisure Pool,0,40,0.0
2026-05-20 18:16:23,Wed,18,RPAC Cardio Canyon,4,68,5.9
2026-05-20 18:16:23,Wed,18,RPAC North Gym,13,230,5.7
2026-05-20 18:16:23,Wed,18,RPAC South Gym,3,230,1.3
2026-05-20 18:16:23,Wed,18,RPAC TWD Gym Courts 1-2,0,241,0.0
2026-05-20 18:16:23,Wed,18,RPAC TWD Gym Courts 3 - 4,0,241,0.0
2026-05-20 18:16:23,Wed,18,RPAC Upper Gym Courts 1 - 2,0,241,0.0
2026-05-20 18:16:23,Wed,18,RPAC Upper Gym Courts 3 - 4 ,0,241,0.0
2026-05-20 18:16:23,Wed,18,RPAC Weight Floor,26,125,20.8
2026-05-20 18:57:16,Wed,18,RPAC 1st Floor Fitness Balcony,12,55,21.8
2026-05-20 18:57:16,Wed,18,RPAC 2nd Floor Cardio Loft,5,37,13.5
2026-05-20 18:57:16,Wed,18,RPAC Aquatic Center - Class Pool,2,32,6.2
2026-05-20 18:57:16,Wed,18,RPAC Aquatic Center - Comp Pool,0,25,0.0
2026-05-20 18:57:16,Wed,18,RPAC Aquatic Center - Hot Tub,4,15,26.7
2026-05-20 18:57:16,Wed,18,RPAC Aquatic Center - Lap Pool,2,24,8.3
2026-05-20 18:57:16,Wed,18,RPAC Aquatic Center - Leisure Pool,0,40,0.0
2026-05-20 18:57:16,Wed,18,RPAC Cardio Canyon,4,68,5.9
2026-05-20 18:57:16,Wed,18,RPAC North Gym,13,230,5.7
2026-05-20 18:57:16,Wed,18,RPAC South Gym,3,230,1.3
2026-05-20 18:57:16,Wed,18,RPAC TWD Gym Courts 1-2,0,241,0.0
2026-05-20 18:57:16,Wed,18,RPAC TWD Gym Courts 3 - 4,0,241,0.0
2026-05-20 18:57:16,Wed,18,RPAC Upper Gym Courts 1 - 2,0,241,0.0
2026-05-20 18:57:16,Wed,18,RPAC Upper Gym Courts 3 - 4 ,0,241,0.0
2026-05-20 18:57:16,Wed,18,RPAC Weight Floor,26,125,20.8
2026-05-20 19:35:16,Wed,19,RPAC 1st Floor Fitness Balcony,12,55,21.8
2026-05-20 19:35:16,Wed,19,RPAC 2nd Floor Cardio Loft,5,37,13.5
2026-05-20 19:35:16,Wed,19,RPAC Aquatic Center - Class Pool,2,32,6.2
2026-05-20 19:35:16,Wed,19,RPAC Aquatic Center - Comp Pool,0,25,0.0
2026-05-20 19:35:16,Wed,19,RPAC Aquatic Center - Hot Tub,4,15,26.7
2026-05-20 19:35:16,Wed,19,RPAC Aquatic Center - Lap Pool,2,24,8.3
2026-05-20 19:35:16,Wed,19,RPAC Aquatic Center - Leisure Pool,0,40,0.0
2026-05-20 19:35:16,Wed,19,RPAC Cardio Canyon,4,68,5.9
2026-05-20 19:35:16,Wed,19,RPAC North Gym,13,230,5.7
2026-05-20 19:35:16,Wed,19,RPAC South Gym,3,230,1.3
2026-05-20 19:35:16,Wed,19,RPAC TWD Gym Courts 1-2,0,241,0.0
2026-05-20 19:35:16,Wed,19,RPAC TWD Gym Courts 3 - 4,0,241,0.0
2026-05-20 19:35:16,Wed,19,RPAC Upper Gym Courts 1 - 2,0,241,0.0
2026-05-20 19:35:16,Wed,19,RPAC Upper Gym Courts 3 - 4 ,0,241,0.0
2026-05-20 19:35:16,Wed,19,RPAC Weight Floor,26,125,20.8
2026-05-20 20:09:56,Wed,20,RPAC 1st Floor Fitness Balcony,12,55,21.8
2026-05-20 20:09:56,Wed,20,RPAC 2nd Floor Cardio Loft,5,37,13.5
2026-05-20 20:09:56,Wed,20,RPAC Aquatic Center - Class Pool,2,32,6.2
2026-05-20 20:09:56,Wed,20,RPAC Aquatic Center - Comp Pool,0,25,0.0
2026-05-20 20:09:56,Wed,20,RPAC Aquatic Center - Hot Tub,4,15,26.7
2026-05-20 20:09:56,Wed,20,RPAC Aquatic Center - Lap Pool,2,24,8.3
2026-05-20 20:09:56,Wed,20,RPAC Aquatic Center - Leisure Pool,0,40,0.0
2026-05-20 20:09:56,Wed,20,RPAC Cardio Canyon,4,68,5.9
2026-05-20 20:09:56,Wed,20,RPAC North Gym,13,230,5.7
2026-05-20 20:09:56,Wed,20,RPAC South Gym,3,230,1.3
2026-05-20 20:09:56,Wed,20,RPAC TWD Gym Courts 1-2,0,241,0.0
2026-05-20 20:09:56,Wed,20,RPAC TWD Gym Courts 3 - 4,0,241,0.0
2026-05-20 20:09:56,Wed,20,RPAC Upper Gym Courts 1 - 2,0,241,0.0
2026-05-20 20:09:56,Wed,20,RPAC Upper Gym Courts 3 - 4 ,0,241,0.0
2026-05-20 20:09:56,Wed,20,RPAC Weight Floor,26,125,20.8
2026-05-20 21:20:09,Wed,21,RPAC 1st Floor Fitness Balcony,12,55,21.8
2026-05-20 21:20:09,Wed,21,RPAC 2nd Floor Cardio Loft,5,37,13.5
2026-05-20 21:20:09,Wed,21,RPAC Aquatic Center - Class Pool,2,32,6.2
2026-05-20 21:20:09,Wed,21,RPAC Aquatic Center - Comp Pool,0,25,0.0
2026-05-20 21:20:09,Wed,21,RPAC Aquatic Center - Hot Tub,4,15,26.7
2026-05-20 21:20:09,Wed,21,RPAC Aquatic Center - Lap Pool,2,24,8.3
2026-05-20 21:20:09,Wed,21,RPAC Aquatic Center - Leisure Pool,0,40,0.0
2026-05-20 21:20:09,Wed,21,RPAC Cardio Canyon,4,68,5.9
2026-05-20 21:20:09,Wed,21,RPAC North Gym,13,230,5.7
2026-05-20 21:20:09,Wed,21,RPAC South Gym,3,230,1.3
2026-05-20 21:20:09,Wed,21,RPAC TWD Gym Courts 1-2,0,241,0.0
2026-05-20 21:20:09,Wed,21,RPAC TWD Gym Courts 3 - 4,0,241,0.0
2026-05-20 21:20:09,Wed,21,RPAC Upper Gym Courts 1 - 2,0,241,0.0
2026-05-20 21:20:09,Wed,21,RPAC Upper Gym Courts 3 - 4 ,0,241,0.0
2026-05-20 21:20:09,Wed,21,RPAC Weight Floor,26,125,20.8
2026-05-20 22:23:40,Wed,22,RPAC 1st Floor Fitness Balcony,12,55,21.8
2026-05-20 22:23:40,Wed,22,RPAC 2nd Floor Cardio Loft,5,37,13.5
2026-05-20 22:23:40,Wed,22,RPAC Aquatic Center - Class Pool,2,32,6.2
2026-05-20 22:23:40,Wed,22,RPAC Aquatic Center - Comp Pool,0,25,0.0
2026-05-20 22:23:40,Wed,22,RPAC Aquatic Center - Hot Tub,4,15,26.7
2026-05-20 22:23:40,Wed,22,RPAC Aquatic Center - Lap Pool,2,24,8.3
2026-05-20 22:23:40,Wed,22,RPAC Aquatic Center - Leisure Pool,0,40,0.0
2026-05-20 22:23:40,Wed,22,RPAC Cardio Canyon,4,68,5.9
2026-05-20 22:23:40,Wed,22,RPAC North Gym,13,230,5.7
2026-05-20 22:23:40,Wed,22,RPAC South Gym,3,230,1.3
2026-05-20 22:23:40,Wed,22,RPAC TWD Gym Courts 1-2,0,241,0.0
2026-05-20 22:23:40,Wed,22,RPAC TWD Gym Courts 3 - 4,0,241,0.0
2026-05-20 22:23:40,Wed,22,RPAC Upper Gym Courts 1 - 2,0,241,0.0
2026-05-20 22:23:40,Wed,22,RPAC Upper Gym Courts 3 - 4 ,0,241,0.0
2026-05-20 22:23:40,Wed,22,RPAC Weight Floor,26,125,20.8
2026-05-20 23:48:07,Wed,23,RPAC 1st Floor Fitness Balcony,12,55,21.8
2026-05-20 23:48:07,Wed,23,RPAC 2nd Floor Cardio Loft,5,37,13.5
2026-05-20 23:48:07,Wed,23,RPAC Aquatic Center - Class Pool,2,32,6.2
2026-05-20 23:48:07,Wed,23,RPAC Aquatic Center - Comp Pool,0,25,0.0
2026-05-20 23:48:07,Wed,23,RPAC Aquatic Center - Hot Tub,4,15,26.7
2026-05-20 23:48:07,Wed,23,RPAC Aquatic Center - Lap Pool,2,24,8.3
2026-05-20 23:48:07,Wed,23,RPAC Aquatic Center - Leisure Pool,0,40,0.0
2026-05-20 23:48:07,Wed,23,RPAC Cardio Canyon,4,68,5.9
2026-05-20 23:48:07,Wed,23,RPAC North Gym,13,230,5.7
2026-05-20 23:48:07,Wed,23,RPAC South Gym,3,230,1.3
2026-05-20 23:48:07,Wed,23,RPAC TWD Gym Courts 1-2,0,241,0.0
2026-05-20 23:48:07,Wed,23,RPAC TWD Gym Courts 3 - 4,0,241,0.0
2026-05-20 23:48:07,Wed,23,RPAC Upper Gym Courts 1 - 2,0,241,0.0
2026-05-20 23:48:07,Wed,23,RPAC Upper Gym Courts 3 - 4 ,0,241,0.0
2026-05-20 23:48:07,Wed,23,RPAC Weight Floor,26,125,20.8
2026-05-21 01:30:54,Thu,1,RPAC 1st Floor Fitness Balcony,12,55,21.8
2026-05-21 01:30:54,Thu,1,RPAC 2nd Floor Cardio Loft,5,37,13.5
2026-05-21 01:30:54,Thu,1,RPAC Aquatic Center - Class Pool,2,32,6.2
2026-05-21 01:30:54,Thu,1,RPAC Aquatic Center - Comp Pool,0,25,0.0
2026-05-21 01:30:54,Thu,1,RPAC Aquatic Center - Hot Tub,4,15,26.7
2026-05-21 01:30:54,Thu,1,RPAC Aquatic Center - Lap Pool,2,24,8.3
2026-05-21 01:30:54,Thu,1,RPAC Aquatic Center - Leisure Pool,0,40,0.0
2026-05-21 01:30:54,Thu,1,RPAC Cardio Canyon,4,68,5.9
2026-05-21 01:30:54,Thu,1,RPAC North Gym,13,230,5.7
2026-05-21 01:30:54,Thu,1,RPAC South Gym,3,230,1.3
2026-05-21 01:30:54,Thu,1,RPAC TWD Gym Courts 1-2,0,241,0.0
2026-05-21 01:30:54,Thu,1,RPAC TWD Gym Courts 3 - 4,0,241,0.0
2026-05-21 01:30:54,Thu,1,RPAC Upper Gym Courts 1 - 2,0,241,0.0
2026-05-21 01:30:54,Thu,1,RPAC Upper Gym Courts 3 - 4 ,0,241,0.0
2026-05-21 01:30:54,Thu,1,RPAC Weight Floor,26,125,20.8
2026-05-21 03:02:05,Thu,3,RPAC 1st Floor Fitness Balcony,12,55,21.8
2026-05-21 03:02:05,Thu,3,RPAC 2nd Floor Cardio Loft,5,37,13.5
2026-05-21 03:02:05,Thu,3,RPAC Aquatic Center - Class Pool,2,32,6.2
2026-05-21 03:02:05,Thu,3,RPAC Aquatic Center - Comp Pool,0,25,0.0
2026-05-21 03:02:05,Thu,3,RPAC Aquatic Center - Hot Tub,4,15,26.7
2026-05-21 03:02:05,Thu,3,RPAC Aquatic Center - Lap Pool,2,24,8.3
2026-05-21 03:02:05,Thu,3,RPAC Aquatic Center - Leisure Pool,0,40,0.0
2026-05-21 03:02:05,Thu,3,RPAC Cardio Canyon,4,68,5.9
2026-05-21 03:02:05,Thu,3,RPAC North Gym,13,230,5.7
2026-05-21 03:02:05,Thu,3,RPAC South Gym,3,230,1.3
2026-05-21 03:02:05,Thu,3,RPAC TWD Gym Courts 1-2,0,241,0.0
2026-05-21 03:02:05,Thu,3,RPAC TWD Gym Courts 3 - 4,0,241,0.0
2026-05-21 03:02:05,Thu,3,RPAC Upper Gym Courts 1 - 2,0,241,0.0
2026-05-21 03:02:05,Thu,3,RPAC Upper Gym Courts 3 - 4 ,0,241,0.0
2026-05-21 03:02:05,Thu,3,RPAC Weight Floor,26,125,20.8
2026-05-21 04:27:24,Thu,4,RPAC 1st Floor Fitness Balcony,12,55,21.8
2026-05-21 04:27:24,Thu,4,RPAC 2nd Floor Cardio Loft,5,37,13.5
2026-05-21 04:27:24,Thu,4,RPAC Aquatic Center - Class Pool,2,32,6.2
2026-05-21 04:27:24,Thu,4,RPAC Aquatic Center - Comp Pool,0,25,0.0
2026-05-21 04:27:24,Thu,4,RPAC Aquatic Center - Hot Tub,4,15,26.7
2026-05-21 04:27:24,Thu,4,RPAC Aquatic Center - Lap Pool,2,24,8.3
2026-05-21 04:27:24,Thu,4,RPAC Aquatic Center - Leisure Pool,0,40,0.0
2026-05-21 04:27:24,Thu,4,RPAC Cardio Canyon,4,68,5.9
2026-05-21 04:27:24,Thu,4,RPAC North Gym,13,230,5.7
2026-05-21 04:27:24,Thu,4,RPAC South Gym,3,230,1.3
2026-05-21 04:27:24,Thu,4,RPAC TWD Gym Courts 1-2,0,241,0.0
2026-05-21 04:27:24,Thu,4,RPAC TWD Gym Courts 3 - 4,0,241,0.0
2026-05-21 04:27:24,Thu,4,RPAC Upper Gym Courts 1 - 2,0,241,0.0
2026-05-21 04:27:24,Thu,4,RPAC Upper Gym Courts 3 - 4 ,0,241,0.0
2026-05-21 04:27:24,Thu,4,RPAC Weight Floor,26,125,20.8
2026-05-21 05:51:11,Thu,5,RPAC 1st Floor Fitness Balcony,12,55,21.8
2026-05-21 05:51:11,Thu,5,RPAC 2nd Floor Cardio Loft,5,37,13.5
2026-05-21 05:51:11,Thu,5,RPAC Aquatic Center - Class Pool,2,32,6.2
2026-05-21 05:51:11,Thu,5,RPAC Aquatic Center - Comp Pool,0,25,0.0
2026-05-21 05:51:11,Thu,5,RPAC Aquatic Center - Hot Tub,4,15,26.7
2026-05-21 05:51:11,Thu,5,RPAC Aquatic Center - Lap Pool,2,24,8.3
2026-05-21 05:51:11,Thu,5,RPAC Aquatic Center - Leisure Pool,0,40,0.0
2026-05-21 05:51:11,Thu,5,RPAC Cardio Canyon,4,68,5.9
2026-05-21 05:51:11,Thu,5,RPAC North Gym,13,230,5.7
2026-05-21 05:51:11,Thu,5,RPAC South Gym,3,230,1.3
2026-05-21 05:51:11,Thu,5,RPAC TWD Gym Courts 1-2,0,241,0.0
2026-05-21 05:51:11,Thu,5,RPAC TWD Gym Courts 3 - 4,0,241,0.0
2026-05-21 05:51:11,Thu,5,RPAC Upper Gym Courts 1 - 2,0,241,0.0
2026-05-21 05:51:11,Thu,5,RPAC Upper Gym Courts 3 - 4 ,0,241,0.0
2026-05-21 05:51:11,Thu,5,RPAC Weight Floor,26,125,20.8
2026-05-21 07:09:56,Thu,7,RPAC 1st Floor Fitness Balcony,12,55,21.8
2026-05-21 07:09:56,Thu,7,RPAC 2nd Floor Cardio Loft,5,37,13.5
2026-05-21 07:09:56,Thu,7,RPAC Aquatic Center - Class Pool,3,32,9.4
2026-05-21 07:09:56,Thu,7,RPAC Aquatic Center - Comp Pool,0,25,0.0
2026-05-21 07:09:56,Thu,7,RPAC Aquatic Center - Hot Tub,0,15,0.0
2026-05-21 07:09:56,Thu,7,RPAC Aquatic Center - Lap Pool,1,24,4.2
2026-05-21 07:09:56,Thu,7,RPAC Aquatic Center - Leisure Pool,0,40,0.0
2026-05-21 07:09:56,Thu,7,RPAC Cardio Canyon,4,68,5.9
2026-05-21 07:09:56,Thu,7,RPAC North Gym,13,230,5.7
2026-05-21 07:09:56,Thu,7,RPAC South Gym,3,230,1.3
2026-05-21 07:09:56,Thu,7,RPAC TWD Gym Courts 1-2,0,241,0.0
2026-05-21 07:09:56,Thu,7,RPAC TWD Gym Courts 3 - 4,0,241,0.0
2026-05-21 07:09:56,Thu,7,RPAC Upper Gym Courts 1 - 2,0,241,0.0
2026-05-21 07:09:56,Thu,7,RPAC Upper Gym Courts 3 - 4 ,0,241,0.0
2026-05-21 07:09:56,Thu,7,RPAC Weight Floor,26,125,20.8
2026-05-21 08:24:03,Thu,8,RPAC 1st Floor Fitness Balcony,12,55,21.8
2026-05-21 08:24:03,Thu,8,RPAC 2nd Floor Cardio Loft,5,37,13.5
2026-05-21 08:24:03,Thu,8,RPAC Aquatic Center - Class Pool,4,32,12.5
2026-05-21 08:24:03,Thu,8,RPAC Aquatic Center - Comp Pool,0,25,0.0
2026-05-21 08:24:03,Thu,8,RPAC Aquatic Center - Hot Tub,0,15,0.0
2026-05-21 08:24:03,Thu,8,RPAC Aquatic Center - Lap Pool,4,24,16.7
2026-05-21 08:24:03,Thu,8,RPAC Aquatic Center - Leisure Pool,0,40,0.0
2026-05-21 08:24:03,Thu,8,RPAC Cardio Canyon,4,68,5.9
2026-05-21 08:24:03,Thu,8,RPAC North Gym,13,230,5.7
2026-05-21 08:24:03,Thu,8,RPAC South Gym,3,230,1.3
2026-05-21 08:24:03,Thu,8,RPAC TWD Gym Courts 1-2,0,241,0.0
2026-05-21 08:24:03,Thu,8,RPAC TWD Gym Courts 3 - 4,0,241,0.0
2026-05-21 08:24:03,Thu,8,RPAC Upper Gym Courts 1 - 2,0,241,0.0
2026-05-21 08:24:03,Thu,8,RPAC Upper Gym Courts 3 - 4 ,0,241,0.0
2026-05-21 08:24:03,Thu,8,RPAC Weight Floor,26,125,20.8
2026-05-21 09:37:12,Thu,9,RPAC 1st Floor Fitness Balcony,12,55,21.8
2026-05-21 09:37:12,Thu,9,RPAC 2nd Floor Cardio Loft,5,37,13.5
2026-05-21 09:37:12,Thu,9,RPAC Aquatic Center - Class Pool,3,32,9.4
2026-05-21 09:37:12,Thu,9,RPAC Aquatic Center - Comp Pool,0,25,0.0
2026-05-21 09:37:12,Thu,9,RPAC Aquatic Center - Hot Tub,0,15,0.0
2026-05-21 09:37:12,Thu,9,RPAC Aquatic Center - Lap Pool,1,24,4.2
2026-05-21 09:37:12,Thu,9,RPAC Aquatic Center - Leisure Pool,0,40,0.0
2026-05-21 09:37:12,Thu,9,RPAC Cardio Canyon,4,68,5.9
2026-05-21 09:37:12,Thu,9,RPAC North Gym,13,230,5.7
2026-05-21 09:37:12,Thu,9,RPAC South Gym,3,230,1.3
2026-05-21 09:37:12,Thu,9,RPAC TWD Gym Courts 1-2,0,241,0.0
2026-05-21 09:37:12,Thu,9,RPAC TWD Gym Courts 3 - 4,0,241,0.0
2026-05-21 09:37:12,Thu,9,RPAC Upper Gym Courts 1 - 2,0,241,0.0
2026-05-21 09:37:12,Thu,9,RPAC Upper Gym Courts 3 - 4 ,0,241,0.0
2026-05-21 09:37:12,Thu,9,RPAC Weight Floor,26,125,20.8
2026-05-21 10:43:13,Thu,10,RPAC 1st Floor Fitness Balcony,12,55,21.8
2026-05-21 10:43:13,Thu,10,RPAC 2nd Floor Cardio Loft,5,37,13.5
2026-05-21 10:43:13,Thu,10,RPAC Aquatic Center - Class Pool,2,32,6.2
2026-05-21 10:43:13,Thu,10,RPAC Aquatic Center - Comp Pool,0,25,0.0
2026-05-21 10:43:13,Thu,10,RPAC Aquatic Center - Hot Tub,0,15,0.0
2026-05-21 10:43:13,Thu,10,RPAC Aquatic Center - Lap Pool,2,24,8.3
2026-05-21 10:43:13,Thu,10,RPAC Aquatic Center - Leisure Pool,0,40,0.0
2026-05-21 10:43:13,Thu,10,RPAC Cardio Canyon,4,68,5.9
2026-05-21 10:43:13,Thu,10,RPAC North Gym,13,230,5.7
2026-05-21 10:43:13,Thu,10,RPAC South Gym,3,230,1.3
2026-05-21 10:43:13,Thu,10,RPAC TWD Gym Courts 1-2,0,241,0.0
2026-05-21 10:43:13,Thu,10,RPAC TWD Gym Courts 3 - 4,0,241,0.0
2026-05-21 10:43:13,Thu,10,RPAC Upper Gym Courts 1 - 2,0,241,0.0
2026-05-21 10:43:13,Thu,10,RPAC Upper Gym Courts 3 - 4 ,0,241,0.0
2026-05-21 10:43:13,Thu,10,RPAC Weight Floor,26,125,20.8
2026-05-21 11:58:38,Thu,11,RPAC 1st Floor Fitness Balcony,12,55,21.8
2026-05-21 11:58:38,Thu,11,RPAC 2nd Floor Cardio Loft,5,37,13.5
2026-05-21 11:58:38,Thu,11,RPAC Aquatic Center - Class Pool,3,32,9.4
2026-05-21 11:58:38,Thu,11,RPAC Aquatic Center - Comp Pool,0,25,0.0
2026-05-21 11:58:38,Thu,11,RPAC Aquatic Center - Hot Tub,0,15,0.0
2026-05-21 11:58:38,Thu,11,RPAC Aquatic Center - Lap Pool,1,24,4.2
2026-05-21 11:58:38,Thu,11,RPAC Aquatic Center - Leisure Pool,0,40,0.0
2026-05-21 11:58:38,Thu,11,RPAC Cardio Canyon,4,68,5.9
2026-05-21 11:58:38,Thu,11,RPAC North Gym,13,230,5.7
2026-05-21 11:58:38,Thu,11,RPAC South Gym,3,230,1.3
2026-05-21 11:58:38,Thu,11,RPAC TWD Gym Courts 1-2,0,241,0.0
2026-05-21 11:58:38,Thu,11,RPAC TWD Gym Courts 3 - 4,0,241,0.0
2026-05-21 11:58:38,Thu,11,RPAC Upper Gym Courts 1 - 2,0,241,0.0
2026-05-21 11:58:38,Thu,11,RPAC Upper Gym Courts 3 - 4 ,0,241,0.0
2026-05-21 11:58:38,Thu,11,RPAC Weight Floor,26,125,20.8
2026-05-21 13:05:23,Thu,13,RPAC 1st Floor Fitness Balcony,12,55,21.8
2026-05-21 13:05:23,Thu,13,RPAC 2nd Floor Cardio Loft,5,37,13.5
2026-05-21 13:05:23,Thu,13,RPAC Aquatic Center - Class Pool,5,32,15.6
2026-05-21 13:05:23,Thu,13,RPAC Aquatic Center - Comp Pool,0,25,0.0
2026-05-21 13:05:23,Thu,13,RPAC Aquatic Center - Hot Tub,2,15,13.3
2026-05-21 13:05:23,Thu,13,RPAC Aquatic Center - Lap Pool,2,24,8.3
2026-05-21 13:05:23,Thu,13,RPAC Aquatic Center - Leisure Pool,0,40,0.0
2026-05-21 13:05:23,Thu,13,RPAC Cardio Canyon,4,68,5.9
2026-05-21 13:05:23,Thu,13,RPAC North Gym,13,230,5.7
2026-05-21 13:05:23,Thu,13,RPAC South Gym,3,230,1.3
2026-05-21 13:05:23,Thu,13,RPAC TWD Gym Courts 1-2,0,241,0.0
2026-05-21 13:05:23,Thu,13,RPAC TWD Gym Courts 3 - 4,0,241,0.0
2026-05-21 13:05:23,Thu,13,RPAC Upper Gym Courts 1 - 2,0,241,0.0
2026-05-21 13:05:23,Thu,13,RPAC Upper Gym Courts 3 - 4 ,0,241,0.0
2026-05-21 13:05:23,Thu,13,RPAC Weight Floor,26,125,20.8
2026-05-21 13:56:17,Thu,13,RPAC 1st Floor Fitness Balcony,12,55,21.8
2026-05-21 13:56:17,Thu,13,RPAC 2nd Floor Cardio Loft,5,37,13.5
2026-05-21 13:56:17,Thu,13,RPAC Aquatic Center - Class Pool,3,32,9.4
2026-05-21 13:56:17,Thu,13,RPAC Aquatic Center - Comp Pool,0,25,0.0
2026-05-21 13:56:17,Thu,13,RPAC Aquatic Center - Hot Tub,2,15,13.3
2026-05-21 13:56:17,Thu,13,RPAC Aquatic Center - Lap Pool,1,24,4.2
2026-05-21 13:56:17,Thu,13,RPAC Aquatic Center - Leisure Pool,0,40,0.0
2026-05-21 13:56:17,Thu,13,RPAC Cardio Canyon,4,68,5.9
2026-05-21 13:56:17,Thu,13,RPAC North Gym,13,230,5.7
2026-05-21 13:56:17,Thu,13,RPAC South Gym,3,230,1.3
2026-05-21 13:56:17,Thu,13,RPAC TWD Gym Courts 1-2,0,241,0.0
2026-05-21 13:56:17,Thu,13,RPAC TWD Gym Courts 3 - 4,0,241,0.0
2026-05-21 13:56:17,Thu,13,RPAC Upper Gym Courts 1 - 2,0,241,0.0
2026-05-21 13:56:17,Thu,13,RPAC Upper Gym Courts 3 - 4 ,0,241,0.0
2026-05-21 13:56:17,Thu,13,RPAC Weight Floor,26,125,20.8
2026-05-21 14:48:23,Thu,14,RPAC 1st Floor Fitness Balcony,12,55,21.8
2026-05-21 14:48:23,Thu,14,RPAC 2nd Floor Cardio Loft,5,37,13.5
2026-05-21 14:48:23,Thu,14,RPAC Aquatic Center - Class Pool,3,32,9.4
2026-05-21 14:48:23,Thu,14,RPAC Aquatic Center - Comp Pool,0,25,0.0
2026-05-21 14:48:23,Thu,14,RPAC Aquatic Center - Hot Tub,1,15,6.7
2026-05-21 14:48:23,Thu,14,RPAC Aquatic Center - Lap Pool,0,24,0.0
2026-05-21 14:48:23,Thu,14,RPAC Aquatic Center - Leisure Pool,0,40,0.0
2026-05-21 14:48:23,Thu,14,RPAC Cardio Canyon,4,68,5.9
2026-05-21 14:48:23,Thu,14,RPAC North Gym,13,230,5.7
2026-05-21 14:48:23,Thu,14,RPAC South Gym,3,230,1.3
2026-05-21 14:48:23,Thu,14,RPAC TWD Gym Courts 1-2,0,241,0.0
2026-05-21 14:48:23,Thu,14,RPAC TWD Gym Courts 3 - 4,0,241,0.0
2026-05-21 14:48:23,Thu,14,RPAC Upper Gym Courts 1 - 2,0,241,0.0
2026-05-21 14:48:23,Thu,14,RPAC Upper Gym Courts 3 - 4 ,0,241,0.0
2026-05-21 14:48:23,Thu,14,RPAC Weight Floor,26,125,20.8
2026-05-21 15:37:00,Thu,15,RPAC 1st Floor Fitness Balcony,12,55,21.8
2026-05-21 15:37:00,Thu,15,RPAC 2nd Floor Cardio Loft,5,37,13.5
2026-05-21 15:37:00,Thu,15,RPAC Aquatic Center - Class Pool,5,32,15.6
2026-05-21 15:37:00,Thu,15,RPAC Aquatic Center - Comp Pool,0,25,0.0
2026-05-21 15:37:00,Thu,15,RPAC Aquatic Center - Hot Tub,0,15,0.0
2026-05-21 15:37:00,Thu,15,RPAC Aquatic Center - Lap Pool,0,24,0.0
2026-05-21 15:37:00,Thu,15,RPAC Aquatic Center - Leisure Pool,0,40,0.0
2026-05-21 15:37:00,Thu,15,RPAC Cardio Canyon,4,68,5.9
2026-05-21 15:37:00,Thu,15,RPAC North Gym,13,230,5.7
2026-05-21 15:37:00,Thu,15,RPAC South Gym,3,230,1.3
2026-05-21 15:37:00,Thu,15,RPAC TWD Gym Courts 1-2,0,241,0.0
2026-05-21 15:37:00,Thu,15,RPAC TWD Gym Courts 3 - 4,0,241,0.0
2026-05-21 15:37:00,Thu,15,RPAC Upper Gym Courts 1 - 2,0,241,0.0
2026-05-21 15:37:00,Thu,15,RPAC Upper Gym Courts 3 - 4 ,0,241,0.0
2026-05-21 15:37:00,Thu,15,RPAC Weight Floor,26,125,20.8
2026-05-21 16:23:34,Thu,16,RPAC 1st Floor Fitness Balcony,12,55,21.8
2026-05-21 16:23:34,Thu,16,RPAC 2nd Floor Cardio Loft,5,37,13.5
2026-05-21 16:23:34,Thu,16,RPAC Aquatic Center - Class Pool,4,32,12.5
2026-05-21 16:23:34,Thu,16,RPAC Aquatic Center - Comp Pool,0,25,0.0
2026-05-21 16:23:34,Thu,16,RPAC Aquatic Center - Hot Tub,0,15,0.0
2026-05-21 16:23:34,Thu,16,RPAC Aquatic Center - Lap Pool,3,24,12.5
2026-05-21 16:23:34,Thu,16,RPAC Aquatic Center - Leisure Pool,0,40,0.0
2026-05-21 16:23:34,Thu,16,RPAC Cardio Canyon,4,68,5.9
2026-05-21 16:23:34,Thu,16,RPAC North Gym,13,230,5.7
2026-05-21 16:23:34,Thu,16,RPAC South Gym,3,230,1.3
2026-05-21 16:23:34,Thu,16,RPAC TWD Gym Courts 1-2,0,241,0.0
2026-05-21 16:23:34,Thu,16,RPAC TWD Gym Courts 3 - 4,0,241,0.0
2026-05-21 16:23:34,Thu,16,RPAC Upper Gym Courts 1 - 2,0,241,0.0
2026-05-21 16:23:34,Thu,16,RPAC Upper Gym Courts 3 - 4 ,0,241,0.0
2026-05-21 16:23:34,Thu,16,RPAC Weight Floor,26,125,20.8
2026-05-21 17:05:37,Thu,17,RPAC 1st Floor Fitness Balcony,12,55,21.8
2026-05-21 17:05:37,Thu,17,RPAC 2nd Floor Cardio Loft,5,37,13.5
2026-05-21 17:05:37,Thu,17,RPAC Aquatic Center - Class Pool,8,32,25.0
2026-05-21 17:05:37,Thu,17,RPAC Aquatic Center - Comp Pool,0,25,0.0
2026-05-21 17:05:37,Thu,17,RPAC Aquatic Center - Hot Tub,1,15,6.7
2026-05-21 17:05:37,Thu,17,RPAC Aquatic Center - Lap Pool,6,24,25.0
2026-05-21 17:05:37,Thu,17,RPAC Aquatic Center - Leisure Pool,11,40,27.5
2026-05-21 17:05:37,Thu,17,RPAC Cardio Canyon,4,68,5.9
2026-05-21 17:05:37,Thu,17,RPAC North Gym,13,230,5.7
2026-05-21 17:05:37,Thu,17,RPAC South Gym,3,230,1.3
2026-05-21 17:05:37,Thu,17,RPAC TWD Gym Courts 1-2,0,241,0.0
2026-05-21 17:05:37,Thu,17,RPAC TWD Gym Courts 3 - 4,0,241,0.0
2026-05-21 17:05:37,Thu,17,RPAC Upper Gym Courts 1 - 2,0,241,0.0
2026-05-21 17:05:37,Thu,17,RPAC Upper Gym Courts 3 - 4 ,0,241,0.0
2026-05-21 17:05:37,Thu,17,RPAC Weight Floor,26,125,20.8
2026-05-21 17:48:00,Thu,17,RPAC 1st Floor Fitness Balcony,12,55,21.8
2026-05-21 17:48:00,Thu,17,RPAC 2nd Floor Cardio Loft,5,37,13.5
2026-05-21 17:48:00,Thu,17,RPAC Aquatic Center - Class Pool,4,32,12.5
2026-05-21 17:48:00,Thu,17,RPAC Aquatic Center - Comp Pool,0,25,0.0
2026-05-21 17:48:00,Thu,17,RPAC Aquatic Center - Hot Tub,0,15,0.0
2026-05-21 17:48:00,Thu,17,RPAC Aquatic Center - Lap Pool,3,24,12.5
2026-05-21 17:48:00,Thu,17,RPAC Aquatic Center - Leisure Pool,6,40,15.0
2026-05-21 17:48:00,Thu,17,RPAC Cardio Canyon,4,68,5.9
2026-05-21 17:48:00,Thu,17,RPAC North Gym,13,230,5.7
2026-05-21 17:48:00,Thu,17,RPAC South Gym,3,230,1.3
2026-05-21 17:48:00,Thu,17,RPAC TWD Gym Courts 1-2,0,241,0.0
2026-05-21 17:48:00,Thu,17,RPAC TWD Gym Courts 3 - 4,0,241,0.0
2026-05-21 17:48:00,Thu,17,RPAC Upper Gym Courts 1 - 2,0,241,0.0
2026-05-21 17:48:00,Thu,17,RPAC Upper Gym Courts 3 - 4 ,0,241,0.0
2026-05-21 17:48:00,Thu,17,RPAC Weight Floor,26,125,20.8
2026-05-21 18:33:07,Thu,18,RPAC 1st Floor Fitness Balcony,12,55,21.8
2026-05-21 18:33:07,Thu,18,RPAC 2nd Floor Cardio Loft,5,37,13.5
2026-05-21 18:33:07,Thu,18,RPAC Aquatic Center - Class Pool,18,32,56.2
2026-05-21 18:33:07,Thu,18,RPAC Aquatic Center - Comp Pool,0,25,0.0
2026-05-21 18:33:07,Thu,18,RPAC Aquatic Center - Hot Tub,5,15,33.3
2026-05-21 18:33:07,Thu,18,RPAC Aquatic Center - Lap Pool,8,24,33.3
2026-05-21 18:33:07,Thu,18,RPAC Aquatic Center - Leisure Pool,6,40,15.0
2026-05-21 18:33:07,Thu,18,RPAC Cardio Canyon,4,68,5.9
2026-05-21 18:33:07,Thu,18,RPAC North Gym,13,230,5.7
2026-05-21 18:33:07,Thu,18,RPAC South Gym,3,230,1.3
2026-05-21 18:33:07,Thu,18,RPAC TWD Gym Courts 1-2,0,241,0.0
2026-05-21 18:33:07,Thu,18,RPAC TWD Gym Courts 3 - 4,0,241,0.0
2026-05-21 18:33:07,Thu,18,RPAC Upper Gym Courts 1 - 2,0,241,0.0
2026-05-21 18:33:07,Thu,18,RPAC Upper Gym Courts 3 - 4 ,0,241,0.0
2026-05-21 18:33:07,Thu,18,RPAC Weight Floor,26,125,20.8
2026-05-21 19:09:18,Thu,19,RPAC 1st Floor Fitness Balcony,12,55,21.8
2026-05-21 19:09:18,Thu,19,RPAC 2nd Floor Cardio Loft,5,37,13.5
2026-05-21 19:09:18,Thu,19,RPAC Aquatic Center - Class Pool,0,32,0.0
2026-05-21 19:09:18,Thu,19,RPAC Aquatic Center - Comp Pool,0,25,0.0
2026-05-21 19:09:18,Thu,19,RPAC Aquatic Center - Hot Tub,0,15,0.0
2026-05-21 19:09:18,Thu,19,RPAC Aquatic Center - Lap Pool,0,24,0.0
2026-05-21 19:09:18,Thu,19,RPAC Aquatic Center - Leisure Pool,0,40,0.0
2026-05-21 19:09:18,Thu,19,RPAC Cardio Canyon,4,68,5.9
2026-05-21 19:09:18,Thu,19,RPAC North Gym,13,230,5.7
2026-05-21 19:09:18,Thu,19,RPAC South Gym,3,230,1.3
2026-05-21 19:09:18,Thu,19,RPAC TWD Gym Courts 1-2,0,241,0.0
2026-05-21 19:09:18,Thu,19,RPAC TWD Gym Courts 3 - 4,0,241,0.0
2026-05-21 19:09:18,Thu,19,RPAC Upper Gym Courts 1 - 2,0,241,0.0
2026-05-21 19:09:18,Thu,19,RPAC Upper Gym Courts 3 - 4 ,0,241,0.0
2026-05-21 19:09:18,Thu,19,RPAC Weight Floor,26,125,20.8
2026-05-21 19:36:59,Thu,19,RPAC 1st Floor Fitness Balcony,12,55,21.8
2026-05-21 19:36:59,Thu,19,RPAC 2nd Floor Cardio Loft,5,37,13.5
2026-05-21 19:36:59,Thu,19,RPAC Aquatic Center - Class Pool,0,32,0.0
2026-05-21 19:36:59,Thu,19,RPAC Aquatic Center - Comp Pool,0,25,0.0
2026-05-21 19:36:59,Thu,19,RPAC Aquatic Center - Hot Tub,0,15,0.0
2026-05-21 19:36:59,Thu,19,RPAC Aquatic Center - Lap Pool,0,24,0.0
2026-05-21 19:36:59,Thu,19,RPAC Aquatic Center - Leisure Pool,0,40,0.0
2026-05-21 19:36:59,Thu,19,RPAC Cardio Canyon,4,68,5.9
2026-05-21 19:36:59,Thu,19,RPAC North Gym,13,230,5.7
2026-05-21 19:36:59,Thu,19,RPAC South Gym,3,230,1.3
2026-05-21 19:36:59,Thu,19,RPAC TWD Gym Courts 1-2,0,241,0.0
2026-05-21 19:36:59,Thu,19,RPAC TWD Gym Courts 3 - 4,0,241,0.0
2026-05-21 19:36:59,Thu,19,RPAC Upper Gym Courts 1 - 2,0,241,0.0
2026-05-21 19:36:59,Thu,19,RPAC Upper Gym Courts 3 - 4 ,0,241,0.0
2026-05-21 19:36:59,Thu,19,RPAC Weight Floor,26,125,20.8
2026-05-21 20:09:21,Thu,20,RPAC 1st Floor Fitness Balcony,12,55,21.8
2026-05-21 20:09:21,Thu,20,RPAC 2nd Floor Cardio Loft,5,37,13.5
2026-05-21 20:09:21,Thu,20,RPAC Aquatic Center - Class Pool,0,32,0.0
2026-05-21 20:09:21,Thu,20,RPAC Aquatic Center - Comp Pool,0,25,0.0
2026-05-21 20:09:21,Thu,20,RPAC Aquatic Center - Hot Tub,0,15,0.0
2026-05-21 20:09:21,Thu,20,RPAC Aquatic Center - Lap Pool,0,24,0.0
2026-05-21 20:09:21,Thu,20,RPAC Aquatic Center - Leisure Pool,0,40,0.0
2026-05-21 20:09:21,Thu,20,RPAC Cardio Canyon,4,68,5.9
2026-05-21 20:09:21,Thu,20,RPAC North Gym,13,230,5.7
2026-05-21 20:09:21,Thu,20,RPAC South Gym,3,230,1.3
2026-05-21 20:09:21,Thu,20,RPAC TWD Gym Courts 1-2,0,241,0.0
2026-05-21 20:09:21,Thu,20,RPAC TWD Gym Courts 3 - 4,0,241,0.0
2026-05-21 20:09:21,Thu,20,RPAC Upper Gym Courts 1 - 2,0,241,0.0
2026-05-21 20:09:21,Thu,20,RPAC Upper Gym Courts 3 - 4 ,0,241,0.0
2026-05-21 20:09:21,Thu,20,RPAC Weight Floor,26,125,20.8
2026-05-21 21:18:35,Thu,21,RPAC 1st Floor Fitness Balcony,12,55,21.8
2026-05-21 21:18:35,Thu,21,RPAC 2nd Floor Cardio Loft,5,37,13.5
2026-05-21 21:18:35,Thu,21,RPAC Aquatic Center - Class Pool,0,32,0.0
2026-05-21 21:18:35,Thu,21,RPAC Aquatic Center - Comp Pool,0,25,0.0
2026-05-21 21:18:35,Thu,21,RPAC Aquatic Center - Hot Tub,0,15,0.0
2026-05-21 21:18:35,Thu,21,RPAC Aquatic Center - Lap Pool,0,24,0.0
2026-05-21 21:18:35,Thu,21,RPAC Aquatic Center - Leisure Pool,0,40,0.0
2026-05-21 21:18:35,Thu,21,RPAC Cardio Canyon,4,68,5.9
2026-05-21 21:18:35,Thu,21,RPAC North Gym,13,230,5.7
2026-05-21 21:18:35,Thu,21,RPAC South Gym,3,230,1.3
2026-05-21 21:18:35,Thu,21,RPAC TWD Gym Courts 1-2,0,241,0.0
2026-05-21 21:18:35,Thu,21,RPAC TWD Gym Courts 3 - 4,0,241,0.0
2026-05-21 21:18:35,Thu,21,RPAC Upper Gym Courts 1 - 2,0,241,0.0
2026-05-21 21:18:35,Thu,21,RPAC Upper Gym Courts 3 - 4 ,0,241,0.0
2026-05-21 21:18:35,Thu,21,RPAC Weight Floor,26,125,20.8
2026-05-21 22:23:35,Thu,22,RPAC 1st Floor Fitness Balcony,12,55,21.8
2026-05-21 22:23:35,Thu,22,RPAC 2nd Floor Cardio Loft,5,37,13.5
2026-05-21 22:23:35,Thu,22,RPAC Aquatic Center - Class Pool,0,32,0.0
2026-05-21 22:23:35,Thu,22,RPAC Aquatic Center - Comp Pool,0,25,0.0
2026-05-21 22:23:35,Thu,22,RPAC Aquatic Center - Hot Tub,0,15,0.0
2026-05-21 22:23:35,Thu,22,RPAC Aquatic Center - Lap Pool,0,24,0.0
2026-05-21 22:23:35,Thu,22,RPAC Aquatic Center - Leisure Pool,0,40,0.0
2026-05-21 22:23:35,Thu,22,RPAC Cardio Canyon,4,68,5.9
2026-05-21 22:23:35,Thu,22,RPAC North Gym,13,230,5.7
2026-05-21 22:23:35,Thu,22,RPAC South Gym,3,230,1.3
2026-05-21 22:23:35,Thu,22,RPAC TWD Gym Courts 1-2,0,241,0.0
2026-05-21 22:23:35,Thu,22,RPAC TWD Gym Courts 3 - 4,0,241,0.0
2026-05-21 22:23:35,Thu,22,RPAC Upper Gym Courts 1 - 2,0,241,0.0
2026-05-21 22:23:35,Thu,22,RPAC Upper Gym Courts 3 - 4 ,0,241,0.0
2026-05-21 22:23:35,Thu,22,RPAC Weight Floor,26,125,20.8
2026-05-21 23:47:43,Thu,23,RPAC 1st Floor Fitness Balcony,12,55,21.8
2026-05-21 23:47:43,Thu,23,RPAC 2nd Floor Cardio Loft,5,37,13.5
2026-05-21 23:47:43,Thu,23,RPAC Aquatic Center - Class Pool,0,32,0.0
2026-05-21 23:47:43,Thu,23,RPAC Aquatic Center - Comp Pool,0,25,0.0
2026-05-21 23:47:43,Thu,23,RPAC Aquatic Center - Hot Tub,0,15,0.0
2026-05-21 23:47:43,Thu,23,RPAC Aquatic Center - Lap Pool,0,24,0.0
2026-05-21 23:47:43,Thu,23,RPAC Aquatic Center - Leisure Pool,0,40,0.0
2026-05-21 23:47:43,Thu,23,RPAC Cardio Canyon,4,68,5.9
2026-05-21 23:47:43,Thu,23,RPAC North Gym,13,230,5.7
2026-05-21 23:47:43,Thu,23,RPAC South Gym,3,230,1.3
2026-05-21 23:47:43,Thu,23,RPAC TWD Gym Courts 1-2,0,241,0.0
2026-05-21 23:47:43,Thu,23,RPAC TWD Gym Courts 3 - 4,0,241,0.0
2026-05-21 23:47:43,Thu,23,RPAC Upper Gym Courts 1 - 2,0,241,0.0
2026-05-21 23:47:43,Thu,23,RPAC Upper Gym Courts 3 - 4 ,0,241,0.0
2026-05-21 23:47:43,Thu,23,RPAC Weight Floor,26,125,20.8
2026-05-22 01:27:23,Fri,1,RPAC 1st Floor Fitness Balcony,12,55,21.8
2026-05-22 01:27:23,Fri,1,RPAC 2nd Floor Cardio Loft,5,37,13.5
2026-05-22 01:27:23,Fri,1,RPAC Aquatic Center - Class Pool,0,32,0.0
2026-05-22 01:27:23,Fri,1,RPAC Aquatic Center - Comp Pool,0,25,0.0
2026-05-22 01:27:23,Fri,1,RPAC Aquatic Center - Hot Tub,0,15,0.0
2026-05-22 01:27:23,Fri,1,RPAC Aquatic Center - Lap Pool,0,24,0.0
2026-05-22 01:27:23,Fri,1,RPAC Aquatic Center - Leisure Pool,0,40,0.0
2026-05-22 01:27:23,Fri,1,RPAC Cardio Canyon,4,68,5.9
2026-05-22 01:27:23,Fri,1,RPAC North Gym,13,230,5.7
2026-05-22 01:27:23,Fri,1,RPAC South Gym,3,230,1.3
2026-05-22 01:27:23,Fri,1,RPAC TWD Gym Courts 1-2,0,241,0.0
2026-05-22 01:27:23,Fri,1,RPAC TWD Gym Courts 3 - 4,0,241,0.0
2026-05-22 01:27:23,Fri,1,RPAC Upper Gym Courts 1 - 2,0,241,0.0
2026-05-22 01:27:23,Fri,1,RPAC Upper Gym Courts 3 - 4 ,0,241,0.0
2026-05-22 01:27:23,Fri,1,RPAC Weight Floor,26,125,20.8
2026-05-22 02:51:07,Fri,2,RPAC 1st Floor Fitness Balcony,12,55,21.8
2026-05-22 02:51:07,Fri,2,RPAC 2nd Floor Cardio Loft,5,37,13.5
2026-05-22 02:51:07,Fri,2,RPAC Aquatic Center - Class Pool,0,32,0.0
2026-05-22 02:51:07,Fri,2,RPAC Aquatic Center - Comp Pool,0,25,0.0
2026-05-22 02:51:07,Fri,2,RPAC Aquatic Center - Hot Tub,0,15,0.0
2026-05-22 02:51:07,Fri,2,RPAC Aquatic Center - Lap Pool,0,24,0.0
2026-05-22 02:51:07,Fri,2,RPAC Aquatic Center - Leisure Pool,0,40,0.0
2026-05-22 02:51:07,Fri,2,RPAC Cardio Canyon,4,68,5.9
2026-05-22 02:51:07,Fri,2,RPAC North Gym,13,230,5.7
2026-05-22 02:51:07,Fri,2,RPAC South Gym,3,230,1.3
2026-05-22 02:51:07,Fri,2,RPAC TWD Gym Courts 1-2,0,241,0.0
2026-05-22 02:51:07,Fri,2,RPAC TWD Gym Courts 3 - 4,0,241,0.0
2026-05-22 02:51:07,Fri,2,RPAC Upper Gym Courts 1 - 2,0,241,0.0
2026-05-22 02:51:07,Fri,2,RPAC Upper Gym Courts 3 - 4 ,0,241,0.0
2026-05-22 02:51:07,Fri,2,RPAC Weight Floor,26,125,20.8
2026-05-22 04:11:12,Fri,4,RPAC 1st Floor Fitness Balcony,12,55,21.8
2026-05-22 04:11:12,Fri,4,RPAC 2nd Floor Cardio Loft,5,37,13.5
2026-05-22 04:11:12,Fri,4,RPAC Aquatic Center - Class Pool,0,32,0.0
2026-05-22 04:11:12,Fri,4,RPAC Aquatic Center - Comp Pool,0,25,0.0
2026-05-22 04:11:12,Fri,4,RPAC Aquatic Center - Hot Tub,0,15,0.0
2026-05-22 04:11:12,Fri,4,RPAC Aquatic Center - Lap Pool,0,24,0.0
2026-05-22 04:11:12,Fri,4,RPAC Aquatic Center - Leisure Pool,0,40,0.0
2026-05-22 04:11:12,Fri,4,RPAC Cardio Canyon,4,68,5.9
2026-05-22 04:11:12,Fri,4,RPAC North Gym,13,230,5.7
2026-05-22 04:11:12,Fri,4,RPAC South Gym,3,230,1.3
2026-05-22 04:11:12,Fri,4,RPAC TWD Gym Courts 1-2,0,241,0.0
2026-05-22 04:11:12,Fri,4,RPAC TWD Gym Courts 3 - 4,0,241,0.0
2026-05-22 04:11:12,Fri,4,RPAC Upper Gym Courts 1 - 2,0,241,0.0
2026-05-22 04:11:12,Fri,4,RPAC Upper Gym Courts 3 - 4 ,0,241,0.0
2026-05-22 04:11:12,Fri,4,RPAC Weight Floor,26,125,20.8
2026-05-22 05:27:10,Fri,5,RPAC 1st Floor Fitness Balcony,12,55,21.8
2026-05-22 05:27:10,Fri,5,RPAC 2nd Floor Cardio Loft,5,37,13.5
2026-05-22 05:27:10,Fri,5,RPAC Aquatic Center - Class Pool,0,32,0.0
2026-05-22 05:27:10,Fri,5,RPAC Aquatic Center - Comp Pool,0,25,0.0
2026-05-22 05:27:10,Fri,5,RPAC Aquatic Center - Hot Tub,0,15,0.0
2026-05-22 05:27:10,Fri,5,RPAC Aquatic Center - Lap Pool,0,24,0.0
2026-05-22 05:27:10,Fri,5,RPAC Aquatic Center - Leisure Pool,0,40,0.0
2026-05-22 05:27:10,Fri,5,RPAC Cardio Canyon,4,68,5.9
2026-05-22 05:27:10,Fri,5,RPAC North Gym,13,230,5.7
2026-05-22 05:27:10,Fri,5,RPAC South Gym,3,230,1.3
2026-05-22 05:27:10,Fri,5,RPAC TWD Gym Courts 1-2,0,241,0.0
2026-05-22 05:27:10,Fri,5,RPAC TWD Gym Courts 3 - 4,0,241,0.0
2026-05-22 05:27:10,Fri,5,RPAC Upper Gym Courts 1 - 2,0,241,0.0
2026-05-22 05:27:10,Fri,5,RPAC Upper Gym Courts 3 - 4 ,0,241,0.0
2026-05-22 05:27:10,Fri,5,RPAC Weight Floor,26,125,20.8
2026-05-22 06:34:27,Fri,6,RPAC 1st Floor Fitness Balcony,12,55,21.8
2026-05-22 06:34:27,Fri,6,RPAC 2nd Floor Cardio Loft,5,37,13.5
2026-05-22 06:34:27,Fri,6,RPAC Aquatic Center - Class Pool,4,32,12.5
2026-05-22 06:34:27,Fri,6,RPAC Aquatic Center - Comp Pool,0,25,0.0
2026-05-22 06:34:27,Fri,6,RPAC Aquatic Center - Hot Tub,1,15,6.7
2026-05-22 06:34:27,Fri,6,RPAC Aquatic Center - Lap Pool,3,24,12.5
2026-05-22 06:34:27,Fri,6,RPAC Aquatic Center - Leisure Pool,0,40,0.0
2026-05-22 06:34:27,Fri,6,RPAC Cardio Canyon,4,68,5.9
2026-05-22 06:34:27,Fri,6,RPAC North Gym,13,230,5.7
2026-05-22 06:34:27,Fri,6,RPAC South Gym,3,230,1.3
2026-05-22 06:34:27,Fri,6,RPAC TWD Gym Courts 1-2,0,241,0.0
2026-05-22 06:34:27,Fri,6,RPAC TWD Gym Courts 3 - 4,0,241,0.0
2026-05-22 06:34:27,Fri,6,RPAC Upper Gym Courts 1 - 2,0,241,0.0
2026-05-22 06:34:27,Fri,6,RPAC Upper Gym Courts 3 - 4 ,0,241,0.0
2026-05-22 06:34:27,Fri,6,RPAC Weight Floor,26,125,20.8
2026-05-22 07:41:27,Fri,7,RPAC 1st Floor Fitness Balcony,12,55,21.8
2026-05-22 07:41:27,Fri,7,RPAC 2nd Floor Cardio Loft,5,37,13.5
2026-05-22 07:41:27,Fri,7,RPAC Aquatic Center - Class Pool,3,32,9.4
2026-05-22 07:41:27,Fri,7,RPAC Aquatic Center - Comp Pool,0,25,0.0
2026-05-22 07:41:27,Fri,7,RPAC Aquatic Center - Hot Tub,0,15,0.0
2026-05-22 07:41:27,Fri,7,RPAC Aquatic Center - Lap Pool,4,24,16.7
2026-05-22 07:41:27,Fri,7,RPAC Aquatic Center - Leisure Pool,0,40,0.0
2026-05-22 07:41:27,Fri,7,RPAC Cardio Canyon,4,68,5.9
2026-05-22 07:41:27,Fri,7,RPAC North Gym,13,230,5.7
2026-05-22 07:41:27,Fri,7,RPAC South Gym,3,230,1.3
2026-05-22 07:41:27,Fri,7,RPAC TWD Gym Courts 1-2,0,241,0.0
2026-05-22 07:41:27,Fri,7,RPAC TWD Gym Courts 3 - 4,0,241,0.0
2026-05-22 07:41:27,Fri,7,RPAC Upper Gym Courts 1 - 2,0,241,0.0
2026-05-22 07:41:27,Fri,7,RPAC Upper Gym Courts 3 - 4 ,0,241,0.0
2026-05-22 07:41:27,Fri,7,RPAC Weight Floor,26,125,20.8
2026-05-22 08:34:48,Fri,8,RPAC 1st Floor Fitness Balcony,12,55,21.8
2026-05-22 08:34:48,Fri,8,RPAC 2nd Floor Cardio Loft,5,37,13.5
2026-05-22 08:34:48,Fri,8,RPAC Aquatic Center - Class Pool,2,32,6.2
2026-05-22 08:34:48,Fri,8,RPAC Aquatic Center - Comp Pool,0,25,0.0
2026-05-22 08:34:48,Fri,8,RPAC Aquatic Center - Hot Tub,0,15,0.0
2026-05-22 08:34:48,Fri,8,RPAC Aquatic Center - Lap Pool,2,24,8.3
2026-05-22 08:34:48,Fri,8,RPAC Aquatic Center - Leisure Pool,0,40,0.0
2026-05-22 08:34:48,Fri,8,RPAC Cardio Canyon,4,68,5.9
2026-05-22 08:34:48,Fri,8,RPAC North Gym,13,230,5.7
2026-05-22 08:34:48,Fri,8,RPAC South Gym,3,230,1.3
2026-05-22 08:34:48,Fri,8,RPAC TWD Gym Courts 1-2,0,241,0.0
2026-05-22 08:34:48,Fri,8,RPAC TWD Gym Courts 3 - 4,0,241,0.0
2026-05-22 08:34:48,Fri,8,RPAC Upper Gym Courts 1 - 2,0,241,0.0
2026-05-22 08:34:48,Fri,8,RPAC Upper Gym Courts 3 - 4 ,0,241,0.0
2026-05-22 08:34:48,Fri,8,RPAC Weight Floor,26,125,20.8
2026-05-22 09:36:16,Fri,9,RPAC 1st Floor Fitness Balcony,12,55,21.8
2026-05-22 09:36:16,Fri,9,RPAC 2nd Floor Cardio Loft,5,37,13.5
2026-05-22 09:36:16,Fri,9,RPAC Aquatic Center - Class Pool,2,32,6.2
2026-05-22 09:36:16,Fri,9,RPAC Aquatic Center - Comp Pool,0,25,0.0
2026-05-22 09:36:16,Fri,9,RPAC Aquatic Center - Hot Tub,2,15,13.3
2026-05-22 09:36:16,Fri,9,RPAC Aquatic Center - Lap Pool,2,24,8.3
2026-05-22 09:36:16,Fri,9,RPAC Aquatic Center - Leisure Pool,0,40,0.0
2026-05-22 09:36:16,Fri,9,RPAC Cardio Canyon,4,68,5.9
2026-05-22 09:36:16,Fri,9,RPAC North Gym,13,230,5.7
2026-05-22 09:36:16,Fri,9,RPAC South Gym,3,230,1.3
2026-05-22 09:36:16,Fri,9,RPAC TWD Gym Courts 1-2,0,241,0.0
2026-05-22 09:36:16,Fri,9,RPAC TWD Gym Courts 3 - 4,0,241,0.0
2026-05-22 09:36:16,Fri,9,RPAC Upper Gym Courts 1 - 2,0,241,0.0
2026-05-22 09:36:16,Fri,9,RPAC Upper Gym Courts 3 - 4 ,0,241,0.0
2026-05-22 09:36:16,Fri,9,RPAC Weight Floor,26,125,20.8
2026-05-22 10:40:39,Fri,10,RPAC 1st Floor Fitness Balcony,12,55,21.8
2026-05-22 10:40:39,Fri,10,RPAC 2nd Floor Cardio Loft,5,37,13.5
2026-05-22 10:40:39,Fri,10,RPAC Aquatic Center - Class Pool,2,32,6.2
2026-05-22 10:40:39,Fri,10,RPAC Aquatic Center - Comp Pool,0,25,0.0
2026-05-22 10:40:39,Fri,10,RPAC Aquatic Center - Hot Tub,2,15,13.3
2026-05-22 10:40:39,Fri,10,RPAC Aquatic Center - Lap Pool,3,24,12.5
2026-05-22 10:40:39,Fri,10,RPAC Aquatic Center - Leisure Pool,0,40,0.0
2026-05-22 10:40:39,Fri,10,RPAC Cardio Canyon,4,68,5.9
2026-05-22 10:40:39,Fri,10,RPAC North Gym,13,230,5.7
2026-05-22 10:40:39,Fri,10,RPAC South Gym,3,230,1.3
2026-05-22 10:40:39,Fri,10,RPAC TWD Gym Courts 1-2,0,241,0.0
2026-05-22 10:40:39,Fri,10,RPAC TWD Gym Courts 3 - 4,0,241,0.0
2026-05-22 10:40:39,Fri,10,RPAC Upper Gym Courts 1 - 2,0,241,0.0
2026-05-22 10:40:39,Fri,10,RPAC Upper Gym Courts 3 - 4 ,0,241,0.0
2026-05-22 10:40:39,Fri,10,RPAC Weight Floor,26,125,20.8
2026-05-22 11:43:43,Fri,11,RPAC 1st Floor Fitness Balcony,12,55,21.8
2026-05-22 11:43:43,Fri,11,RPAC 2nd Floor Cardio Loft,5,37,13.5
2026-05-22 11:43:43,Fri,11,RPAC Aquatic Center - Class Pool,1,32,3.1
2026-05-22 11:43:43,Fri,11,RPAC Aquatic Center - Comp Pool,0,25,0.0
2026-05-22 11:43:43,Fri,11,RPAC Aquatic Center - Hot Tub,1,15,6.7
2026-05-22 11:43:43,Fri,11,RPAC Aquatic Center - Lap Pool,4,24,16.7
2026-05-22 11:43:43,Fri,11,RPAC Aquatic Center - Leisure Pool,0,40,0.0
2026-05-22 11:43:43,Fri,11,RPAC Cardio Canyon,4,68,5.9
2026-05-22 11:43:43,Fri,11,RPAC North Gym,13,230,5.7
2026-05-22 11:43:43,Fri,11,RPAC South Gym,3,230,1.3
2026-05-22 11:43:43,Fri,11,RPAC TWD Gym Courts 1-2,0,241,0.0
2026-05-22 11:43:43,Fri,11,RPAC TWD Gym Courts 3 - 4,0,241,0.0
2026-05-22 11:43:43,Fri,11,RPAC Upper Gym Courts 1 - 2,0,241,0.0
2026-05-22 11:43:43,Fri,11,RPAC Upper Gym Courts 3 - 4 ,0,241,0.0
2026-05-22 11:43:43,Fri,11,RPAC Weight Floor,26,125,20.8
2026-05-22 12:37:47,Fri,12,RPAC 1st Floor Fitness Balcony,12,55,21.8
2026-05-22 12:37:47,Fri,12,RPAC 2nd Floor Cardio Loft,5,37,13.5
2026-05-22 12:37:47,Fri,12,RPAC Aquatic Center - Class Pool,3,32,9.4
2026-05-22 12:37:47,Fri,12,RPAC Aquatic Center - Comp Pool,0,25,0.0
2026-05-22 12:37:47,Fri,12,RPAC Aquatic Center - Hot Tub,0,15,0.0
2026-05-22 12:37:47,Fri,12,RPAC Aquatic Center - Lap Pool,5,24,20.8
2026-05-22 12:37:47,Fri,12,RPAC Aquatic Center - Leisure Pool,0,40,0.0
2026-05-22 12:37:47,Fri,12,RPAC Cardio Canyon,4,68,5.9
2026-05-22 12:37:47,Fri,12,RPAC North Gym,13,230,5.7
2026-05-22 12:37:47,Fri,12,RPAC South Gym,3,230,1.3
2026-05-22 12:37:47,Fri,12,RPAC TWD Gym Courts 1-2,0,241,0.0
2026-05-22 12:37:47,Fri,12,RPAC TWD Gym Courts 3 - 4,0,241,0.0
2026-05-22 12:37:47,Fri,12,RPAC Upper Gym Courts 1 - 2,0,241,0.0
2026-05-22 12:37:47,Fri,12,RPAC Upper Gym Courts 3 - 4 ,0,241,0.0
2026-05-22 12:37:47,Fri,12,RPAC Weight Floor,26,125,20.8
2026-05-22 13:24:44,Fri,13,RPAC 1st Floor Fitness Balcony,12,55,21.8
2026-05-22 13:24:44,Fri,13,RPAC 2nd Floor Cardio Loft,5,37,13.5
2026-05-22 13:24:44,Fri,13,RPAC Aquatic Center - Class Pool,1,32,3.1
2026-05-22 13:24:44,Fri,13,RPAC Aquatic Center - Comp Pool,0,25,0.0
2026-05-22 13:24:44,Fri,13,RPAC Aquatic Center - Hot Tub,2,15,13.3
2026-05-22 13:24:44,Fri,13,RPAC Aquatic Center - Lap Pool,3,24,12.5
2026-05-22 13:24:44,Fri,13,RPAC Aquatic Center - Leisure Pool,0,40,0.0
2026-05-22 13:24:44,Fri,13,RPAC Cardio Canyon,4,68,5.9
2026-05-22 13:24:44,Fri,13,RPAC North Gym,13,230,5.7
2026-05-22 13:24:44,Fri,13,RPAC South Gym,3,230,1.3
2026-05-22 13:24:44,Fri,13,RPAC TWD Gym Courts 1-2,0,241,0.0
2026-05-22 13:24:44,Fri,13,RPAC TWD Gym Courts 3 - 4,0,241,0.0
2026-05-22 13:24:44,Fri,13,RPAC Upper Gym Courts 1 - 2,0,241,0.0
2026-05-22 13:24:44,Fri,13,RPAC Upper Gym Courts 3 - 4 ,0,241,0.0
2026-05-22 13:24:44,Fri,13,RPAC Weight Floor,26,125,20.8
2026-05-22 14:11:42,Fri,14,RPAC 1st Floor Fitness Balcony,12,55,21.8
2026-05-22 14:11:42,Fri,14,RPAC 2nd Floor Cardio Loft,5,37,13.5
2026-05-22 14:11:42,Fri,14,RPAC Aquatic Center - Class Pool,1,32,3.1
2026-05-22 14:11:42,Fri,14,RPAC Aquatic Center - Comp Pool,0,25,0.0
2026-05-22 14:11:42,Fri,14,RPAC Aquatic Center - Hot Tub,4,15,26.7
2026-05-22 14:11:42,Fri,14,RPAC Aquatic Center - Lap Pool,2,24,8.3
2026-05-22 14:11:42,Fri,14,RPAC Aquatic Center - Leisure Pool,0,40,0.0
2026-05-22 14:11:42,Fri,14,RPAC Cardio Canyon,4,68,5.9
2026-05-22 14:11:42,Fri,14,RPAC North Gym,13,230,5.7
2026-05-22 14:11:42,Fri,14,RPAC South Gym,3,230,1.3
2026-05-22 14:11:42,Fri,14,RPAC TWD Gym Courts 1-2,0,241,0.0
2026-05-22 14:11:42,Fri,14,RPAC TWD Gym Courts 3 - 4,0,241,0.0
2026-05-22 14:11:42,Fri,14,RPAC Upper Gym Courts 1 - 2,0,241,0.0
2026-05-22 14:11:42,Fri,14,RPAC Upper Gym Courts 3 - 4 ,0,241,0.0
2026-05-22 14:11:42,Fri,14,RPAC Weight Floor,26,125,20.8
2026-05-22 14:56:53,Fri,14,RPAC 1st Floor Fitness Balcony,12,55,21.8
2026-05-22 14:56:53,Fri,14,RPAC 2nd Floor Cardio Loft,5,37,13.5
2026-05-22 14:56:53,Fri,14,RPAC Aquatic Center - Class Pool,2,32,6.2
2026-05-22 14:56:53,Fri,14,RPAC Aquatic Center - Comp Pool,0,25,0.0
2026-05-22 14:56:53,Fri,14,RPAC Aquatic Center - Hot Tub,1,15,6.7
2026-05-22 14:56:53,Fri,14,RPAC Aquatic Center - Lap Pool,7,24,29.2
2026-05-22 14:56:53,Fri,14,RPAC Aquatic Center - Leisure Pool,0,40,0.0
2026-05-22 14:56:53,Fri,14,RPAC Cardio Canyon,4,68,5.9
2026-05-22 14:56:53,Fri,14,RPAC North Gym,13,230,5.7
2026-05-22 14:56:53,Fri,14,RPAC South Gym,3,230,1.3
2026-05-22 14:56:53,Fri,14,RPAC TWD Gym Courts 1-2,0,241,0.0
2026-05-22 14:56:53,Fri,14,RPAC TWD Gym Courts 3 - 4,0,241,0.0
2026-05-22 14:56:53,Fri,14,RPAC Upper Gym Courts 1 - 2,0,241,0.0
2026-05-22 14:56:53,Fri,14,RPAC Upper Gym Courts 3 - 4 ,0,241,0.0
2026-05-22 14:56:53,Fri,14,RPAC Weight Floor,26,125,20.8
